数据ID,评分
TEST_23270,5
TEST_29229,5
TEST_5150,5
TEST_20801,5
TEST_9812,5
TEST_1271,5
TEST_7475,5
TEST_10164,5
TEST_6870,5
TEST_29882,5
TEST_6254,5
TEST_12822,5
TEST_19523,5
TEST_2669,5
TEST_9657,5
TEST_13125,5
TEST_23920,5
TEST_16272,5
TEST_28669,5
TEST_2836,5
TEST_23074,5
TEST_7176,5
TEST_20057,5
TEST_7515,5
TEST_3589,5
TEST_10599,5
TEST_11583,5
TEST_12583,5
TEST_27128,5
TEST_12413,5
TEST_13781,5
TEST_4572,5
TEST_2985,5
TEST_8599,5
TEST_29179,5
TEST_20146,5
TEST_29815,5
TEST_3721,5
TEST_21654,5
TEST_29143,5
TEST_20303,5
TEST_23525,5
TEST_19098,5
TEST_17558,5
TEST_23829,5
TEST_8654,5
TEST_6389,5
TEST_16890,5
TEST_20970,5
TEST_27497,5
TEST_10838,5
TEST_27401,5
TEST_3370,5
TEST_20258,5
TEST_14310,5
TEST_24829,5
TEST_6524,5
TEST_11781,5
TEST_11450,5
TEST_16769,5
TEST_3469,5
TEST_14077,5
TEST_27935,5
TEST_105,5
TEST_9869,5
TEST_2623,5
TEST_18279,5
TEST_8480,5
TEST_9202,5
TEST_16953,5
TEST_460,5
TEST_10887,5
TEST_9902,5
TEST_25543,5
TEST_27793,5
TEST_25704,5
TEST_1132,5
TEST_6959,5
TEST_29040,5
TEST_17625,5
TEST_23549,5
TEST_25185,5
TEST_15835,5
TEST_26298,5
TEST_20120,5
TEST_2913,5
TEST_11920,5
TEST_15822,5
TEST_13913,5
TEST_13024,5
TEST_23459,5
TEST_4496,5
TEST_18604,5
TEST_21026,5
TEST_3389,5
TEST_20751,5
TEST_26963,5
TEST_828,5
TEST_27473,5
TEST_20471,5
TEST_13280,5
TEST_1633,5
TEST_15070,5
TEST_11801,5
TEST_20075,5
TEST_17635,5
TEST_882,5
TEST_2980,5
TEST_3502,5
TEST_505,5
TEST_22779,5
TEST_2658,5
TEST_1758,5
TEST_51,5
TEST_6377,5
TEST_9473,5
TEST_283,5
TEST_13183,5
TEST_12210,5
TEST_20884,5
TEST_4976,5
TEST_12062,5
TEST_3727,5
TEST_216,5
TEST_28627,5
TEST_1867,5
TEST_17934,5
TEST_23345,5
TEST_5574,5
TEST_12287,5
TEST_3785,5
TEST_11307,5
TEST_5549,5
TEST_6054,5
TEST_23816,5
TEST_14140,5
TEST_18036,5
TEST_13698,5
TEST_14785,5
TEST_1475,5
TEST_624,5
TEST_17363,5
TEST_2474,5
TEST_3362,5
TEST_1665,5
TEST_10179,5
TEST_603,5
TEST_9191,5
TEST_1341,5
TEST_17975,5
TEST_23916,5
TEST_23150,5
TEST_4111,5
TEST_25156,5
TEST_9314,5
TEST_25486,5
TEST_20671,5
TEST_11359,5
TEST_322,5
TEST_25897,5
TEST_1949,5
TEST_28207,5
TEST_10084,5
TEST_21206,5
TEST_18205,5
TEST_11855,5
TEST_22795,5
TEST_21421,5
TEST_29366,5
TEST_27206,5
TEST_6789,5
TEST_3306,5
TEST_9061,5
TEST_121,5
TEST_26411,5
TEST_1889,5
TEST_13148,5
TEST_18133,5
TEST_892,5
TEST_18505,5
TEST_17306,5
TEST_16955,5
TEST_5583,5
TEST_4990,5
TEST_4717,5
TEST_15929,5
TEST_0,5
TEST_12705,5
TEST_21982,5
TEST_26477,5
TEST_22018,5
TEST_20516,5
TEST_5237,5
TEST_23979,5
TEST_20086,5
TEST_4870,5
TEST_9301,5
TEST_2331,5
TEST_18744,5
TEST_3417,5
TEST_19102,5
TEST_15111,5
TEST_27300,5
TEST_3559,5
TEST_8574,5
TEST_208,5
TEST_13642,5
TEST_6121,5
TEST_14611,5
TEST_10657,5
TEST_21306,5
TEST_19543,5
TEST_3057,5
TEST_21161,5
TEST_9186,5
TEST_9051,5
TEST_24065,5
TEST_9748,5
TEST_25822,5
TEST_4759,5
TEST_22151,5
TEST_1243,5
TEST_22068,5
TEST_3078,5
TEST_23265,5
TEST_9371,5
TEST_26948,5
TEST_13468,5
TEST_6040,5
TEST_7653,5
TEST_9995,5
TEST_20253,5
TEST_14805,5
TEST_2479,5
TEST_23856,5
TEST_29,5
TEST_20050,5
TEST_10926,5
TEST_20018,5
TEST_13124,5
TEST_21975,5
TEST_12555,5
TEST_3027,5
TEST_20293,5
TEST_24102,5
TEST_28675,5
TEST_8778,5
TEST_21390,5
TEST_23594,5
TEST_6072,5
TEST_19783,5
TEST_25726,5
TEST_24640,5
TEST_14942,5
TEST_14124,5
TEST_5093,5
TEST_24787,5
TEST_19099,5
TEST_3299,5
TEST_16459,5
TEST_4837,5
TEST_26367,5
TEST_3090,5
TEST_11233,5
TEST_23302,5
TEST_20321,5
TEST_7825,5
TEST_26579,5
TEST_24053,5
TEST_8934,5
TEST_27687,5
TEST_5528,5
TEST_21175,5
TEST_5987,5
TEST_14027,5
TEST_21485,5
TEST_5965,5
TEST_11323,5
TEST_15138,5
TEST_9725,5
TEST_7995,5
TEST_16633,5
TEST_14705,5
TEST_17916,5
TEST_12296,5
TEST_1841,5
TEST_27846,5
TEST_20302,5
TEST_27533,5
TEST_25839,5
TEST_4399,5
TEST_14309,5
TEST_25940,5
TEST_21745,5
TEST_1999,5
TEST_16634,5
TEST_27005,5
TEST_21576,5
TEST_22836,5
TEST_15014,5
TEST_17278,5
TEST_8190,5
TEST_20115,5
TEST_27195,5
TEST_27119,5
TEST_15741,5
TEST_18297,5
TEST_3235,5
TEST_13531,5
TEST_7894,5
TEST_8391,5
TEST_16749,5
TEST_10027,5
TEST_10930,5
TEST_19442,5
TEST_21128,5
TEST_6732,5
TEST_3823,5
TEST_11094,5
TEST_2452,5
TEST_19636,5
TEST_2216,5
TEST_17315,5
TEST_11543,5
TEST_5990,5
TEST_16517,5
TEST_8652,5
TEST_14399,5
TEST_27812,5
TEST_3605,5
TEST_15336,5
TEST_21801,5
TEST_5348,5
TEST_27139,5
TEST_22716,5
TEST_12917,5
TEST_18320,5
TEST_29851,5
TEST_4250,5
TEST_11185,5
TEST_1591,5
TEST_24116,5
TEST_6516,5
TEST_5454,5
TEST_28671,5
TEST_15514,5
TEST_24792,5
TEST_5640,5
TEST_26673,5
TEST_8613,5
TEST_4223,5
TEST_16911,5
TEST_9974,5
TEST_12082,5
TEST_9197,5
TEST_5240,5
TEST_2566,5
TEST_9352,5
TEST_7294,5
TEST_28923,5
TEST_3367,5
TEST_12738,5
TEST_14264,5
TEST_12556,5
TEST_27493,5
TEST_7179,5
TEST_18085,5
TEST_21837,5
TEST_4177,5
TEST_10257,5
TEST_25205,5
TEST_20461,5
TEST_15606,5
TEST_12601,5
TEST_29193,5
TEST_15841,5
TEST_9891,5
TEST_27647,5
TEST_28640,5
TEST_16252,5
TEST_7284,5
TEST_2278,5
TEST_28407,5
TEST_16693,5
TEST_5578,5
TEST_23470,5
TEST_14306,5
TEST_22485,5
TEST_19726,5
TEST_1755,5
TEST_23738,5
TEST_15304,5
TEST_23159,5
TEST_3872,5
TEST_20021,5
TEST_24492,5
TEST_2125,5
TEST_1534,5
TEST_26356,5
TEST_4654,5
TEST_20571,5
TEST_13652,5
TEST_21818,5
TEST_12782,5
TEST_20825,5
TEST_29042,5
TEST_904,5
TEST_22639,5
TEST_12360,5
TEST_25980,5
TEST_10117,5
TEST_23981,5
TEST_12900,5
TEST_21333,5
TEST_1379,5
TEST_13324,5
TEST_2425,5
TEST_20881,5
TEST_5058,5
TEST_4366,5
TEST_17540,5
TEST_5651,5
TEST_29382,5
TEST_25289,5
TEST_5450,5
TEST_13804,5
TEST_27922,5
TEST_19550,5
TEST_10941,5
TEST_20623,5
TEST_9765,5
TEST_25090,5
TEST_18883,5
TEST_14048,5
TEST_23008,5
TEST_23881,5
TEST_11515,5
TEST_22211,5
TEST_1354,5
TEST_24911,5
TEST_15918,5
TEST_3493,5
TEST_18065,5
TEST_25854,5
TEST_20954,5
TEST_5242,5
TEST_23762,5
TEST_20355,5
TEST_14460,5
TEST_11946,5
TEST_22256,5
TEST_20626,5
TEST_12805,5
TEST_13207,5
TEST_13261,5
TEST_566,5
TEST_15146,5
TEST_9831,5
TEST_15639,5
TEST_150,5
TEST_753,5
TEST_21160,5
TEST_25257,5
TEST_2550,5
TEST_3745,5
TEST_22582,5
TEST_3285,5
TEST_16506,5
TEST_10484,5
TEST_18298,5
TEST_29267,5
TEST_13953,5
TEST_15767,5
TEST_3609,5
TEST_15349,5
TEST_20325,5
TEST_22599,5
TEST_13754,5
TEST_25612,5
TEST_16781,5
TEST_10224,5
TEST_26171,5
TEST_21859,5
TEST_28817,5
TEST_29447,5
TEST_20957,5
TEST_5080,5
TEST_11570,5
TEST_2746,5
TEST_3569,5
TEST_9066,5
TEST_23758,5
TEST_17162,5
TEST_6223,5
TEST_26753,5
TEST_27245,5
TEST_1043,5
TEST_24714,5
TEST_4440,5
TEST_6007,5
TEST_5630,5
TEST_20690,5
TEST_20319,5
TEST_1826,5
TEST_27819,5
TEST_8657,5
TEST_11436,5
TEST_962,5
TEST_13334,5
TEST_10358,5
TEST_16846,5
TEST_22744,5
TEST_21028,5
TEST_27207,5
TEST_24122,5
TEST_16098,5
TEST_2011,5
TEST_24776,5
TEST_24271,5
TEST_3837,5
TEST_10454,5
TEST_18439,5
TEST_26879,5
TEST_12034,5
TEST_15402,5
TEST_12428,5
TEST_11200,5
TEST_9,5
TEST_7856,5
TEST_27551,5
TEST_4700,5
TEST_23892,5
TEST_10659,5
TEST_14093,5
TEST_29416,5
TEST_14454,5
TEST_6082,5
TEST_8722,5
TEST_22390,5
TEST_1722,5
TEST_17399,5
TEST_645,5
TEST_10637,5
TEST_19061,5
TEST_18376,5
TEST_2340,5
TEST_21311,5
TEST_28556,5
TEST_4020,5
TEST_10167,5
TEST_13604,5
TEST_17003,5
TEST_27898,5
TEST_15949,5
TEST_19947,5
TEST_7085,5
TEST_15755,5
TEST_28724,5
TEST_16129,5
TEST_1947,5
TEST_5753,5
TEST_12154,5
TEST_6334,5
TEST_15955,5
TEST_16524,5
TEST_18518,5
TEST_1107,5
TEST_1210,5
TEST_2584,5
TEST_28784,5
TEST_4794,5
TEST_16620,5
TEST_1749,5
TEST_11756,5
TEST_7683,5
TEST_12263,5
TEST_20481,5
TEST_22056,5
TEST_489,5
TEST_25479,5
TEST_4302,5
TEST_28054,5
TEST_21764,5
TEST_29963,5
TEST_9955,5
TEST_6286,5
TEST_26902,5
TEST_25376,5
TEST_15933,5
TEST_16722,5
TEST_24275,5
TEST_3500,5
TEST_24715,5
TEST_24942,5
TEST_10002,5
TEST_8988,5
TEST_27021,5
TEST_5944,5
TEST_18374,5
TEST_26943,5
TEST_29914,5
TEST_2496,5
TEST_29527,5
TEST_6894,5
TEST_19974,5
TEST_17279,5
TEST_3669,5
TEST_4278,5
TEST_28638,5
TEST_9763,5
TEST_3225,5
TEST_11967,5
TEST_26919,5
TEST_14756,5
TEST_11098,5
TEST_20692,5
TEST_25068,5
TEST_22091,5
TEST_9667,5
TEST_15374,5
TEST_13882,5
TEST_18497,5
TEST_24249,5
TEST_28798,5
TEST_5257,5
TEST_22651,5
TEST_22738,5
TEST_3087,5
TEST_4628,5
TEST_3118,5
TEST_14062,5
TEST_14278,5
TEST_22043,5
TEST_16547,5
TEST_3582,5
TEST_28819,5
TEST_14012,5
TEST_12926,5
TEST_20978,5
TEST_19458,5
TEST_13161,5
TEST_4799,5
TEST_2503,5
TEST_23523,5
TEST_13301,5
TEST_21941,5
TEST_13470,5
TEST_23515,5
TEST_21827,5
TEST_14786,5
TEST_16481,5
TEST_18487,5
TEST_11093,5
TEST_7542,5
TEST_25860,5
TEST_24674,5
TEST_7149,5
TEST_25901,5
TEST_9257,5
TEST_9516,5
TEST_28991,5
TEST_7297,5
TEST_3437,5
TEST_16091,5
TEST_21492,5
TEST_15699,5
TEST_11096,5
TEST_25059,5
TEST_7317,5
TEST_20135,5
TEST_8434,5
TEST_881,5
TEST_28970,5
TEST_2054,5
TEST_6593,5
TEST_29875,5
TEST_17264,5
TEST_7669,5
TEST_6213,5
TEST_8066,5
TEST_14691,5
TEST_15702,5
TEST_7382,5
TEST_11059,5
TEST_380,5
TEST_12049,5
TEST_3129,5
TEST_11976,5
TEST_11133,5
TEST_4953,5
TEST_26308,5
TEST_7493,5
TEST_448,5
TEST_2592,5
TEST_1601,5
TEST_7930,5
TEST_20985,5
TEST_16344,5
TEST_28489,5
TEST_16278,5
TEST_9733,5
TEST_27945,5
TEST_23512,5
TEST_18620,5
TEST_11254,5
TEST_14192,5
TEST_13977,5
TEST_6013,5
TEST_23466,5
TEST_24325,5
TEST_24067,5
TEST_9570,5
TEST_13847,5
TEST_18574,5
TEST_13216,5
TEST_15182,5
TEST_14661,5
TEST_3674,5
TEST_19383,5
TEST_28509,5
TEST_8875,5
TEST_2202,5
TEST_6126,5
TEST_12896,5
TEST_22687,5
TEST_10985,5
TEST_15345,5
TEST_19977,5
TEST_28681,5
TEST_12153,5
TEST_8723,5
TEST_10113,5
TEST_19690,5
TEST_25625,5
TEST_14829,5
TEST_1034,5
TEST_21914,5
TEST_11075,5
TEST_26392,5
TEST_25934,5
TEST_9460,5
TEST_9668,5
TEST_25957,5
TEST_9046,5
TEST_18542,5
TEST_28115,5
TEST_20309,5
TEST_28388,5
TEST_4879,5
TEST_1981,5
TEST_53,5
TEST_10928,5
TEST_11830,5
TEST_25962,5
TEST_6164,5
TEST_11897,5
TEST_29013,5
TEST_25925,5
TEST_28304,5
TEST_28208,5
TEST_29074,5
TEST_9546,5
TEST_27315,5
TEST_4404,5
TEST_23921,5
TEST_2970,5
TEST_15495,5
TEST_9019,5
TEST_22611,5
TEST_16585,5
TEST_25442,5
TEST_20862,5
TEST_13884,5
TEST_10089,5
TEST_11582,5
TEST_29764,5
TEST_15617,5
TEST_25426,5
TEST_18851,5
TEST_23487,5
TEST_28958,5
TEST_9338,5
TEST_623,5
TEST_16424,5
TEST_8440,5
TEST_17751,5
TEST_71,5
TEST_2310,5
TEST_17950,5
TEST_18186,5
TEST_21424,5
TEST_18876,5
TEST_10532,5
TEST_26984,5
TEST_2687,5
TEST_21246,5
TEST_5919,5
TEST_22924,5
TEST_17225,5
TEST_18823,5
TEST_652,5
TEST_20343,5
TEST_1662,5
TEST_6444,5
TEST_17952,5
TEST_23089,5
TEST_26671,5
TEST_7887,5
TEST_20965,5
TEST_8235,5
TEST_4621,5
TEST_23358,5
TEST_28158,5
TEST_15055,5
TEST_19893,5
TEST_17724,5
TEST_17902,5
TEST_7259,5
TEST_24231,5
TEST_4019,5
TEST_22966,5
TEST_18001,5
TEST_12272,5
TEST_11284,5
TEST_26162,5
TEST_23678,5
TEST_21346,5
TEST_19341,5
TEST_868,5
TEST_14702,5
TEST_3154,5
TEST_1950,5
TEST_24570,5
TEST_501,5
TEST_28391,5
TEST_26715,5
TEST_20173,5
TEST_10285,5
TEST_8777,5
TEST_12985,5
TEST_25375,5
TEST_9885,5
TEST_1935,5
TEST_6465,5
TEST_4192,5
TEST_22240,5
TEST_7634,5
TEST_16125,5
TEST_19827,5
TEST_15332,5
TEST_13405,5
TEST_26063,5
TEST_19321,5
TEST_22721,5
TEST_6291,5
TEST_23858,5
TEST_17482,5
TEST_29209,5
TEST_6500,5
TEST_9576,5
TEST_23557,5
TEST_18585,5
TEST_2639,5
TEST_2103,5
TEST_13036,5
TEST_11138,5
TEST_17242,5
TEST_17337,5
TEST_10145,5
TEST_15493,5
TEST_11743,5
TEST_23775,5
TEST_11336,5
TEST_4798,5
TEST_25473,5
TEST_25554,5
TEST_12350,5
TEST_5047,5
TEST_14116,5
TEST_5433,5
TEST_13172,5
TEST_11942,5
TEST_6552,5
TEST_8294,5
TEST_11100,5
TEST_7525,5
TEST_18178,5
TEST_6316,5
TEST_4096,5
TEST_29927,5
TEST_18062,5
TEST_27500,5
TEST_9633,5
TEST_7108,5
TEST_13409,5
TEST_6872,5
TEST_24559,5
TEST_28765,5
TEST_9654,5
TEST_15039,5
TEST_18526,5
TEST_9876,5
TEST_6692,5
TEST_17774,5
TEST_4332,5
TEST_14712,5
TEST_10766,5
TEST_11129,5
TEST_15187,5
TEST_10551,5
TEST_14071,5
TEST_18256,5
TEST_5445,5
TEST_29152,5
TEST_4452,5
TEST_8676,5
TEST_3839,5
TEST_23552,5
TEST_16461,5
TEST_9085,5
TEST_21515,5
TEST_25487,5
TEST_7260,5
TEST_22533,5
TEST_23659,5
TEST_1756,5
TEST_23379,5
TEST_10995,5
TEST_8920,5
TEST_9149,5
TEST_14155,5
TEST_21917,5
TEST_11943,5
TEST_25345,5
TEST_16700,5
TEST_23962,5
TEST_5780,5
TEST_18128,5
TEST_29307,5
TEST_16378,5
TEST_16434,5
TEST_9835,5
TEST_7762,5
TEST_10189,5
TEST_1672,5
TEST_3799,5
TEST_11488,5
TEST_22098,5
TEST_28995,5
TEST_18763,5
TEST_3425,5
TEST_106,5
TEST_17771,5
TEST_29884,5
TEST_16925,5
TEST_20144,5
TEST_730,5
TEST_2377,5
TEST_9791,5
TEST_27072,5
TEST_18242,5
TEST_12454,5
TEST_10071,5
TEST_25239,5
TEST_7704,5
TEST_22688,5
TEST_22271,5
TEST_12529,5
TEST_29723,5
TEST_19761,5
TEST_28827,5
TEST_20484,5
TEST_9966,5
TEST_5175,5
TEST_29729,5
TEST_21112,5
TEST_14069,5
TEST_6812,5
TEST_548,5
TEST_28742,5
TEST_977,5
TEST_10034,5
TEST_24463,5
TEST_2505,5
TEST_24472,5
TEST_11952,5
TEST_18635,5
TEST_16602,5
TEST_15666,5
TEST_15596,5
TEST_10018,5
TEST_21872,5
TEST_5476,5
TEST_10929,5
TEST_17977,5
TEST_15207,5
TEST_17829,5
TEST_12912,5
TEST_22589,5
TEST_20637,5
TEST_13575,5
TEST_8771,5
TEST_3067,5
TEST_17750,5
TEST_13848,5
TEST_13304,5
TEST_27644,5
TEST_22242,5
TEST_29808,5
TEST_28694,5
TEST_7695,5
TEST_10395,5
TEST_8032,5
TEST_11713,5
TEST_1176,5
TEST_20186,5
TEST_27084,5
TEST_1970,5
TEST_25857,5
TEST_19476,5
TEST_13321,5
TEST_24295,5
TEST_16447,5
TEST_8479,5
TEST_25023,5
TEST_25794,5
TEST_22968,5
TEST_13180,5
TEST_17510,5
TEST_8641,5
TEST_7792,5
TEST_20888,5
TEST_22784,5
TEST_25415,5
TEST_23047,5
TEST_1770,5
TEST_26546,5
TEST_22206,5
TEST_22222,5
TEST_28496,5
TEST_13630,5
TEST_13952,5
TEST_7028,5
TEST_26406,5
TEST_26680,5
TEST_1528,5
TEST_27897,5
TEST_11239,5
TEST_728,5
TEST_20495,5
TEST_12937,5
TEST_928,5
TEST_5393,5
TEST_4,5
TEST_15721,5
TEST_8950,5
TEST_1420,5
TEST_13068,5
TEST_11409,5
TEST_9721,5
TEST_18527,5
TEST_6515,5
TEST_26211,5
TEST_29485,5
TEST_11296,5
TEST_3042,5
TEST_9984,5
TEST_11172,5
TEST_20847,5
TEST_10025,5
TEST_8096,5
TEST_899,5
TEST_3305,5
TEST_26368,5
TEST_23632,5
TEST_13838,5
TEST_11995,5
TEST_19251,5
TEST_11396,5
TEST_11293,5
TEST_13482,5
TEST_21041,5
TEST_4220,5
TEST_8352,5
TEST_2293,5
TEST_16242,5
TEST_15198,5
TEST_8702,5
TEST_4568,5
TEST_24726,5
TEST_10552,5
TEST_769,5
TEST_5479,5
TEST_18566,5
TEST_25545,5
TEST_29936,5
TEST_13395,5
TEST_7248,5
TEST_17682,5
TEST_12781,5
TEST_9364,5
TEST_26253,5
TEST_8492,5
TEST_2499,5
TEST_10956,5
TEST_4070,5
TEST_15766,5
TEST_24232,5
TEST_373,5
TEST_5292,5
TEST_20630,5
TEST_16466,5
TEST_15959,5
TEST_17876,5
TEST_25696,5
TEST_14480,5
TEST_29101,5
TEST_5532,5
TEST_347,5
TEST_15231,5
TEST_10903,5
TEST_5894,5
TEST_29291,5
TEST_5547,5
TEST_15040,5
TEST_4920,5
TEST_13176,5
TEST_13828,5
TEST_18901,5
TEST_26292,5
TEST_8024,5
TEST_4204,5
TEST_5120,5
TEST_12308,5
TEST_19826,5
TEST_19443,5
TEST_2006,5
TEST_16959,5
TEST_24223,5
TEST_3876,5
TEST_25458,5
TEST_28435,5
TEST_14098,5
TEST_5559,5
TEST_23297,5
TEST_18946,5
TEST_22635,5
TEST_29589,5
TEST_15993,5
TEST_12971,5
TEST_29511,5
TEST_14170,5
TEST_18220,5
TEST_6621,5
TEST_26958,5
TEST_29749,5
TEST_18545,5
TEST_19063,5
TEST_15383,5
TEST_28816,5
TEST_508,5
TEST_9156,5
TEST_11661,5
TEST_13669,5
TEST_8775,5
TEST_24183,5
TEST_3295,5
TEST_16247,5
TEST_18661,5
TEST_23416,5
TEST_8670,5
TEST_18924,5
TEST_18164,5
TEST_3925,5
TEST_18177,5
TEST_18920,5
TEST_560,5
TEST_8580,5
TEST_3807,5
TEST_15738,5
TEST_21989,5
TEST_21376,5
TEST_27970,5
TEST_2967,5
TEST_10373,5
TEST_9412,5
TEST_17024,5
TEST_15537,5
TEST_16907,5
TEST_22205,5
TEST_10383,5
TEST_22989,5
TEST_10920,5
TEST_4758,5
TEST_19833,5
TEST_23249,5
TEST_12810,5
TEST_11012,5
TEST_19006,5
TEST_24514,5
TEST_11330,5
TEST_11712,5
TEST_23475,5
TEST_13376,5
TEST_2828,5
TEST_28698,5
TEST_14659,5
TEST_14324,5
TEST_22509,5
TEST_21309,5
TEST_25456,5
TEST_11479,5
TEST_24518,5
TEST_17695,5
TEST_7940,5
TEST_29341,5
TEST_7943,5
TEST_10131,5
TEST_12988,5
TEST_499,5
TEST_22527,5
TEST_23883,5
TEST_29490,5
TEST_7339,5
TEST_23242,5
TEST_22027,5
TEST_27739,5
TEST_19669,5
TEST_14350,5
TEST_28810,5
TEST_9448,5
TEST_12183,5
TEST_18427,5
TEST_1657,5
TEST_19631,5
TEST_15729,5
TEST_10203,5
TEST_1327,5
TEST_26265,5
TEST_21300,5
TEST_15430,5
TEST_10290,5
TEST_7802,5
TEST_26062,5
TEST_5607,5
TEST_19510,5
TEST_12208,5
TEST_6859,5
TEST_25868,5
TEST_4844,5
TEST_1623,5
TEST_23248,5
TEST_26703,5
TEST_29105,5
TEST_14666,5
TEST_182,5
TEST_24497,5
TEST_26920,5
TEST_7452,5
TEST_4200,5
TEST_15368,5
TEST_19852,5
TEST_18103,5
TEST_9254,5
TEST_23087,5
TEST_26193,5
TEST_17065,5
TEST_11152,5
TEST_15814,5
TEST_6525,5
TEST_13660,5
TEST_1616,5
TEST_4672,5
TEST_21408,5
TEST_9744,5
TEST_22280,5
TEST_28873,5
TEST_12041,5
TEST_23118,5
TEST_21384,5
TEST_6079,5
TEST_17606,5
TEST_27023,5
TEST_25984,5
TEST_2072,5
TEST_13521,5
TEST_1076,5
TEST_5950,5
TEST_3329,5
TEST_3816,5
TEST_26694,5
TEST_9307,5
TEST_22488,5
TEST_27782,5
TEST_2561,5
TEST_13991,5
TEST_3533,5
TEST_28490,5
TEST_15518,5
TEST_4506,5
TEST_5494,5
TEST_28113,5
TEST_15825,5
TEST_27066,5
TEST_5019,5
TEST_14792,5
TEST_16734,5
TEST_18182,5
TEST_18616,5
TEST_25092,5
TEST_16820,5
TEST_2230,5
TEST_27254,5
TEST_17546,5
TEST_5054,5
TEST_8891,5
TEST_3029,5
TEST_18067,5
TEST_14175,5
TEST_28070,5
TEST_19694,5
TEST_24548,5
TEST_27234,5
TEST_11922,5
TEST_6512,5
TEST_28057,5
TEST_13880,5
TEST_20345,5
TEST_1480,5
TEST_3451,5
TEST_1095,5
TEST_1350,5
TEST_22173,5
TEST_1773,5
TEST_22749,5
TEST_17084,5
TEST_1642,5
TEST_21931,5
TEST_12877,5
TEST_25195,5
TEST_28567,5
TEST_25495,5
TEST_11590,5
TEST_11367,5
TEST_21186,5
TEST_27664,5
TEST_978,5
TEST_2335,5
TEST_28390,5
TEST_5982,5
TEST_21388,5
TEST_14057,5
TEST_11085,5
TEST_1122,5
TEST_12236,5
TEST_23406,5
TEST_10988,5
TEST_12657,5
TEST_18437,5
TEST_11121,5
TEST_2228,5
TEST_12051,5
TEST_4270,5
TEST_6345,5
TEST_8878,5
TEST_27339,5
TEST_18251,5
TEST_29991,5
TEST_27055,5
TEST_26347,5
TEST_2792,5
TEST_17586,5
TEST_23374,5
TEST_21423,5
TEST_10635,5
TEST_23810,5
TEST_2017,5
TEST_4215,5
TEST_3266,5
TEST_12326,5
TEST_4939,5
TEST_16626,5
TEST_29865,5
TEST_28982,5
TEST_29137,5
TEST_3447,5
TEST_7217,5
TEST_5817,5
TEST_14217,5
TEST_8124,5
TEST_20340,5
TEST_7362,5
TEST_9561,5
TEST_28263,5
TEST_18874,5
TEST_4244,5
TEST_1843,5
TEST_9931,5
TEST_11917,5
TEST_4812,5
TEST_7229,5
TEST_24663,5
TEST_20480,5
TEST_28682,5
TEST_13222,5
TEST_17484,5
TEST_10052,5
TEST_17308,5
TEST_704,5
TEST_2958,5
TEST_3475,5
TEST_21183,5
TEST_7432,5
TEST_26134,5
TEST_3675,5
TEST_27875,5
TEST_15030,5
TEST_21178,5
TEST_5842,5
TEST_22387,5
TEST_17898,5
TEST_22707,5
TEST_10100,5
TEST_6956,5
TEST_24656,5
TEST_19206,5
TEST_22203,5
TEST_29362,5
TEST_679,5
TEST_23258,5
TEST_5820,5
TEST_3016,5
TEST_29913,5
TEST_15423,5
TEST_14550,5
TEST_22604,5
TEST_21171,5
TEST_9949,5
TEST_4586,5
TEST_19039,5
TEST_16979,5
TEST_585,5
TEST_222,5
TEST_26672,5
TEST_5085,5
TEST_22936,5
TEST_11535,5
TEST_25076,5
TEST_20634,5
TEST_24305,5
TEST_3646,5
TEST_29276,5
TEST_20352,5
TEST_20988,5
TEST_29337,5
TEST_21994,5
TEST_22591,5
TEST_16130,5
TEST_14053,5
TEST_21453,5
TEST_25639,5
TEST_13966,5
TEST_18947,5
TEST_25841,5
TEST_29791,5
TEST_2839,5
TEST_16493,5
TEST_26304,5
TEST_3342,5
TEST_9351,5
TEST_27416,5
TEST_17840,5
TEST_23351,5
TEST_19066,5
TEST_23901,5
TEST_15996,5
TEST_19248,5
TEST_20678,5
TEST_10546,5
TEST_11512,5
TEST_855,5
TEST_2946,5
TEST_2314,5
TEST_24084,5
TEST_3635,5
TEST_8290,5
TEST_19509,5
TEST_15144,5
TEST_16604,5
TEST_24139,5
TEST_20435,5
TEST_16192,5
TEST_19425,5
TEST_1063,5
TEST_20207,5
TEST_20893,5
TEST_2855,5
TEST_29977,5
TEST_15897,5
TEST_28733,5
TEST_21326,5
TEST_29790,5
TEST_12820,5
TEST_3233,5
TEST_6064,5
TEST_2353,5
TEST_3377,5
TEST_20071,5
TEST_3942,5
TEST_29325,5
TEST_24111,5
TEST_4446,5
TEST_996,5
TEST_2380,5
TEST_12610,5
TEST_29535,5
TEST_13232,5
TEST_4876,5
TEST_1883,5
TEST_18725,5
TEST_3803,5
TEST_4416,5
TEST_23026,5
TEST_29762,5
TEST_27444,5
TEST_15494,5
TEST_29718,5
TEST_1314,5
TEST_4299,5
TEST_8340,5
TEST_14182,5
TEST_14108,5
TEST_22920,5
TEST_21087,5
TEST_29960,5
TEST_8343,5
TEST_24277,5
TEST_20099,5
TEST_13958,5
TEST_5518,5
TEST_18130,5
TEST_10486,5
TEST_26822,5
TEST_3679,5
TEST_22608,5
TEST_24694,5
TEST_18959,5
TEST_20560,5
TEST_23625,5
TEST_12620,5
TEST_26815,5
TEST_14126,5
TEST_1279,5
TEST_24343,5
TEST_15737,5
TEST_23973,5
TEST_22085,5
TEST_7292,5
TEST_9417,5
TEST_10111,5
TEST_895,5
TEST_4552,5
TEST_8116,5
TEST_9084,5
TEST_22038,5
TEST_2112,5
TEST_20025,5
TEST_46,5
TEST_7642,5
TEST_18546,5
TEST_29953,5
TEST_4863,5
TEST_20529,5
TEST_15010,5
TEST_2601,5
TEST_16353,5
TEST_29857,5
TEST_5432,5
TEST_17730,5
TEST_8140,5
TEST_28079,5
TEST_22829,5
TEST_18339,5
TEST_3406,5
TEST_20667,5
TEST_2671,5
TEST_24200,5
TEST_19617,5
TEST_29917,5
TEST_24530,5
TEST_29571,5
TEST_2467,5
TEST_5204,5
TEST_5522,5
TEST_20093,5
TEST_3833,5
TEST_27420,5
TEST_13057,5
TEST_11642,5
TEST_15734,5
TEST_8549,5
TEST_12356,5
TEST_6906,5
TEST_2850,5
TEST_19008,5
TEST_13260,5
TEST_7143,5
TEST_9055,5
TEST_22531,5
TEST_27357,5
TEST_28238,5
TEST_19728,5
TEST_21067,5
TEST_15749,5
TEST_5411,5
TEST_12565,5
TEST_23201,5
TEST_6761,5
TEST_18491,5
TEST_12579,5
TEST_20545,5
TEST_27832,5
TEST_19840,5
TEST_9425,5
TEST_21769,5
TEST_18166,5
TEST_19237,5
TEST_28826,5
TEST_6699,5
TEST_26606,5
TEST_29066,5
TEST_7003,5
TEST_14398,5
TEST_27726,5
TEST_28083,5
TEST_19540,5
TEST_24527,5
TEST_23545,5
TEST_5349,5
TEST_13361,5
TEST_29289,5
TEST_1650,5
TEST_19907,5
TEST_28906,5
TEST_12186,5
TEST_24972,5
TEST_22202,5
TEST_482,5
TEST_19376,5
TEST_23876,5
TEST_3364,5
TEST_12711,5
TEST_21264,5
TEST_14075,5
TEST_8232,5
TEST_8295,5
TEST_16232,5
TEST_23222,5
TEST_21583,5
TEST_27333,5
TEST_18888,5
TEST_23869,5
TEST_11079,5
TEST_15795,5
TEST_26343,5
TEST_14181,5
TEST_4364,5
TEST_26245,5
TEST_5888,5
TEST_24330,5
TEST_29427,5
TEST_9635,5
TEST_3794,5
TEST_8532,5
TEST_1223,5
TEST_25064,5
TEST_9981,5
TEST_1299,5
TEST_18362,5
TEST_4305,5
TEST_2519,5
TEST_4068,5
TEST_20377,5
TEST_20051,5
TEST_9340,5
TEST_23664,5
TEST_19334,5
TEST_3058,5
TEST_14982,5
TEST_21934,5
TEST_11426,5
TEST_10726,5
TEST_12724,5
TEST_21923,5
TEST_973,5
TEST_17271,5
TEST_12076,5
TEST_28547,5
TEST_18223,5
TEST_23220,5
TEST_5899,5
TEST_9715,5
TEST_8792,5
TEST_20157,5
TEST_16994,5
TEST_19541,5
TEST_4563,5
TEST_9463,5
TEST_3011,5
TEST_12146,5
TEST_3883,5
TEST_3507,5
TEST_10494,5
TEST_28119,5
TEST_22111,5
TEST_28405,5
TEST_7492,5
TEST_28377,5
TEST_27956,5
TEST_13352,5
TEST_354,5
TEST_4624,5
TEST_7353,5
TEST_14307,5
TEST_22603,5
TEST_28648,5
TEST_16563,5
TEST_23879,5
TEST_25755,5
TEST_22685,5
TEST_29015,5
TEST_7340,5
TEST_15948,5
TEST_19398,5
TEST_10451,5
TEST_9125,5
TEST_233,5
TEST_16061,5
TEST_24795,5
TEST_20659,5
TEST_25538,5
TEST_27192,5
TEST_11638,5
TEST_10752,5
TEST_18210,5
TEST_28460,5
TEST_24586,5
TEST_27525,5
TEST_19595,5
TEST_6753,5
TEST_8600,5
TEST_26742,5
TEST_28576,5
TEST_8319,5
TEST_21648,5
TEST_329,5
TEST_23185,5
TEST_2577,5
TEST_28130,5
TEST_23094,5
TEST_3160,5
TEST_12500,5
TEST_10315,5
TEST_24279,5
TEST_13908,5
TEST_27267,5
TEST_21736,5
TEST_5936,5
TEST_25852,5
TEST_15162,5
TEST_1153,5
TEST_11919,5
TEST_28157,5
TEST_12725,5
TEST_5005,5
TEST_19717,5
TEST_5103,5
TEST_23732,5
TEST_17142,5
TEST_12446,5
TEST_5776,5
TEST_23002,5
TEST_23347,5
TEST_8711,5
TEST_24276,5
TEST_23225,5
TEST_5400,5
TEST_19920,5
TEST_10870,5
TEST_26775,5
TEST_26893,5
TEST_29631,5
TEST_3257,5
TEST_13241,5
TEST_11102,5
TEST_12030,5
TEST_2402,5
TEST_17623,5
TEST_20069,5
TEST_17379,5
TEST_11900,5
TEST_18005,5
TEST_9346,5
TEST_6172,5
TEST_23262,5
TEST_18295,5
TEST_10641,5
TEST_4282,5
TEST_25119,5
TEST_17887,5
TEST_3378,5
TEST_23092,5
TEST_25428,5
TEST_6503,5
TEST_27146,5
TEST_20642,5
TEST_4394,5
TEST_18052,5
TEST_27675,5
TEST_22657,5
TEST_28572,5
TEST_27626,5
TEST_23319,5
TEST_23179,5
TEST_7020,5
TEST_16268,5
TEST_29864,5
TEST_20942,5
TEST_27303,5
TEST_28795,5
TEST_929,5
TEST_4835,5
TEST_21757,5
TEST_8286,5
TEST_12539,5
TEST_15614,5
TEST_8516,5
TEST_20193,5
TEST_17604,5
TEST_19355,5
TEST_16191,5
TEST_27344,5
TEST_11667,5
TEST_20947,5
TEST_7764,5
TEST_999,5
TEST_24614,5
TEST_24515,5
TEST_28528,5
TEST_22474,5
TEST_5,5
TEST_6323,5
TEST_8079,5
TEST_15637,5
TEST_20068,5
TEST_29776,5
TEST_12510,5
TEST_20252,5
TEST_11460,5
TEST_13535,5
TEST_22841,5
TEST_6018,5
TEST_21578,5
TEST_23622,5
TEST_24550,5
TEST_28657,5
TEST_5652,5
TEST_8674,5
TEST_19804,5
TEST_7150,5
TEST_506,5
TEST_24218,5
TEST_17801,5
TEST_16196,5
TEST_12924,5
TEST_1813,5
TEST_26831,5
TEST_4247,5
TEST_10798,5
TEST_25739,5
TEST_10906,5
TEST_14121,5
TEST_8081,5
TEST_29832,5
TEST_17473,5
TEST_14637,5
TEST_1677,5
TEST_22577,5
TEST_18532,5
TEST_12315,5
TEST_18809,5
TEST_9260,5
TEST_21906,5
TEST_14135,5
TEST_5969,5
TEST_16006,5
TEST_13742,5
TEST_12491,5
TEST_22274,5
TEST_9830,5
TEST_9174,5
TEST_26683,5
TEST_7655,5
TEST_9215,5
TEST_135,5
TEST_11043,5
TEST_979,5
TEST_23807,5
TEST_9132,5
TEST_19952,5
TEST_1102,5
TEST_7177,5
TEST_19719,5
TEST_16580,5
TEST_21710,5
TEST_745,5
TEST_5670,5
TEST_20323,5
TEST_3169,5
TEST_15802,5
TEST_6065,5
TEST_16546,5
TEST_21035,5
TEST_18361,5
TEST_28558,5
TEST_16860,5
TEST_3125,5
TEST_15271,5
TEST_4778,5
TEST_19125,5
TEST_26965,5
TEST_10409,5
TEST_21459,5
TEST_16704,5
TEST_13398,5
TEST_16230,5
TEST_18572,5
TEST_23898,5
TEST_19210,5
TEST_4409,5
TEST_24858,5
TEST_29775,5
TEST_26743,5
TEST_20199,5
TEST_27454,5
TEST_3856,5
TEST_20371,5
TEST_13056,5
TEST_9997,5
TEST_26270,5
TEST_2569,5
TEST_6100,5
TEST_29900,5
TEST_8128,5
TEST_18442,5
TEST_29694,5
TEST_6115,5
TEST_4049,5
TEST_20787,5
TEST_21542,5
TEST_11078,5
TEST_7199,5
TEST_13004,5
TEST_332,5
TEST_6245,5
TEST_22258,5
TEST_24689,5
TEST_11069,5
TEST_29655,5
TEST_4444,5
TEST_780,5
TEST_26988,5
TEST_15620,5
TEST_24897,5
TEST_26820,5
TEST_9617,5
TEST_27888,5
TEST_3558,5
TEST_24611,5
TEST_13150,5
TEST_21731,5
TEST_5616,5
TEST_20892,5
TEST_17019,5
TEST_20379,5
TEST_15705,5
TEST_2261,5
TEST_27240,5
TEST_24591,5
TEST_6032,5
TEST_19877,5
TEST_13823,5
TEST_18899,5
TEST_18911,5
TEST_18049,5
TEST_21873,5
TEST_19752,5
TEST_10940,5
TEST_16442,5
TEST_17327,5
TEST_22592,5
TEST_8954,5
TEST_10061,5
TEST_6689,5
TEST_2829,5
TEST_23975,5
TEST_2223,5
TEST_22084,5
TEST_13832,5
TEST_4498,5
TEST_28889,5
TEST_23226,5
TEST_28851,5
TEST_3781,5
TEST_20848,5
TEST_14872,5
TEST_28288,5
TEST_22671,5
TEST_8833,5
TEST_18665,5
TEST_7129,5
TEST_3012,5
TEST_23922,5
TEST_17644,5
TEST_18932,5
TEST_4814,5
TEST_16902,5
TEST_7910,5
TEST_18815,5
TEST_6306,5
TEST_18770,5
TEST_11337,5
TEST_25334,5
TEST_20557,5
TEST_21743,5
TEST_17152,5
TEST_3729,5
TEST_6170,5
TEST_11737,5
TEST_22157,5
TEST_29242,5
TEST_10750,5
TEST_17461,5
TEST_23163,5
TEST_4565,5
TEST_21585,5
TEST_26434,5
TEST_26168,5
TEST_1053,5
TEST_8606,5
TEST_26947,5
TEST_19388,5
TEST_1928,5
TEST_16266,5
TEST_3597,5
TEST_3103,5
TEST_29448,5
TEST_11569,5
TEST_15109,5
TEST_238,5
TEST_9996,5
TEST_19966,5
TEST_5911,5
TEST_9681,5
TEST_20294,5
TEST_2435,5
TEST_26955,5
TEST_7656,5
TEST_7876,5
TEST_27252,5
TEST_23689,5
TEST_16983,5
TEST_5946,5
TEST_27038,5
TEST_19086,5
TEST_18781,5
TEST_28807,5
TEST_18591,5
TEST_18265,5
TEST_28614,5
TEST_14289,5
TEST_11924,5
TEST_9628,5
TEST_7859,5
TEST_27120,5
TEST_7679,5
TEST_1520,5
TEST_14051,5
TEST_14249,5
TEST_17273,5
TEST_8091,5
TEST_15267,5
TEST_27708,5
TEST_29658,5
TEST_4451,5
TEST_10990,5
TEST_6242,5
TEST_25258,5
TEST_1805,5
TEST_10723,5
TEST_13620,5
TEST_28417,5
TEST_21296,5
TEST_10534,5
TEST_22722,5
TEST_29306,5
TEST_3381,5
TEST_13456,5
TEST_15391,5
TEST_27750,5
TEST_1827,5
TEST_10458,5
TEST_11386,5
TEST_20524,5
TEST_6566,5
TEST_5571,5
TEST_2214,5
TEST_1557,5
TEST_17080,5
TEST_28370,5
TEST_24461,5
TEST_11798,5
TEST_5261,5
TEST_3905,5
TEST_11433,5
TEST_18172,5
TEST_24854,5
TEST_23830,5
TEST_9205,5
TEST_12899,5
TEST_3064,5
TEST_17106,5
TEST_27015,5
TEST_6328,5
TEST_20601,5
TEST_29159,5
TEST_17980,5
TEST_13796,5
TEST_23046,5
TEST_5835,5
TEST_25,5
TEST_7337,5
TEST_7837,5
TEST_22136,5
TEST_4809,5
TEST_11406,5
TEST_27976,5
TEST_20854,5
TEST_13541,5
TEST_6352,5
TEST_26526,5
TEST_16281,5
TEST_12754,5
TEST_29327,5
TEST_28952,5
TEST_25662,5
TEST_13182,5
TEST_10346,5
TEST_29491,5
TEST_15917,5
TEST_20434,5
TEST_1735,5
TEST_13410,5
TEST_21127,5
TEST_27789,5
TEST_21121,5
TEST_29194,5
TEST_20533,5
TEST_7251,5
TEST_21897,5
TEST_4861,5
TEST_25979,5
TEST_193,5
TEST_4051,5
TEST_28010,5
TEST_28468,5
TEST_1088,5
TEST_10040,5
TEST_36,5
TEST_26409,5
TEST_4418,5
TEST_28426,5
TEST_21221,5
TEST_13258,5
TEST_7131,5
TEST_10653,5
TEST_22007,5
TEST_28202,5
TEST_23305,5
TEST_4271,5
TEST_6940,5
TEST_20654,5
TEST_27346,5
TEST_17154,5
TEST_21824,5
TEST_22803,5
TEST_7583,5
TEST_19818,5
TEST_24692,5
TEST_26453,5
TEST_5451,5
TEST_5323,5
TEST_7391,5
TEST_20426,5
TEST_15542,5
TEST_2096,5
TEST_12936,5
TEST_28138,5
TEST_26097,5
TEST_17285,5
TEST_13346,5
TEST_17703,5
TEST_11142,5
TEST_3901,5
TEST_20805,5
TEST_8628,5
TEST_27776,5
TEST_19944,5
TEST_22288,5
TEST_26207,5
TEST_4194,5
TEST_29892,5
TEST_19869,5
TEST_27620,5
TEST_11783,5
TEST_13083,5
TEST_17324,5
TEST_883,5
TEST_25859,5
TEST_8326,5
TEST_20178,5
TEST_26981,5
TEST_10107,5
TEST_27760,5
TEST_8497,5
TEST_27636,5
TEST_19615,5
TEST_18772,5
TEST_29626,5
TEST_22107,5
TEST_22958,5
TEST_27631,5
TEST_16177,5
TEST_26077,5
TEST_21997,5
TEST_361,5
TEST_29069,5
TEST_10942,5
TEST_26809,5
TEST_17530,5
TEST_27773,5
TEST_23998,5
TEST_5590,5
TEST_3662,5
TEST_12479,5
TEST_18842,5
TEST_15444,5
TEST_17103,5
TEST_12151,5
TEST_11269,5
TEST_7691,5
TEST_21425,5
TEST_17422,5
TEST_2684,5
TEST_15352,5
TEST_1978,5
TEST_22407,5
TEST_9127,5
TEST_24928,5
TEST_5238,5
TEST_11825,5
TEST_22295,5
TEST_19665,5
TEST_18137,5
TEST_17097,5
TEST_12426,5
TEST_25271,5
TEST_17078,5
TEST_28939,5
TEST_25588,5
TEST_29476,5
TEST_27640,5
TEST_29051,5
TEST_26247,5
TEST_22563,5
TEST_19933,5
TEST_18008,5
TEST_5635,5
TEST_12962,5
TEST_26257,5
TEST_23497,5
TEST_13349,5
TEST_8172,5
TEST_29156,5
TEST_13434,5
TEST_7231,5
TEST_21130,5
TEST_16502,5
TEST_15508,5
TEST_10005,5
TEST_6867,5
TEST_24791,5
TEST_20776,5
TEST_7632,5
TEST_2438,5
TEST_14961,5
TEST_736,5
TEST_27397,5
TEST_6021,5
TEST_14797,5
TEST_2488,5
TEST_23715,5
TEST_9708,5
TEST_4110,5
TEST_14996,5
TEST_27584,5
TEST_2379,5
TEST_19331,5
TEST_13443,5
TEST_28846,5
TEST_6385,5
TEST_217,5
TEST_14772,5
TEST_25388,5
TEST_29415,5
TEST_7018,5
TEST_9310,5
TEST_27296,5
TEST_7013,5
TEST_17188,5
TEST_8420,5
TEST_17576,5
TEST_9374,5
TEST_236,5
TEST_25109,5
TEST_2061,5
TEST_15341,5
TEST_15928,5
TEST_12191,5
TEST_19025,5
TEST_15659,5
TEST_15781,5
TEST_28660,5
TEST_1467,5
TEST_7365,5
TEST_2770,5
TEST_29671,5
TEST_12689,5
TEST_8491,5
TEST_7330,5
TEST_4494,5
TEST_5695,5
TEST_27605,5
TEST_17299,5
TEST_18323,5
TEST_12835,5
TEST_9370,5
TEST_7499,5
TEST_18653,5
TEST_3062,5
TEST_18093,5
TEST_18832,5
TEST_9261,5
TEST_29466,5
TEST_19538,5
TEST_25996,5
TEST_2614,5
TEST_20048,5
TEST_26088,5
TEST_6539,5
TEST_18281,5
TEST_13421,5
TEST_17809,5
TEST_10518,5
TEST_10278,5
TEST_21803,5
TEST_9027,5
TEST_20399,5
TEST_6461,5
TEST_12391,5
TEST_25923,5
TEST_4456,5
TEST_9934,5
TEST_27759,5
TEST_12175,5
TEST_11451,5
TEST_15819,5
TEST_22981,5
TEST_22267,5
TEST_4631,5
TEST_27502,5
TEST_11725,5
TEST_10045,5
TEST_7151,5
TEST_18188,5
TEST_29910,5
TEST_27823,5
TEST_23592,5
TEST_15995,5
TEST_22246,5
TEST_17210,5
TEST_7496,5
TEST_29347,5
TEST_1130,5
TEST_19647,5
TEST_2733,5
TEST_20242,5
TEST_19165,5
TEST_5834,5
TEST_2141,5
TEST_3196,5
TEST_7897,5
TEST_15003,5
TEST_531,5
TEST_13888,5
TEST_6903,5
TEST_14535,5
TEST_26681,5
TEST_4932,5
TEST_4540,5
TEST_6809,5
TEST_10616,5
TEST_15849,5
TEST_18715,5
TEST_24414,5
TEST_11990,5
TEST_7100,5
TEST_29087,5
TEST_8861,5
TEST_3995,5
TEST_8537,5
TEST_1979,5
TEST_5193,5
TEST_11519,5
TEST_18273,5
TEST_23421,5
TEST_5951,5
TEST_9487,5
TEST_5177,5
TEST_16054,5
TEST_22759,5
TEST_16422,5
TEST_10620,5
TEST_5724,5
TEST_3834,5
TEST_6431,5
TEST_26034,5
TEST_20476,5
TEST_18385,5
TEST_24764,5
TEST_28059,5
TEST_23559,5
TEST_13587,5
TEST_22897,5
TEST_29690,5
TEST_19755,5
TEST_13255,5
TEST_13894,5
TEST_17209,5
TEST_11088,5
TEST_14295,5
TEST_20459,5
TEST_4132,5
TEST_25339,5
TEST_19894,5
TEST_13179,5
TEST_15473,5
TEST_27469,5
TEST_9426,5
TEST_18704,5
TEST_1920,5
TEST_1838,5
TEST_1239,5
TEST_29768,5
TEST_16003,5
TEST_10396,5
TEST_7318,5
TEST_14859,5
TEST_4148,5
TEST_16912,5
TEST_4553,5
TEST_27711,5
TEST_191,5
TEST_16062,5
TEST_20594,5
TEST_2692,5
TEST_16631,5
TEST_12493,5
TEST_14199,5
TEST_24334,5
TEST_3283,5
TEST_24579,5
TEST_20929,5
TEST_4576,5
TEST_15165,5
TEST_25044,5
TEST_25533,5
TEST_4519,5
TEST_10883,5
TEST_24476,5
TEST_12527,5
TEST_21898,5
TEST_12012,5
TEST_28559,5
TEST_16189,5
TEST_12234,5
TEST_9168,5
TEST_14073,5
TEST_13717,5
TEST_12552,5
TEST_1272,5
TEST_15429,5
TEST_23710,5
TEST_5979,5
TEST_21416,5
TEST_17319,5
TEST_21432,5
TEST_13690,5
TEST_9428,5
TEST_29876,5
TEST_25274,5
TEST_23486,5
TEST_19810,5
TEST_8350,5
TEST_26372,5
TEST_20040,5
TEST_8104,5
TEST_16577,5
TEST_20052,5
TEST_18253,5
TEST_20443,5
TEST_20097,5
TEST_23234,5
TEST_10391,5
TEST_20695,5
TEST_3387,5
TEST_17971,5
TEST_2867,5
TEST_25832,5
TEST_6455,5
TEST_19051,5
TEST_17673,5
TEST_5644,5
TEST_2951,5
TEST_12019,5
TEST_13008,5
TEST_29058,5
TEST_27309,5
TEST_14546,5
TEST_10729,5
TEST_8484,5
TEST_11630,5
TEST_7258,5
TEST_23671,5
TEST_16949,5
TEST_5269,5
TEST_4732,5
TEST_20403,5
TEST_387,5
TEST_8147,5
TEST_7699,5
TEST_26675,5
TEST_24088,5
TEST_21558,5
TEST_21251,5
TEST_13543,5
TEST_5683,5
TEST_15715,5
TEST_28796,5
TEST_16967,5
TEST_2530,5
TEST_4013,5
TEST_19137,5
TEST_12276,5
TEST_18214,5
TEST_18711,5
TEST_16017,5
TEST_19989,5
TEST_24427,5
TEST_21855,5
TEST_21948,5
TEST_20987,5
TEST_2556,5
TEST_25649,5
TEST_22828,5
TEST_6660,5
TEST_26596,5
TEST_12847,5
TEST_26180,5
TEST_28673,5
TEST_22933,5
TEST_1780,5
TEST_10415,5
TEST_19344,5
TEST_18767,5
TEST_6877,5
TEST_5397,5
TEST_22552,5
TEST_6114,5
TEST_16150,5
TEST_29702,5
TEST_168,5
TEST_24488,5
TEST_9312,5
TEST_10557,5
TEST_3598,5
TEST_26615,5
TEST_4597,5
TEST_4557,5
TEST_84,5
TEST_4902,5
TEST_13082,5
TEST_5446,5
TEST_2094,5
TEST_13853,5
TEST_12879,5
TEST_13879,5
TEST_2995,5
TEST_29986,5
TEST_18547,5
TEST_29153,5
TEST_25881,5
TEST_7398,5
TEST_15078,5
TEST_22602,5
TEST_22558,5
TEST_3263,5
TEST_16541,5
TEST_18705,5
TEST_14314,5
TEST_11792,5
TEST_3258,5
TEST_14946,5
TEST_7988,5
TEST_24602,5
TEST_15524,5
TEST_26397,5
TEST_15194,5
TEST_4316,5
TEST_27227,5
TEST_8067,5
TEST_6396,5
TEST_23568,5
TEST_21817,5
TEST_5034,5
TEST_7689,5
TEST_19564,5
TEST_4580,5
TEST_23635,5
TEST_11248,5
TEST_15763,5
TEST_19040,5
TEST_24109,5
TEST_14865,5
TEST_10068,5
TEST_14396,5
TEST_16683,5
TEST_21940,5
TEST_4249,5
TEST_22729,5
TEST_24014,5
TEST_5354,5
TEST_10955,5
TEST_15150,5
TEST_24048,5
TEST_5435,5
TEST_3782,5
TEST_16330,5
TEST_24643,5
TEST_24947,5
TEST_11065,5
TEST_11489,5
TEST_8178,5
TEST_28973,5
TEST_14209,5
TEST_19139,5
TEST_12505,5
TEST_16730,5
TEST_26094,5
TEST_29410,5
TEST_5668,5
TEST_25453,5
TEST_1044,5
TEST_13612,5
TEST_17059,5
TEST_19001,5
TEST_14485,5
TEST_7425,5
TEST_13610,5
TEST_8996,5
TEST_6607,5
TEST_12700,5
TEST_18224,5
TEST_21074,5
TEST_20917,5
TEST_17792,5
TEST_4693,5
TEST_4061,5
TEST_3564,5
TEST_24517,5
TEST_21470,5
TEST_5666,5
TEST_19069,5
TEST_2225,5
TEST_14288,5
TEST_29921,5
TEST_25360,5
TEST_19590,5
TEST_23501,5
TEST_4434,5
TEST_23867,5
TEST_14297,5
TEST_24910,5
TEST_27395,5
TEST_23885,5
TEST_17856,5
TEST_3271,5
TEST_15989,5
TEST_17544,5
TEST_587,5
TEST_8760,5
TEST_16329,5
TEST_20598,5
TEST_5685,5
TEST_18708,5
TEST_29982,5
TEST_253,5
TEST_8489,5
TEST_12720,5
TEST_8689,5
TEST_12257,5
TEST_24800,5
TEST_22260,5
TEST_14112,5
TEST_2716,5
TEST_18551,5
TEST_18552,5
TEST_5073,5
TEST_21352,5
TEST_12256,5
TEST_9135,5
TEST_8364,5
TEST_8642,5
TEST_7555,5
TEST_18494,5
TEST_18317,5
TEST_23463,5
TEST_13453,5
TEST_4800,5
TEST_26662,5
TEST_25266,5
TEST_21661,5
TEST_12862,5
TEST_14969,5
TEST_18196,5
TEST_29271,5
TEST_23250,5
TEST_1302,5
TEST_21450,5
TEST_29332,5
TEST_12953,5
TEST_8323,5
TEST_18968,5
TEST_3192,5
TEST_15895,5
TEST_2739,5
TEST_3366,5
TEST_2641,5
TEST_15408,5
TEST_19342,5
TEST_10778,5
TEST_29353,5
TEST_9800,5
TEST_7343,5
TEST_17062,5
TEST_16872,5
TEST_27299,5
TEST_18088,5
TEST_10890,5
TEST_29564,5
TEST_26052,5
TEST_27794,5
TEST_12097,5
TEST_29392,5
TEST_24159,5
TEST_17643,5
TEST_1142,5
TEST_14040,5
TEST_24655,5
TEST_23467,5
TEST_7747,5
TEST_12407,5
TEST_23765,5
TEST_15310,5
TEST_6449,5
TEST_12337,5
TEST_23135,5
TEST_13061,5
TEST_29525,5
TEST_1796,5
TEST_19658,5
TEST_27127,5
TEST_8700,5
TEST_19638,5
TEST_8837,5
TEST_10354,5
TEST_22762,5
TEST_13254,5
TEST_23252,5
TEST_13878,5
TEST_4757,5
TEST_20519,5
TEST_14580,5
TEST_3592,5
TEST_1015,5
TEST_19191,5
TEST_8426,5
TEST_10337,5
TEST_14897,5
TEST_14362,5
TEST_17168,5
TEST_5963,5
TEST_1204,5
TEST_17563,5
TEST_22261,5
TEST_4168,5
TEST_20335,5
TEST_28242,5
TEST_6700,5
TEST_2659,5
TEST_19019,5
TEST_14275,5
TEST_15442,5
TEST_5749,5
TEST_608,5
TEST_16974,5
TEST_8631,5
TEST_23985,5
TEST_14328,5
TEST_22015,5
TEST_14263,5
TEST_4108,5
TEST_15828,5
TEST_27228,5
TEST_16468,5
TEST_21632,5
TEST_13868,5
TEST_29308,5
TEST_22061,5
TEST_23509,5
TEST_7667,5
TEST_12952,5
TEST_18534,5
TEST_16800,5
TEST_17459,5
TEST_1417,5
TEST_28758,5
TEST_24408,5
TEST_20538,5
TEST_15532,5
TEST_12838,5
TEST_8692,5
TEST_25699,5
TEST_2062,5
TEST_12168,5
TEST_7712,5
TEST_8274,5
TEST_17309,5
TEST_3510,5
TEST_11589,5
TEST_21398,5
TEST_15451,5
TEST_5160,5
TEST_3998,5
TEST_21833,5
TEST_9373,5
TEST_10686,5
TEST_9091,5
TEST_1291,5
TEST_22392,5
TEST_1019,5
TEST_5674,5
TEST_27350,5
TEST_26004,5
TEST_17476,5
TEST_803,5
TEST_28589,5
TEST_8922,5
TEST_16117,5
TEST_21590,5
TEST_4023,5
TEST_7306,5
TEST_17322,5
TEST_11846,5
TEST_22490,5
TEST_15082,5
TEST_8048,5
TEST_6830,5
TEST_17778,5
TEST_27564,5
TEST_4156,5
TEST_8160,5
TEST_918,5
TEST_16855,5
TEST_12661,5
TEST_24076,5
TEST_23511,5
TEST_10662,5
TEST_16588,5
TEST_10558,5
TEST_15553,5
TEST_15236,5
TEST_23825,5
TEST_15178,5
TEST_16382,5
TEST_29387,5
TEST_5119,5
TEST_14380,5
TEST_16834,5
TEST_16007,5
TEST_26182,5
TEST_3763,5
TEST_9269,5
TEST_9162,5
TEST_9385,5
TEST_7004,5
TEST_7341,5
TEST_27908,5
TEST_25988,5
TEST_15250,5
TEST_24976,5
TEST_12366,5
TEST_29625,5
TEST_25363,5
TEST_22995,5
TEST_8870,5
TEST_2636,5
TEST_25551,5
TEST_4529,5
TEST_22368,5
TEST_20663,5
TEST_26623,5
TEST_19366,5
TEST_7909,5
TEST_7752,5
TEST_29319,5
TEST_20316,5
TEST_27834,5
TEST_26787,5
TEST_25307,5
TEST_6148,5
TEST_260,5
TEST_6784,5
TEST_19024,5
TEST_590,5
TEST_21596,5
TEST_4899,5
TEST_3358,5
TEST_20026,5
TEST_12055,5
TEST_22411,5
TEST_28180,5
TEST_26117,5
TEST_1646,5
TEST_11750,5
TEST_16958,5
TEST_12865,5
TEST_24081,5
TEST_7235,5
TEST_25224,5
TEST_17440,5
TEST_19986,5
TEST_2342,5
TEST_17592,5
TEST_28729,5
TEST_10324,5
TEST_9247,5
TEST_4300,5
TEST_7220,5
TEST_20159,5
TEST_3765,5
TEST_26794,5
TEST_21762,5
TEST_15028,5
TEST_26644,5
TEST_9799,5
TEST_1847,5
TEST_22754,5
TEST_14605,5
TEST_26747,5
TEST_2661,5
TEST_26797,5
TEST_2559,5
TEST_8841,5
TEST_27604,5
TEST_8865,5
TEST_11371,5
TEST_29060,5
TEST_5642,5
TEST_13344,5
TEST_3465,5
TEST_17186,5
TEST_2372,5
TEST_9212,5
TEST_12105,5
TEST_27024,5
TEST_663,5
TEST_1688,5
TEST_26828,5
TEST_20563,5
TEST_21472,5
TEST_395,5
TEST_12571,5
TEST_11575,5
TEST_8487,5
TEST_22523,5
TEST_7580,5
TEST_27503,5
TEST_20900,5
TEST_12836,5
TEST_11843,5
TEST_24387,5
TEST_24840,5
TEST_13157,5
TEST_11495,5
TEST_27942,5
TEST_16261,5
TEST_6790,5
TEST_8762,5
TEST_12140,5
TEST_10757,5
TEST_10994,5
TEST_25051,5
TEST_7282,5
TEST_7344,5
TEST_20282,5
TEST_11822,5
TEST_21984,5
TEST_26867,5
TEST_7811,5
TEST_8519,5
TEST_25885,5
TEST_21188,5
TEST_24165,5
TEST_1065,5
TEST_20276,5
TEST_3849,5
TEST_19896,5
TEST_5426,5
TEST_4094,5
TEST_16220,5
TEST_21271,5
TEST_28281,5
TEST_7755,5
TEST_12245,5
TEST_14767,5
TEST_28578,5
TEST_5139,5
TEST_11266,5
TEST_7246,5
TEST_2978,5
TEST_27896,5
TEST_15988,5
TEST_2419,5
TEST_5790,5
TEST_21876,5
TEST_6462,5
TEST_21038,5
TEST_4378,5
TEST_25515,5
TEST_17758,5
TEST_7892,5
TEST_23448,5
TEST_29121,5
TEST_20067,5
TEST_10712,5
TEST_8575,5
TEST_1794,5
TEST_17734,5
TEST_3201,5
TEST_16825,5
TEST_976,5
TEST_14238,5
TEST_20550,5
TEST_9296,5
TEST_234,5
TEST_799,5
TEST_1425,5
TEST_20503,5
TEST_5230,5
TEST_21531,5
TEST_26191,5
TEST_29944,5
TEST_14415,5
TEST_14752,5
TEST_9057,5
TEST_19835,5
TEST_2037,5
TEST_17221,5
TEST_13388,5
TEST_17579,5
TEST_466,5
TEST_18245,5
TEST_17034,5
TEST_11614,5
TEST_21385,5
TEST_10849,5
TEST_24961,5
TEST_13546,5
TEST_17443,5
TEST_28204,5
TEST_25785,5
TEST_152,5
TEST_27903,5
TEST_8036,5
TEST_8948,5
TEST_9545,5
TEST_21601,5
TEST_5086,5
TEST_24757,5
TEST_28474,5
TEST_17570,5
TEST_15164,5
TEST_27671,5
TEST_13511,5
TEST_2823,5
TEST_3619,5
TEST_20128,5
TEST_17298,5
TEST_28776,5
TEST_545,5
TEST_9786,5
TEST_4510,5
TEST_15753,5
TEST_19382,5
TEST_14,5
TEST_13616,5
TEST_24378,5
TEST_24865,5
TEST_5024,5
TEST_18360,5
TEST_17630,5
TEST_6478,5
TEST_13202,5
TEST_26524,5
TEST_22125,5
TEST_12293,5
TEST_6697,5
TEST_29661,5
TEST_6411,5
TEST_25038,5
TEST_16473,5
TEST_3628,5
TEST_10713,5
TEST_15376,5
TEST_22847,5
TEST_6380,5
TEST_1399,5
TEST_15870,5
TEST_7538,5
TEST_21739,5
TEST_22482,5
TEST_12554,5
TEST_2032,5
TEST_4260,5
TEST_3699,5
TEST_27706,5
TEST_2918,5
TEST_26975,5
TEST_2996,5
TEST_5680,5
TEST_6426,5
TEST_28302,5
TEST_1321,5
TEST_18268,5
TEST_2143,5
TEST_26439,5
TEST_28021,5
TEST_18407,5
TEST_5072,5
TEST_6038,5
TEST_3228,5
TEST_20926,5
TEST_24943,5
TEST_1593,5
TEST_16005,5
TEST_7816,5
TEST_26316,5
TEST_22919,5
TEST_17939,5
TEST_3544,5
TEST_23411,5
TEST_27925,5
TEST_21588,5
TEST_17149,5
TEST_23126,5
TEST_14197,5
TEST_5043,5
TEST_26452,5
TEST_23537,5
TEST_17044,5
TEST_12934,5
TEST_15804,5
TEST_26280,5
TEST_14554,5
TEST_13771,5
TEST_15906,5
TEST_5718,5
TEST_17665,5
TEST_6369,5
TEST_4032,5
TEST_5406,5
TEST_4280,5
TEST_25813,5
TEST_21730,5
TEST_13145,5
TEST_13418,5
TEST_16941,5
TEST_27669,5
TEST_16282,5
TEST_26543,5
TEST_11564,5
TEST_16666,5
TEST_9052,5
TEST_22116,5
TEST_11189,5
TEST_18737,5
TEST_23353,5
TEST_19132,5
TEST_24696,5
TEST_28249,5
TEST_15655,5
TEST_29969,5
TEST_23332,5
TEST_18333,5
TEST_13982,5
TEST_10865,5
TEST_5691,5
TEST_5915,5
TEST_26541,5
TEST_11650,5
TEST_15320,5
TEST_9987,5
TEST_22045,5
TEST_24162,5
TEST_21115,5
TEST_1229,5
TEST_3551,5
TEST_14470,5
TEST_27161,5
TEST_2697,5
TEST_27000,5
TEST_23377,5
TEST_28844,5
TEST_9547,5
TEST_6394,5
TEST_17096,5
TEST_1514,5
TEST_29090,5
TEST_3513,5
TEST_4340,5
TEST_11440,5
TEST_1983,5
TEST_21267,5
TEST_19949,5
TEST_21572,5
TEST_7812,5
TEST_27746,5
TEST_4676,5
TEST_7421,5
TEST_5664,5
TEST_17395,5
TEST_19940,5
TEST_18562,5
TEST_1768,5
TEST_3509,5
TEST_27747,5
TEST_29264,5
TEST_4974,5
TEST_22658,5
TEST_20422,5
TEST_8880,5
TEST_24660,5
TEST_327,5
TEST_19219,5
TEST_27600,5
TEST_21577,5
TEST_3360,5
TEST_20003,5
TEST_543,5
TEST_38,5
TEST_9954,5
TEST_27872,5
TEST_23813,5
TEST_19067,5
TEST_21173,5
TEST_14251,5
TEST_18865,5
TEST_13872,5
TEST_24185,5
TEST_23849,5
TEST_26917,5
TEST_16681,5
TEST_4634,5
TEST_25638,5
TEST_27824,5
TEST_4231,5
TEST_9689,5
TEST_15708,5
TEST_22540,5
TEST_27829,5
TEST_16964,5
TEST_8467,5
TEST_6820,5
TEST_592,5
TEST_19004,5
TEST_23503,5
TEST_26978,5
TEST_12740,5
TEST_29473,5
TEST_7213,5
TEST_26503,5
TEST_18132,5
TEST_4744,5
TEST_28613,5
TEST_27367,5
TEST_10820,5
TEST_16069,5
TEST_364,5
TEST_5036,5
TEST_10531,5
TEST_2610,5
TEST_5940,5
TEST_8973,5
TEST_21250,5
TEST_677,5
TEST_21955,5
TEST_28259,5
TEST_15240,5
TEST_20542,5
TEST_11282,5
TEST_25750,5
TEST_7239,5
TEST_9287,5
TEST_25149,5
TEST_16863,5
TEST_25476,5
TEST_10923,5
TEST_17244,5
TEST_29248,5
TEST_8809,5
TEST_28245,5
TEST_12825,5
TEST_5952,5
TEST_1689,5
TEST_19602,5
TEST_23017,5
TEST_25485,5
TEST_1759,5
TEST_19702,5
TEST_6008,5
TEST_18912,5
TEST_7718,5
TEST_17318,5
TEST_3230,5
TEST_579,5
TEST_20314,5
TEST_17640,5
TEST_25541,5
TEST_27940,5
TEST_19994,5
TEST_15047,5
TEST_3574,5
TEST_16534,5
TEST_3857,5
TEST_22210,5
TEST_16349,5
TEST_12759,5
TEST_10593,5
TEST_17125,5
TEST_24991,5
TEST_23712,5
TEST_10679,5
TEST_12285,5
TEST_18330,5
TEST_20579,5
TEST_1286,5
TEST_20670,5
TEST_11112,5
TEST_21330,5
TEST_18138,5
TEST_26297,5
TEST_16842,5
TEST_22822,5
TEST_6351,5
TEST_15817,5
TEST_11056,5
TEST_6684,5
TEST_21238,5
TEST_19426,5
TEST_7350,5
TEST_2554,5
TEST_27767,5
TEST_23508,5
TEST_11393,5
TEST_17770,5
TEST_13806,5
TEST_8781,5
TEST_1483,5
TEST_2703,5
TEST_13023,5
TEST_19674,5
TEST_20595,5
TEST_3003,5
TEST_16659,5
TEST_18351,5
TEST_27326,5
TEST_23438,5
TEST_11083,5
TEST_8524,5
TEST_5405,5
TEST_15126,5
TEST_8902,5
TEST_7206,5
TEST_14881,5
TEST_14740,5
TEST_21804,5
TEST_19,5
TEST_20863,5
TEST_3276,5
TEST_2378,5
TEST_8423,5
TEST_10898,5
TEST_13567,5
TEST_60,5
TEST_29080,5
TEST_25434,5
TEST_20756,5
TEST_4738,5
TEST_21498,5
TEST_20112,5
TEST_18609,5
TEST_24198,5
TEST_16551,5
TEST_8174,5
TEST_24568,5
TEST_4283,5
TEST_18934,5
TEST_3700,5
TEST_24915,5
TEST_24054,5
TEST_18970,5
TEST_7090,5
TEST_28022,5
TEST_7144,5
TEST_11496,5
TEST_10960,5
TEST_14888,5
TEST_18014,5
TEST_24682,5
TEST_3365,5
TEST_17583,5
TEST_11592,5
TEST_13493,5
TEST_7386,5
TEST_5442,5
TEST_9112,5
TEST_11412,5
TEST_9607,5
TEST_9860,5
TEST_4274,5
TEST_25201,5
TEST_13685,5
TEST_4811,5
TEST_15743,5
TEST_20064,5
TEST_20463,5
TEST_17752,5
TEST_27985,5
TEST_28002,5
TEST_29719,5
TEST_11577,5
TEST_14388,5
TEST_7342,5
TEST_733,5
TEST_20807,5
TEST_9976,5
TEST_13436,5
TEST_7328,5
TEST_27977,5
TEST_107,5
TEST_28847,5
TEST_22992,5
TEST_21903,5
TEST_19023,5
TEST_24009,5
TEST_20304,5
TEST_21017,5
TEST_22287,5
TEST_6183,5
TEST_27513,5
TEST_21780,5
TEST_7742,5
TEST_16273,5
TEST_20180,5
TEST_13889,5
TEST_10497,5
TEST_27579,5
TEST_28979,5
TEST_1060,5
TEST_9993,5
TEST_9410,5
TEST_5735,5
TEST_22443,5
TEST_23971,5
TEST_22782,5
TEST_23309,5
TEST_4651,5
TEST_21022,5
TEST_4642,5
TEST_26041,5
TEST_20853,5
TEST_876,5
TEST_19130,5
TEST_22534,5
TEST_10978,5
TEST_16082,5
TEST_10008,5
TEST_17420,5
TEST_28529,5
TEST_15682,5
TEST_7600,5
TEST_21720,5
TEST_6153,5
TEST_21918,5
TEST_8150,5
TEST_18125,5
TEST_4035,5
TEST_2752,5
TEST_18440,5
TEST_6698,5
TEST_22501,5
TEST_1666,5
TEST_10173,5
TEST_23124,5
TEST_12295,5
TEST_11664,5
TEST_18710,5
TEST_23886,5
TEST_383,5
TEST_24903,5
TEST_1146,5
TEST_11669,5
TEST_28512,5
TEST_14453,5
TEST_7180,5
TEST_21431,5
TEST_15887,5
TEST_12814,5
TEST_7162,5
TEST_18829,5
TEST_29659,5
TEST_16042,5
TEST_22364,5
TEST_3826,5
TEST_12340,5
TEST_6564,5
TEST_3458,5
TEST_24137,5
TEST_18356,5
TEST_11402,5
TEST_19859,5
TEST_2089,5
TEST_25448,5
TEST_6728,5
TEST_1179,5
TEST_16926,5
TEST_12147,5
TEST_2871,5
TEST_9991,5
TEST_15139,5
TEST_29879,5
TEST_6043,5
TEST_2605,5
TEST_5738,5
TEST_2901,5
TEST_19666,5
TEST_17609,5
TEST_483,5
TEST_27825,5
TEST_477,5
TEST_24131,5
TEST_6409,5
TEST_11099,5
TEST_6742,5
TEST_5617,5
TEST_6569,5
TEST_23747,5
TEST_7357,5
TEST_12279,5
TEST_2982,5
TEST_11223,5
TEST_18283,5
TEST_27362,5
TEST_10665,5
TEST_24665,5
TEST_4010,5
TEST_12804,5
TEST_11105,5
TEST_3969,5
TEST_22728,5
TEST_13060,5
TEST_21276,5
TEST_19415,5
TEST_28863,5
TEST_16635,5
TEST_27400,5
TEST_936,5
TEST_468,5
TEST_15338,5
TEST_27243,5
TEST_5705,5
TEST_20418,5
TEST_737,5
TEST_12624,5
TEST_6228,5
TEST_13840,5
TEST_12230,5
TEST_17536,5
TEST_27988,5
TEST_7744,5
TEST_21394,5
TEST_14269,5
TEST_22746,5
TEST_4641,5
TEST_10706,5
TEST_21213,5
TEST_17475,5
TEST_22579,5
TEST_20532,5
TEST_26802,5
TEST_10460,5
TEST_7677,5
TEST_313,5
TEST_3697,5
TEST_18101,5
TEST_9673,5
TEST_10685,5
TEST_21612,5
TEST_4460,5
TEST_16670,5
TEST_24658,5
TEST_24835,5
TEST_17740,5
TEST_6313,5
TEST_6767,5
TEST_12813,5
TEST_19784,5
TEST_1819,5
TEST_10689,5
TEST_27603,5
TEST_18881,5
TEST_25371,5
TEST_7723,5
TEST_681,5
TEST_16831,5
TEST_28601,5
TEST_13262,5
TEST_24761,5
TEST_22736,5
TEST_14649,5
TEST_19928,5
TEST_6781,5
TEST_17745,5
TEST_21580,5
TEST_3820,5
TEST_14902,5
TEST_26741,5
TEST_4908,5
TEST_20808,5
TEST_6970,5
TEST_11501,5
TEST_1878,5
TEST_22576,5
TEST_25636,5
TEST_9793,5
TEST_16034,5
TEST_18051,5
TEST_18987,5
TEST_12130,5
TEST_10813,5
TEST_29107,5
TEST_17243,5
TEST_16645,5
TEST_23394,5
TEST_21968,5
TEST_4442,5
TEST_3243,5
TEST_7161,5
TEST_11490,5
TEST_24771,5
TEST_25108,5
TEST_796,5
TEST_16283,5
TEST_24367,5
TEST_15034,5
TEST_21726,5
TEST_22134,5
TEST_970,5
TEST_22266,5
TEST_2768,5
TEST_16085,5
TEST_14502,5
TEST_22567,5
TEST_17761,5
TEST_6810,5
TEST_11610,5
TEST_22616,5
TEST_200,5
TEST_4493,5
TEST_14983,5
TEST_29534,5
TEST_4560,5
TEST_4389,5
TEST_27805,5
TEST_25886,5
TEST_15173,5
TEST_7799,5
TEST_5159,5
TEST_22424,5
TEST_11160,5
TEST_20360,5
TEST_2515,5
TEST_15140,5
TEST_12653,5
TEST_18312,5
TEST_10426,5
TEST_6630,5
TEST_28173,5
TEST_5533,5
TEST_7414,5
TEST_29496,5
TEST_11475,5
TEST_4543,5
TEST_2973,5
TEST_12715,5
TEST_20420,5
TEST_6494,5
TEST_9532,5
TEST_2954,5
TEST_15864,5
TEST_13336,5
TEST_3436,5
TEST_6472,5
TEST_22745,5
TEST_300,5
TEST_13758,5
TEST_29949,5
TEST_13748,5
TEST_4668,5
TEST_22316,5
TEST_25327,5
TEST_2586,5
TEST_20842,5
TEST_3796,5
TEST_17376,5
TEST_23905,5
TEST_27329,5
TEST_2003,5
TEST_12845,5
TEST_8208,5
TEST_9632,5
TEST_24439,5
TEST_12199,5
TEST_9349,5
TEST_19520,5
TEST_20351,5
TEST_28715,5
TEST_15233,5
TEST_25674,5
TEST_27039,5
TEST_4118,5
TEST_29786,5
TEST_24562,5
TEST_17727,5
TEST_21082,5
TEST_10788,5
TEST_23101,5
TEST_318,5
TEST_25027,5
TEST_16664,5
TEST_4539,5
TEST_21925,5
TEST_18569,5
TEST_3625,5
TEST_7927,5
TEST_22275,5
TEST_13389,5
TEST_37,5
TEST_19926,5
TEST_11678,5
TEST_19149,5
TEST_14901,5
TEST_20652,5
TEST_15930,5
TEST_23875,5
TEST_20413,5
TEST_5251,5
TEST_5955,5
TEST_22481,5
TEST_15333,5
TEST_1721,5
TEST_16892,5
TEST_17287,5
TEST_22144,5
TEST_19913,5
TEST_15873,5
TEST_3633,5
TEST_15784,5
TEST_4185,5
TEST_7463,5
TEST_17986,5
TEST_27570,5
TEST_16861,5
TEST_20934,5
TEST_5953,5
TEST_14929,5
TEST_25673,5
TEST_9592,5
TEST_3974,5
TEST_26274,5
TEST_17072,5
TEST_17863,5
TEST_169,5
TEST_25949,5
TEST_19794,5
TEST_28697,5
TEST_28056,5
TEST_21628,5
TEST_14082,5
TEST_18507,5
TEST_14433,5
TEST_20559,5
TEST_29378,5
TEST_17384,5
TEST_28586,5
TEST_25308,5
TEST_10156,5
TEST_27235,5
TEST_16030,5
TEST_11839,5
TEST_19370,5
TEST_1477,5
TEST_22797,5
TEST_5458,5
TEST_21214,5
TEST_26045,5
TEST_15931,5
TEST_20771,5
TEST_17817,5
TEST_4205,5
TEST_24603,5
TEST_14667,5
TEST_18716,5
TEST_29423,5
TEST_26750,5
TEST_3732,5
TEST_18723,5
TEST_24646,5
TEST_12468,5
TEST_21942,5
TEST_21187,5
TEST_19760,5
TEST_24188,5
TEST_24513,5
TEST_20363,5
TEST_2365,5
TEST_22562,5
TEST_24960,5
TEST_10016,5
TEST_13696,5
TEST_6469,5
TEST_17628,5
TEST_16237,5
TEST_7446,5
TEST_14290,5
TEST_10081,5
TEST_22890,5
TEST_11656,5
TEST_1931,5
TEST_10709,5
TEST_21137,5
TEST_27544,5
TEST_2298,5
TEST_14304,5
TEST_12469,5
TEST_16539,5
TEST_20757,5
TEST_17079,5
TEST_6652,5
TEST_23543,5
TEST_24246,5
TEST_8037,5
TEST_17764,5
TEST_24197,5
TEST_17514,5
TEST_1976,5
TEST_22793,5
TEST_5258,5
TEST_29816,5
TEST_5970,5
TEST_12102,5
TEST_26861,5
TEST_19120,5
TEST_17735,5
TEST_16738,5
TEST_26512,5
TEST_8582,5
TEST_5701,5
TEST_29113,5
TEST_10980,5
TEST_17796,5
TEST_25209,5
TEST_29562,5
TEST_25572,5
TEST_28821,5
TEST_1704,5
TEST_9881,5
TEST_20915,5
TEST_14372,5
TEST_4674,5
TEST_25743,5
TEST_7976,5
TEST_28372,5
TEST_4742,5
TEST_28030,5
TEST_29940,5
TEST_6892,5
TEST_15548,5
TEST_10724,5
TEST_5687,5
TEST_13046,5
TEST_12235,5
TEST_3994,5
TEST_4567,5
TEST_27723,5
TEST_19030,5
TEST_24355,5
TEST_3600,5
TEST_12595,5
TEST_11926,5
TEST_18081,5
TEST_476,5
TEST_22587,5
TEST_4911,5
TEST_7714,5
TEST_14954,5
TEST_24894,5
TEST_16298,5
TEST_5575,5
TEST_13975,5
TEST_2456,5
TEST_24087,5
TEST_887,5
TEST_9244,5
TEST_16144,5
TEST_18630,5
TEST_23605,5
TEST_12876,5
TEST_15158,5
TEST_21952,5
TEST_18950,5
TEST_28680,5
TEST_19081,5
TEST_9872,5
TEST_21298,5
TEST_6484,5
TEST_7141,5
TEST_2579,5
TEST_20714,5
TEST_17785,5
TEST_29007,5
TEST_26676,5
TEST_11719,5
TEST_8945,5
TEST_8201,5
TEST_3741,5
TEST_7920,5
TEST_10123,5
TEST_29753,5
TEST_24050,5
TEST_11991,5
TEST_17023,5
TEST_18030,5
TEST_29086,5
TEST_18380,5
TEST_14835,5
TEST_16943,5
TEST_5295,5
TEST_25417,5
TEST_23887,5
TEST_26488,5
TEST_24289,5
TEST_1100,5
TEST_9122,5
TEST_27389,5
TEST_4104,5
TEST_17230,5
TEST_23660,5
TEST_25020,5
TEST_12549,5
TEST_10759,5
TEST_2326,5
TEST_29497,5
TEST_15180,5
TEST_19152,5
TEST_9805,5
TEST_19511,5
TEST_12196,5
TEST_3096,5
TEST_14340,5
TEST_8513,5
TEST_12644,5
TEST_29211,5
TEST_23381,5
TEST_27550,5
TEST_1005,5
TEST_20885,5
TEST_18898,5
TEST_48,5
TEST_27181,5
TEST_25116,5
TEST_17193,5
TEST_27093,5
TEST_26398,5
TEST_6192,5
TEST_13932,5
TEST_7616,5
TEST_4589,5
TEST_16186,5
TEST_11435,5
TEST_20182,5
TEST_15256,5
TEST_891,5
TEST_13837,5
TEST_5976,5
TEST_6266,5
TEST_22228,5
TEST_27239,5
TEST_28781,5
TEST_13761,5
TEST_25892,5
TEST_19401,5
TEST_22885,5
TEST_1190,5
TEST_27355,5
TEST_11911,5
TEST_26261,5
TEST_23931,5
TEST_24365,5
TEST_11329,5
TEST_25524,5
TEST_19704,5
TEST_3200,5
TEST_18544,5
TEST_29009,5
TEST_398,5
TEST_6193,5
TEST_12178,5
TEST_8382,5
TEST_7994,5
TEST_13576,5
TEST_17502,5
TEST_19670,5
TEST_8251,5
TEST_8072,5
TEST_22170,5
TEST_2594,5
TEST_28093,5
TEST_20661,5
TEST_5317,5
TEST_18456,5
TEST_3743,5
TEST_27577,5
TEST_10496,5
TEST_28293,5
TEST_3197,5
TEST_9276,5
TEST_16841,5
TEST_17325,5
TEST_3661,5
TEST_12142,5
TEST_8811,5
TEST_23572,5
TEST_13242,5
TEST_15875,5
TEST_16423,5
TEST_22800,5
TEST_12301,5
TEST_25648,5
TEST_4611,5
TEST_27167,5
TEST_8587,5
TEST_8749,5
TEST_6788,5
TEST_6771,5
TEST_15872,5
TEST_12174,5
TEST_17191,5
TEST_12916,5
TEST_12893,5
TEST_2642,5
TEST_17617,5
TEST_15224,5
TEST_22883,5
TEST_15263,5
TEST_1398,5
TEST_24117,5
TEST_2446,5
TEST_7586,5
TEST_18548,5
TEST_12118,5
TEST_26557,5
TEST_16409,5
TEST_29482,5
TEST_12452,5
TEST_28643,5
TEST_19667,5
TEST_10299,5
TEST_12443,5
TEST_9801,5
TEST_17755,5
TEST_10472,5
TEST_1025,5
TEST_1269,5
TEST_10843,5
TEST_25687,5
TEST_6778,5
TEST_19399,5
TEST_6265,5
TEST_22594,5
TEST_12702,5
TEST_26311,5
TEST_2742,5
TEST_29004,5
TEST_25987,5
TEST_27217,5
TEST_10147,5
TEST_21684,5
TEST_9964,5
TEST_18935,5
TEST_3596,5
TEST_2832,5
TEST_778,5
TEST_19365,5
TEST_29006,5
TEST_1353,5
TEST_15938,5
TEST_28352,5
TEST_25350,5
TEST_5468,5
TEST_28455,5
TEST_9705,5
TEST_8709,5
TEST_12177,5
TEST_16328,5
TEST_405,5
TEST_28341,5
TEST_10168,5
TEST_9420,5
TEST_23357,5
TEST_5928,5
TEST_18175,5
TEST_3790,5
TEST_861,5
TEST_22550,5
TEST_9361,5
TEST_29130,5
TEST_17160,5
TEST_15232,5
TEST_29333,5
TEST_29176,5
TEST_1442,5
TEST_27713,5
TEST_28258,5
TEST_13911,5
TEST_14602,5
TEST_8546,5
TEST_27172,5
TEST_14533,5
TEST_17408,5
TEST_25160,5
TEST_7308,5
TEST_1559,5
TEST_4531,5
TEST_12764,5
TEST_24578,5
TEST_16882,5
TEST_21076,5
TEST_24146,5
TEST_9595,5
TEST_13274,5
TEST_28145,5
TEST_21316,5
TEST_12660,5
TEST_21430,5
TEST_16518,5
TEST_24955,5
TEST_19324,5
TEST_23,5
TEST_2354,5
TEST_630,5
TEST_14594,5
TEST_2012,5
TEST_16179,5
TEST_5235,5
TEST_12502,5
TEST_18208,5
TEST_27938,5
TEST_10056,5
TEST_8801,5
TEST_8681,5
TEST_27799,5
TEST_12414,5
TEST_1830,5
TEST_24626,5
TEST_25952,5
TEST_9181,5
TEST_6632,5
TEST_12037,5
TEST_20070,5
TEST_18791,5
TEST_19680,5
TEST_6430,5
TEST_5904,5
TEST_8843,5
TEST_3919,5
TEST_14579,5
TEST_13382,5
TEST_26165,5
TEST_12163,5
TEST_8647,5
TEST_24115,5
TEST_4608,5
TEST_1362,5
TEST_13396,5
TEST_13195,5
TEST_16284,5
TEST_3460,5
TEST_16255,5
TEST_3159,5
TEST_16339,5
TEST_21503,5
TEST_14074,5
TEST_12991,5
TEST_15013,5
TEST_21361,5
TEST_80,5
TEST_29880,5
TEST_17574,5
TEST_24059,5
TEST_29758,5
TEST_29634,5
TEST_14975,5
TEST_28752,5
TEST_15471,5
TEST_22227,5
TEST_2604,5
TEST_19127,5
TEST_26887,5
TEST_22805,5
TEST_12478,5
TEST_5216,5
TEST_29400,5
TEST_7063,5
TEST_2888,5
TEST_25276,5
TEST_16355,5
TEST_9563,5
TEST_7470,5
TEST_23669,5
TEST_11182,5
TEST_6640,5
TEST_15375,5
TEST_23688,5
TEST_27289,5
TEST_23244,5
TEST_28951,5
TEST_29411,5
TEST_28516,5
TEST_1555,5
TEST_12176,5
TEST_17857,5
TEST_4551,5
TEST_1285,5
TEST_12481,5
TEST_26656,5
TEST_26781,5
TEST_14219,5
TEST_1191,5
TEST_19391,5
TEST_5859,5
TEST_18503,5
TEST_19992,5
TEST_28327,5
TEST_19042,5
TEST_11726,5
TEST_4924,5
TEST_2423,5
TEST_21822,5
TEST_5145,5
TEST_15788,5
TEST_15006,5
TEST_20804,5
TEST_2173,5
TEST_7835,5
TEST_27680,5
TEST_502,5
TEST_22675,5
TEST_10526,5
TEST_1648,5
TEST_10134,5
TEST_29084,5
TEST_25009,5
TEST_11765,5
TEST_20449,5
TEST_20921,5
TEST_29134,5
TEST_24389,5
TEST_17116,5
TEST_12528,5
TEST_13774,5
TEST_17784,5
TEST_25809,5
TEST_7748,5
TEST_1728,5
TEST_2463,5
TEST_17250,5
TEST_5863,5
TEST_19964,5
TEST_28041,5
TEST_3044,5
TEST_17505,5
TEST_830,5
TEST_511,5
TEST_18972,5
TEST_10407,5
TEST_2184,5
TEST_29704,5
TEST_19161,5
TEST_344,5
TEST_15576,5
TEST_17122,5
TEST_27684,5
TEST_26592,5
TEST_25840,5
TEST_11441,5
TEST_6647,5
TEST_29111,5
TEST_26007,5
TEST_22997,5
TEST_3490,5
TEST_324,5
TEST_17434,5
TEST_29561,5
TEST_14381,5
TEST_3434,5
TEST_29938,5
TEST_9905,5
TEST_9489,5
TEST_1915,5
TEST_25198,5
TEST_16864,5
TEST_7804,5
TEST_13600,5
TEST_26470,5
TEST_8888,5
TEST_23024,5
TEST_5339,5
TEST_24450,5
TEST_24437,5
TEST_1405,5
TEST_11434,5
TEST_4986,5
TEST_19284,5
TEST_14778,5
TEST_3025,5
TEST_4858,5
TEST_11509,5
TEST_250,5
TEST_27470,5
TEST_6179,5
TEST_6285,5
TEST_25986,5
TEST_23793,5
TEST_1868,5
TEST_25275,5
TEST_24616,5
TEST_8560,5
TEST_18404,5
TEST_8361,5
TEST_20001,5
TEST_26126,5
TEST_16716,5
TEST_28850,5
TEST_22306,5
TEST_9505,5
TEST_26285,5
TEST_4582,5
TEST_21761,5
TEST_15821,5
TEST_29575,5
TEST_29444,5
TEST_13278,5
TEST_20409,5
TEST_24005,5
TEST_16610,5
TEST_6477,5
TEST_21138,5
TEST_4371,5
TEST_14455,5
TEST_28943,5
TEST_25040,5
TEST_307,5
TEST_9846,5
TEST_23548,5
TEST_7033,5
TEST_21055,5
TEST_17757,5
TEST_10801,5
TEST_24802,5
TEST_6154,5
TEST_5191,5
TEST_24118,5
TEST_12671,5
TEST_14968,5
TEST_32,5
TEST_9498,5
TEST_13308,5
TEST_11002,5
TEST_22296,5
TEST_5761,5
TEST_17754,5
TEST_12444,5
TEST_5591,5
TEST_6958,5
TEST_22519,5
TEST_12831,5
TEST_17524,5
TEST_5934,5
TEST_29769,5
TEST_25557,5
TEST_25180,5
TEST_27384,5
TEST_17822,5
TEST_21693,5
TEST_20187,5
TEST_836,5
TEST_21797,5
TEST_22350,5
TEST_12492,5
TEST_22606,5
TEST_22898,5
TEST_1938,5
TEST_15418,5
TEST_24323,5
TEST_1909,5
TEST_11807,5
TEST_4650,5
TEST_28375,5
TEST_5336,5
TEST_29471,5
TEST_27982,5
TEST_3778,5
TEST_19335,5
TEST_27882,5
TEST_16960,5
TEST_14915,5
TEST_5172,5
TEST_3376,5
TEST_19122,5
TEST_5502,5
TEST_15636,5
TEST_27881,5
TEST_17599,5
TEST_9327,5
TEST_23796,5
TEST_26466,5
TEST_26011,5
TEST_11165,5
TEST_4089,5
TEST_4966,5
TEST_14088,5
TEST_14226,5
TEST_25236,5
TEST_16347,5
TEST_28240,5
TEST_15625,5
TEST_10629,5
TEST_17300,5
TEST_28853,5
TEST_10611,5
TEST_29684,5
TEST_18063,5
TEST_16817,5
TEST_16022,5
TEST_20217,5
TEST_12117,5
TEST_25430,5
TEST_15350,5
TEST_2879,5
TEST_20895,5
TEST_27255,5
TEST_17252,5
TEST_29380,5
TEST_5064,5
TEST_18180,5
TEST_23190,5
TEST_22814,5
TEST_11555,5
TEST_18105,5
TEST_13599,5
TEST_2838,5
TEST_23839,5
TEST_29354,5
TEST_9552,5
TEST_25707,5
TEST_18395,5
TEST_7459,5
TEST_2400,5
TEST_6804,5
TEST_23148,5
TEST_17585,5
TEST_16550,5
TEST_6544,5
TEST_7400,5
TEST_2929,5
TEST_910,5
TEST_18108,5
TEST_6556,5
TEST_29509,5
TEST_1679,5
TEST_7218,5
TEST_28085,5
TEST_5324,5
TEST_23054,5
TEST_5170,5
TEST_15990,5
TEST_24712,5
TEST_25802,5
TEST_29027,5
TEST_21018,5
TEST_2862,5
TEST_22931,5
TEST_4400,5
TEST_24060,5
TEST_13391,5
TEST_2624,5
TEST_17969,5
TEST_11103,5
TEST_23317,5
TEST_23833,5
TEST_15968,5
TEST_7680,5
TEST_14816,5
TEST_12244,5
TEST_6673,5
TEST_15384,5
TEST_21353,5
TEST_17488,5
TEST_27918,5
TEST_26421,5
TEST_23841,5
TEST_11114,5
TEST_15728,5
TEST_28338,5
TEST_10542,5
TEST_10732,5
TEST_12772,5
TEST_15294,5
TEST_16653,5
TEST_145,5
TEST_20240,5
TEST_20031,5
TEST_5345,5
TEST_16435,5
TEST_23737,5
TEST_419,5
TEST_5598,5
TEST_3611,5
TEST_18336,5
TEST_15020,5
TEST_29586,5
TEST_24112,5
TEST_24984,5
TEST_18084,5
TEST_17566,5
TEST_8985,5
TEST_316,5
TEST_26456,5
TEST_7269,5
TEST_240,5
TEST_7794,5
TEST_21319,5
TEST_800,5
TEST_905,5
TEST_2433,5
TEST_1267,5
TEST_26116,5
TEST_8983,5
TEST_12755,5
TEST_7957,5
TEST_25480,5
TEST_15570,5
TEST_17069,5
TEST_21231,5
TEST_28812,5
TEST_23393,5
TEST_13400,5
TEST_19589,5
TEST_18592,5
TEST_4339,5
TEST_29312,5
TEST_26357,5
TEST_10971,5
TEST_18122,5
TEST_24071,5
TEST_4583,5
TEST_11389,5
TEST_9584,5
TEST_21123,5
TEST_20857,5
TEST_2195,5
TEST_24962,5
TEST_29412,5
TEST_26912,5
TEST_18777,5
TEST_6355,5
TEST_29632,5
TEST_1634,5
TEST_15414,5
TEST_26021,5
TEST_13054,5
TEST_29126,5
TEST_11101,5
TEST_6575,5
TEST_24434,5
TEST_19572,5
TEST_17927,5
TEST_16420,5
TEST_13099,5
TEST_29456,5
TEST_16251,5
TEST_26473,5
TEST_12288,5
TEST_17632,5
TEST_13769,5
TEST_27063,5
TEST_23429,5
TEST_2989,5
TEST_6039,5
TEST_2798,5
TEST_4475,5
TEST_11155,5
TEST_26309,5
TEST_17826,5
TEST_21986,5
TEST_23581,5
TEST_13860,5
TEST_7941,5
TEST_27857,5
TEST_18411,5
TEST_18735,5
TEST_21094,5
TEST_15053,5
TEST_1104,5
TEST_7646,5
TEST_25690,5
TEST_2303,5
TEST_1730,5
TEST_16971,5
TEST_4208,5
TEST_10011,5
TEST_11879,5
TEST_44,5
TEST_13648,5
TEST_22937,5
TEST_9738,5
TEST_27372,5
TEST_6659,5
TEST_11120,5
TEST_2724,5
TEST_27523,5
TEST_29628,5
TEST_4262,5
TEST_6059,5
TEST_9169,5
TEST_14543,5
TEST_6203,5
TEST_1765,5
TEST_10561,5
TEST_22276,5
TEST_15901,5
TEST_24302,5
TEST_4413,5
TEST_8767,5
TEST_7987,5
TEST_3899,5
TEST_3850,5
TEST_18902,5
TEST_25323,5
TEST_4040,5
TEST_18397,5
TEST_25133,5
TEST_17833,5
TEST_14390,5
TEST_29620,5
TEST_11469,5
TEST_2824,5
TEST_9899,5
TEST_19439,5
TEST_20514,5
TEST_27180,5
TEST_19387,5
TEST_14643,5
TEST_1092,5
TEST_8494,5
TEST_22547,5
TEST_22512,5
TEST_29616,5
TEST_20224,5
TEST_15056,5
TEST_13475,5
TEST_23373,5
TEST_14526,5
TEST_27912,5
TEST_11665,5
TEST_21373,5
TEST_19569,5
TEST_15388,5
TEST_3319,5
TEST_15984,5
TEST_10891,5
TEST_1873,5
TEST_18381,5
TEST_6174,5
TEST_10265,5
TEST_12678,5
TEST_8770,5
TEST_7751,5
TEST_13159,5
TEST_9249,5
TEST_9698,5
TEST_16901,5
TEST_22864,5
TEST_15846,5
TEST_8974,5
TEST_20391,5
TEST_1262,5
TEST_27867,5
TEST_7693,5
TEST_25531,5
TEST_16815,5
TEST_19744,5
TEST_26410,5
TEST_7649,5
TEST_4454,5
TEST_5215,5
TEST_23011,5
TEST_18083,5
TEST_21442,5
TEST_14267,5
TEST_13569,5
TEST_21157,5
TEST_1451,5
TEST_10434,5
TEST_26417,5
TEST_5554,5
TEST_21248,5
TEST_1953,5
TEST_26595,5
TEST_26401,5
TEST_16814,5
TEST_27043,5
TEST_700,5
TEST_28219,5
TEST_3041,5
TEST_4686,5
TEST_26814,5
TEST_2591,5
TEST_12765,5
TEST_27135,5
TEST_14971,5
TEST_28000,5
TEST_6419,5
TEST_18557,5
TEST_14499,5
TEST_15780,5
TEST_16667,5
TEST_8542,5
TEST_27412,5
TEST_2513,5
TEST_6826,5
TEST_19841,5
TEST_4325,5
TEST_9818,5
TEST_29257,5
TEST_10097,5
TEST_24339,5
TEST_21325,5
TEST_5327,5
TEST_7839,5
TEST_7783,5
TEST_16833,5
TEST_12735,5
TEST_8851,5
TEST_9833,5
TEST_16371,5
TEST_20103,5
TEST_16294,5
TEST_28035,5
TEST_19983,5
TEST_16364,5
TEST_19350,5
TEST_10594,5
TEST_24543,5
TEST_5615,5
TEST_1343,5
TEST_1645,5
TEST_11634,5
TEST_27785,5
TEST_4981,5
TEST_2626,5
TEST_7615,5
TEST_10792,5
TEST_12354,5
TEST_4983,5
TEST_11295,5
TEST_28248,5
TEST_3499,5
TEST_18235,5
TEST_18483,5
TEST_17466,5
TEST_29167,5
TEST_16059,5
TEST_24047,5
TEST_10316,5
TEST_12242,5
TEST_28422,5
TEST_7778,5
TEST_7394,5
TEST_5464,5
TEST_18109,5
TEST_15663,5
TEST_3423,5
TEST_22106,5
TEST_814,5
TEST_2349,5
TEST_26307,5
TEST_21779,5
TEST_15071,5
TEST_13483,5
TEST_27632,5
TEST_14801,5
TEST_15582,5
TEST_16354,5
TEST_13488,5
TEST_16711,5
TEST_29713,5
TEST_29460,5
TEST_14419,5
TEST_13713,5
TEST_4695,5
TEST_26164,5
TEST_2386,5
TEST_24721,5
TEST_9973,5
TEST_23754,5
TEST_11064,5
TEST_153,5
TEST_14976,5
TEST_2332,5
TEST_21090,5
TEST_29303,5
TEST_29533,5
TEST_28132,5
TEST_10742,5
TEST_10281,5
TEST_9556,5
TEST_27510,5
TEST_21131,5
TEST_26328,5
TEST_5395,5
TEST_22444,5
TEST_17259,5
TEST_17471,5
TEST_21422,5
TEST_11020,5
TEST_21444,5
TEST_4102,5
TEST_25088,5
TEST_25280,5
TEST_4516,5
TEST_13907,5
TEST_26355,5
TEST_5696,5
TEST_4252,5
TEST_5768,5
TEST_21279,5
TEST_14788,5
TEST_19785,5
TEST_14130,5
TEST_5805,5
TEST_1833,5
TEST_27105,5
TEST_14719,5
TEST_1098,5
TEST_25369,5
TEST_7349,5
TEST_1030,5
TEST_16906,5
TEST_10791,5
TEST_2562,5
TEST_15868,5
TEST_24783,5
TEST_28735,5
TEST_9124,5
TEST_9272,5
TEST_10223,5
TEST_5657,5
TEST_28234,5
TEST_28268,5
TEST_8871,5
TEST_4596,5
TEST_22373,5
TEST_7997,5
TEST_11646,5
TEST_10263,5
TEST_9797,5
TEST_23893,5
TEST_5287,5
TEST_16260,5
TEST_29593,5
TEST_21523,5
TEST_9684,5
TEST_2945,5
TEST_2068,5
TEST_13095,5
TEST_20803,5
TEST_25717,5
TEST_11498,5
TEST_17067,5
TEST_7267,5
TEST_2653,5
TEST_18943,5
TEST_10186,5
TEST_1111,5
TEST_16569,5
TEST_27852,5
TEST_2445,5
TEST_5942,5
TEST_16221,5
TEST_17056,5
TEST_9518,5
TEST_18738,5
TEST_1693,5
TEST_25775,5
TEST_12005,5
TEST_25099,5
TEST_12388,5
TEST_6815,5
TEST_19787,5
TEST_1862,5
TEST_7045,5
TEST_17994,5
TEST_9507,5
TEST_19272,5
TEST_25692,5
TEST_2429,5
TEST_15913,5
TEST_10388,5
TEST_16828,5
TEST_6625,5
TEST_8381,5
TEST_23122,5
TEST_25783,5
TEST_13877,5
TEST_18667,5
TEST_2262,5
TEST_7780,5
TEST_7287,5
TEST_13916,5
TEST_12746,5
TEST_1437,5
TEST_1821,5
TEST_6616,5
TEST_26160,5
TEST_22399,5
TEST_18677,5
TEST_6773,5
TEST_1777,5
TEST_27972,5
TEST_2176,5
TEST_29574,5
TEST_2672,5
TEST_20209,5
TEST_26588,5
TEST_15886,5
TEST_2168,5
TEST_3195,5
TEST_8794,5
TEST_10871,5
TEST_25989,5
TEST_2063,5
TEST_23320,5
TEST_25867,5
TEST_18978,5
TEST_19633,5
TEST_25505,5
TEST_22619,5
TEST_320,5
TEST_11206,5
TEST_20087,5
TEST_10864,5
TEST_7429,5
TEST_6992,5
TEST_19709,5
TEST_27548,5
TEST_22348,5
TEST_7055,5
TEST_29861,5
TEST_6822,5
TEST_2197,5
TEST_28525,5
TEST_29972,5
TEST_26604,5
TEST_17437,5
TEST_7060,5
TEST_25520,5
TEST_19143,5
TEST_25146,5
TEST_15879,5
TEST_20423,5
TEST_14451,5
TEST_1639,5
TEST_19865,5
TEST_26772,5
TEST_29484,5
TEST_20823,5
TEST_7214,5
TEST_5021,5
TEST_463,5
TEST_15405,5
TEST_9701,5
TEST_1022,5
TEST_17535,5
TEST_27979,5
TEST_5418,5
TEST_16545,5
TEST_4109,5
TEST_19494,5
TEST_10022,5
TEST_5010,5
TEST_19985,5
TEST_20586,5
TEST_5682,5
TEST_25899,5
TEST_28696,5
TEST_20239,5
TEST_3687,5
TEST_17089,5
TEST_5544,5
TEST_10592,5
TEST_29891,5
TEST_24167,5
TEST_16835,5
TEST_20510,5
TEST_12945,5
TEST_818,5
TEST_18885,5
TEST_22388,5
TEST_435,5
TEST_1543,5
TEST_11128,5
TEST_25800,5
TEST_14379,5
TEST_14965,5
TEST_16548,5
TEST_4502,5
TEST_26539,5
TEST_26597,5
TEST_8330,5
TEST_11446,5
TEST_29793,5
TEST_4776,5
TEST_19461,5
TEST_28568,5
TEST_14889,5
TEST_9868,5
TEST_22064,5
TEST_4043,5
TEST_11067,5
TEST_25150,5
TEST_16187,5
TEST_14895,5
TEST_12259,5
TEST_15113,5
TEST_7268,5
TEST_9648,5
TEST_9264,5
TEST_23571,5
TEST_9898,5
TEST_28790,5
TEST_13849,5
TEST_6363,5
TEST_1716,5
TEST_19519,5
TEST_3970,5
TEST_6584,5
TEST_23161,5
TEST_18699,5
TEST_4719,5
TEST_14647,5
TEST_20053,5
TEST_27861,5
TEST_20615,5
TEST_8097,5
TEST_13691,5
TEST_24327,5
TEST_23556,5
TEST_10822,5
TEST_8234,5
TEST_17790,5
TEST_19371,5
TEST_1348,5
TEST_2343,5
TEST_24732,5
TEST_13018,5
TEST_20216,5
TEST_24212,5
TEST_583,5
TEST_23456,5
TEST_5978,5
TEST_21793,5
TEST_3889,5
TEST_17245,5
TEST_291,5
TEST_17933,5
TEST_28652,5
TEST_22345,5
TEST_23436,5
TEST_26838,5
TEST_27487,5
TEST_3641,5
TEST_5504,5
TEST_12206,5
TEST_2324,5
TEST_12138,5
TEST_2165,5
TEST_22682,5
TEST_154,5
TEST_25450,5
TEST_17038,5
TEST_29901,5
TEST_24801,5
TEST_27126,5
TEST_6292,5
TEST_28864,5
TEST_7539,5
TEST_15274,5
TEST_26732,5
TEST_27082,5
TEST_4031,5
TEST_27260,5
TEST_4647,5
TEST_28631,5
TEST_15827,5
TEST_17842,5
TEST_29138,5
TEST_17464,5
TEST_17531,5
TEST_5223,5
TEST_26344,5
TEST_14781,5
TEST_25166,5
TEST_10389,5
TEST_27151,5
TEST_9679,5
TEST_25754,5
TEST_20852,5
TEST_1937,5
TEST_20365,5
TEST_25977,5
TEST_13971,5
TEST_24052,5
TEST_23562,5
TEST_10528,5
TEST_11799,5
TEST_11130,5
TEST_26463,5
TEST_22291,5
TEST_337,5
TEST_24749,5
TEST_4508,5
TEST_20558,5
TEST_16202,5
TEST_473,5
TEST_11442,5
TEST_741,5
TEST_6832,5
TEST_10041,5
TEST_23750,5
TEST_4815,5
TEST_17800,5
TEST_4384,5
TEST_1427,5
TEST_26698,5
TEST_14272,5
TEST_28467,5
TEST_6538,5
TEST_1671,5
TEST_2248,5
TEST_18991,5
TEST_25314,5
TEST_3737,5
TEST_7276,5
TEST_25389,5
TEST_8857,5
TEST_6329,5
TEST_29810,5
TEST_27426,5
TEST_21735,5
TEST_19575,5
TEST_25652,5
TEST_1669,5
TEST_597,5
TEST_6261,5
TEST_22663,5
TEST_23832,5
TEST_15696,5
TEST_844,5
TEST_13994,5
TEST_815,5
TEST_5448,5
TEST_6776,5
TEST_45,5
TEST_15775,5
TEST_4441,5
TEST_11302,5
TEST_15510,5
TEST_22419,5
TEST_12919,5
TEST_15300,5
TEST_4826,5
TEST_28651,5
TEST_7285,5
TEST_29277,5
TEST_29707,5
TEST_13709,5
TEST_19314,5
TEST_20585,5
TEST_23275,5
TEST_16103,5
TEST_285,5
TEST_15365,5
TEST_18793,5
TEST_10889,5
TEST_20887,5
TEST_11308,5
TEST_17330,5
TEST_6745,5
TEST_17397,5
TEST_25199,5
TEST_6439,5
TEST_27649,5
TEST_16419,5
TEST_7070,5
TEST_22127,5
TEST_12363,5
TEST_26234,5
TEST_17093,5
TEST_13131,5
TEST_3694,5
TEST_18417,5
TEST_19427,5
TEST_21669,5
TEST_3464,5
TEST_27969,5
TEST_12719,5
TEST_227,5
TEST_7257,5
TEST_4245,5
TEST_9274,5
TEST_1040,5
TEST_29967,5
TEST_8100,5
TEST_16798,5
TEST_16215,5
TEST_2761,5
TEST_27464,5
TEST_19330,5
TEST_15745,5
TEST_1907,5
TEST_813,5
TEST_12108,5
TEST_15539,5
TEST_28907,5
TEST_7186,5
TEST_17885,5
TEST_2570,5
TEST_15618,5
TEST_16655,5
TEST_15915,5
TEST_17020,5
TEST_18875,5
TEST_22385,5
TEST_3113,5
TEST_5599,5
TEST_19676,5
TEST_29501,5
TEST_24274,5
TEST_3371,5
TEST_27390,5
TEST_17961,5
TEST_4889,5
TEST_17831,5
TEST_7404,5
TEST_8984,5
TEST_25693,5
TEST_9741,5
TEST_13291,5
TEST_22155,5
TEST_10583,5
TEST_11771,5
TEST_14407,5
TEST_5775,5
TEST_22071,5
TEST_7785,5
TEST_24456,5
TEST_14914,5
TEST_8052,5
TEST_4894,5
TEST_4093,5
TEST_641,5
TEST_22235,5
TEST_22355,5
TEST_27164,5
TEST_20512,5
TEST_7008,5
TEST_21253,5
TEST_29110,5
TEST_19962,5
TEST_22768,5
TEST_18203,5
TEST_24888,5
TEST_19661,5
TEST_27153,5
TEST_29454,5
TEST_23386,5
TEST_23570,5
TEST_3504,5
TEST_11203,5
TEST_23370,5
TEST_433,5
TEST_9514,5
TEST_26796,5
TEST_7263,5
TEST_13264,5
TEST_29779,5
TEST_27238,5
TEST_21095,5
TEST_5543,5
TEST_3110,5
TEST_29619,5
TEST_14870,5
TEST_12636,5
TEST_18028,5
TEST_11782,5
TEST_4954,5
TEST_20200,5
TEST_10741,5
TEST_11251,5
TEST_19498,5
TEST_23925,5
TEST_26415,5
TEST_19018,5
TEST_16689,5
TEST_1083,5
TEST_15947,5
TEST_28635,5
TEST_3316,5
TEST_15762,5
TEST_2369,5
TEST_20279,5
TEST_29095,5
TEST_18254,5
TEST_11604,5
TEST_12600,5
TEST_10176,5
TEST_12282,5
TEST_2267,5
TEST_24494,5
TEST_24160,5
TEST_6928,5
TEST_14387,5
TEST_7084,5
TEST_19117,5
TEST_6828,5
TEST_29646,5
TEST_19420,5
TEST_23157,5
TEST_12464,5
TEST_23797,5
TEST_21307,5
TEST_20330,5
TEST_23432,5
TEST_19528,5
TEST_13905,5
TEST_19625,5
TEST_8529,5
TEST_5239,5
TEST_28913,5
TEST_7631,5
TEST_23032,5
TEST_5660,5
TEST_1551,5
TEST_14223,5
TEST_11060,5
TEST_2393,5
TEST_12069,5
TEST_9107,5
TEST_4007,5
TEST_960,5
TEST_10135,5
TEST_21395,5
TEST_28884,5
TEST_22014,5
TEST_6650,5
TEST_20124,5
TEST_17512,5
TEST_13104,5
TEST_15192,5
TEST_28116,5
TEST_24210,5
TEST_21839,5
TEST_11566,5
TEST_8011,5
TEST_17970,5
TEST_24719,5
TEST_11358,5
TEST_16110,5
TEST_226,5
TEST_24577,5
TEST_23119,5
TEST_10077,5
TEST_22776,5
TEST_6612,5
TEST_15808,5
TEST_29583,5
TEST_752,5
TEST_27670,5
TEST_17580,5
TEST_25797,5
TEST_1359,5
TEST_14675,5
TEST_25411,5
TEST_1212,5
TEST_15272,5
TEST_23996,5
TEST_25828,5
TEST_20428,5
TEST_22088,5
TEST_28033,5
TEST_12394,5
TEST_28582,5
TEST_3482,5
TEST_16426,5
TEST_20522,5
TEST_2621,5
TEST_9078,5
TEST_27694,5
TEST_8751,5
TEST_5197,5
TEST_18579,5
TEST_23155,5
TEST_24301,5
TEST_879,5
TEST_27381,5
TEST_4960,5
TEST_7618,5
TEST_5478,5
TEST_3812,5
TEST_8604,5
TEST_17410,5
TEST_3815,5
TEST_8453,5
TEST_10212,5
TEST_20827,5
TEST_5567,5
TEST_2100,5
TEST_24754,5
TEST_25848,5
TEST_25522,5
TEST_13243,5
TEST_14365,5
TEST_15462,5
TEST_11563,5
TEST_682,5
TEST_23668,5
TEST_7567,5
TEST_24072,5
TEST_6495,5
TEST_25958,5
TEST_27864,5
TEST_3922,5
TEST_16723,5
TEST_15062,5
TEST_26029,5
TEST_27839,5
TEST_15861,5
TEST_27519,5
TEST_18019,5
TEST_2682,5
TEST_27116,5
TEST_5737,5
TEST_6623,5
TEST_13012,5
TEST_29177,5
TEST_7002,5
TEST_16750,5
TEST_16851,5
TEST_25014,5
TEST_10459,5
TEST_8394,5
TEST_20114,5
TEST_14743,5
TEST_23534,5
TEST_7,5
TEST_19315,5
TEST_6609,5
TEST_8387,5
TEST_18004,5
TEST_1757,5
TEST_24599,5
TEST_8327,5
TEST_27385,5
TEST_18727,5
TEST_22717,5
TEST_27011,5
TEST_25642,5
TEST_8799,5
TEST_20603,5
TEST_7423,5
TEST_7356,5
TEST_1391,5
TEST_2909,5
TEST_8625,5
TEST_11325,5
TEST_2981,5
TEST_5278,5
TEST_9076,5
TEST_27068,5
TEST_4191,5
TEST_22809,5
TEST_5710,5
TEST_3610,5
TEST_8039,5
TEST_19010,5
TEST_13808,5
TEST_17070,5
TEST_24850,5
TEST_6003,5
TEST_3410,5
TEST_11477,5
TEST_10900,5
TEST_24151,5
TEST_4613,5
TEST_14815,5
TEST_21107,5
TEST_29224,5
TEST_13286,5
TEST_18187,5
TEST_28527,5
TEST_13153,5
TEST_11141,5
TEST_28307,5
TEST_8550,5
TEST_18111,5
TEST_10019,5
TEST_26251,5
TEST_6594,5
TEST_22725,5
TEST_26086,5
TEST_5477,5
TEST_5910,5
TEST_10184,5
TEST_1529,5
TEST_19077,5
TEST_23331,5
TEST_25077,5
TEST_22284,5
TEST_901,5
TEST_21500,5
TEST_6680,5
TEST_8304,5
TEST_5991,5
TEST_10506,5
TEST_149,5
TEST_2287,5
TEST_13681,5
TEST_22848,5
TEST_24179,5
TEST_17864,5
TEST_6412,5
TEST_20020,5
TEST_11237,5
TEST_7502,5
TEST_3065,5
TEST_25680,5
TEST_24695,5
TEST_19267,5
TEST_4144,5
TEST_23823,5
TEST_8690,5
TEST_25912,5
TEST_23691,5
TEST_11871,5
TEST_15354,5
TEST_20725,5
TEST_9526,5
TEST_14765,5
TEST_4297,5
TEST_18776,5
TEST_29083,5
TEST_25268,5
TEST_11791,5
TEST_22566,5
TEST_3210,5
TEST_893,5
TEST_18467,5
TEST_23938,5
TEST_7433,5
TEST_24705,5
TEST_28653,5
TEST_22557,5
TEST_6927,5
TEST_4579,5
TEST_28616,5
TEST_8928,5
TEST_19561,5
TEST_28997,5
TEST_7309,5
TEST_20238,5
TEST_23469,5
TEST_16495,5
TEST_9234,5
TEST_3388,5
TEST_4360,5
TEST_7645,5
TEST_20194,5
TEST_8088,5
TEST_14359,5
TEST_4253,5
TEST_8570,5
TEST_25081,5
TEST_27051,5
TEST_9043,5
TEST_13343,5
TEST_15316,5
TEST_13789,5
TEST_22153,5
TEST_15579,5
TEST_184,5
TEST_662,5
TEST_23192,5
TEST_29465,5
TEST_14672,5
TEST_15220,5
TEST_2077,5
TEST_13733,5
TEST_26881,5
TEST_26665,5
TEST_10775,5
TEST_18227,5
TEST_27107,5
TEST_1923,5
TEST_5116,5
TEST_2673,5
TEST_17126,5
TEST_6025,5
TEST_23679,5
TEST_3483,5
TEST_49,5
TEST_8774,5
TEST_25087,5
TEST_29706,5
TEST_17424,5
TEST_21371,5
TEST_10227,5
TEST_27643,5
TEST_13472,5
TEST_25422,5
TEST_4821,5
TEST_22113,5
TEST_26100,5
TEST_4824,5
TEST_10420,5
TEST_1126,5
TEST_26293,5
TEST_11683,5
TEST_10780,5
TEST_7266,5
TEST_2209,5
TEST_13825,5
TEST_12209,5
TEST_5232,5
TEST_7958,5
TEST_9959,5
TEST_5922,5
TEST_25025,5
TEST_6408,5
TEST_14477,5
TEST_20636,5
TEST_10341,5
TEST_29225,5
TEST_14503,5
TEST_8502,5
TEST_9251,5
TEST_11606,5
TEST_7800,5
TEST_22326,5
TEST_22066,5
TEST_14193,5
TEST_20467,5
TEST_18015,5
TEST_17567,5
TEST_14392,5
TEST_5870,5
TEST_15246,5
TEST_22573,5
TEST_247,5
TEST_26734,5
TEST_12923,5
TEST_12139,5
TEST_9877,5
TEST_16680,5
TEST_25999,5
TEST_21935,5
TEST_7768,5
TEST_14196,5
TEST_11468,5
TEST_26667,5
TEST_812,5
TEST_7233,5
TEST_13751,5
TEST_24988,5
TEST_12010,5
TEST_23390,5
TEST_5369,5
TEST_24969,5
TEST_14416,5
TEST_22213,5
TEST_8793,5
TEST_16832,5
TEST_9776,5
TEST_19041,5
TEST_18249,5
TEST_24993,5
TEST_20963,5
TEST_29701,5
TEST_761,5
TEST_5655,5
TEST_20166,5
TEST_24531,5
TEST_4956,5
TEST_17389,5
TEST_5198,5
TEST_4949,5
TEST_4363,5
TEST_4153,5
TEST_5686,5
TEST_27688,5
TEST_9223,5
TEST_6382,5
TEST_3293,5
TEST_28162,5
TEST_25029,5
TEST_23593,5
TEST_2229,5
TEST_19075,5
TEST_9557,5
TEST_20092,5
TEST_29640,5
TEST_27445,5
TEST_21202,5
TEST_14341,5
TEST_5212,5
TEST_26950,5
TEST_21879,5
TEST_12873,5
TEST_654,5
TEST_27449,5
TEST_11505,5
TEST_23851,5
TEST_16662,5
TEST_18313,5
TEST_28192,5
TEST_15204,5
TEST_19762,5
TEST_22627,5
TEST_7195,5
TEST_21921,5
TEST_17647,5
TEST_22383,5
TEST_25349,5
TEST_6980,5
TEST_18625,5
TEST_21844,5
TEST_9558,5
TEST_4086,5
TEST_19525,5
TEST_10663,5
TEST_16063,5
TEST_2436,5
TEST_21166,5
TEST_19634,5
TEST_19995,5
TEST_20431,5
TEST_21049,5
TEST_11935,5
TEST_2711,5
TEST_13699,5
TEST_25011,5
TEST_22706,5
TEST_24652,5
TEST_7901,5
TEST_6069,5
TEST_3231,5
TEST_19495,5
TEST_6451,5
TEST_28602,5
TEST_27856,5
TEST_6058,5
TEST_22930,5
TEST_21062,5
TEST_702,5
TEST_23761,5
TEST_12092,5
TEST_26102,5
TEST_6617,5
TEST_20129,5
TEST_4329,5
TEST_12714,5
TEST_22886,5
TEST_28397,5
TEST_15937,5
TEST_28184,5
TEST_28874,5
TEST_28599,5
TEST_21323,5
TEST_14159,5
TEST_26262,5
TEST_8277,5
TEST_8862,5
TEST_22719,5
TEST_21927,5
TEST_14189,5
TEST_20474,5
TEST_23993,5
TEST_29269,5
TEST_6492,5
TEST_28879,5
TEST_2201,5
TEST_1027,5
TEST_13174,5
TEST_5561,5
TEST_13686,5
TEST_2316,5
TEST_3677,5
TEST_20734,5
TEST_8808,5
TEST_13839,5
TEST_26399,5
TEST_26065,5
TEST_12145,5
TEST_29149,5
TEST_5582,5
TEST_2812,5
TEST_17405,5
TEST_27771,5
TEST_15301,5
TEST_9970,5
TEST_1622,5
TEST_12198,5
TEST_9842,5
TEST_17872,5
TEST_25661,5
TEST_15472,5
TEST_4326,5
TEST_21658,5
TEST_13622,5
TEST_19801,5
TEST_21556,5
TEST_4606,5
TEST_15627,5
TEST_14122,5
TEST_20931,5
TEST_2507,5
TEST_10325,5
TEST_13007,5
TEST_22620,5
TEST_29206,5
TEST_5614,5
TEST_19736,5
TEST_22621,5
TEST_12200,5
TEST_25265,5
TEST_24155,5
TEST_589,5
TEST_8969,5
TEST_17351,5
TEST_13513,5
TEST_27363,5
TEST_6542,5
TEST_4449,5
TEST_18163,5
TEST_3536,5
TEST_19142,5
TEST_11306,5
TEST_7384,5
TEST_20125,5
TEST_29232,5
TEST_28308,5
TEST_10612,5
TEST_17760,5
TEST_2899,5
TEST_18032,5
TEST_19457,5
TEST_10608,5
TEST_15360,5
TEST_25764,5
TEST_12683,5
TEST_7329,5
TEST_4464,5
TEST_13437,5
TEST_25196,5
TEST_19603,5
TEST_26206,5
TEST_17955,5
TEST_17805,5
TEST_29943,5
TEST_19936,5
TEST_2270,5
TEST_27311,5
TEST_23884,5
TEST_8510,5
TEST_5101,5
TEST_15689,5
TEST_1550,5
TEST_17369,5
TEST_18201,5
TEST_10044,5
TEST_3069,5
TEST_28404,5
TEST_12184,5
TEST_14861,5
TEST_2565,5
TEST_9358,5
TEST_27476,5
TEST_201,5
TEST_20024,5
TEST_21518,5
TEST_2616,5
TEST_5307,5
TEST_11651,5
TEST_11456,5
TEST_2105,5
TEST_4795,5
TEST_27540,5
TEST_4965,5
TEST_1129,5
TEST_19282,5
TEST_27047,5
TEST_25858,5
TEST_3,5
TEST_15419,5
TEST_27879,5
TEST_16568,5
TEST_631,5
TEST_3576,5
TEST_27007,5
TEST_29175,5
TEST_2937,5
TEST_18438,5
TEST_5551,5
TEST_28199,5
TEST_8243,5
TEST_21149,5
TEST_14952,5
TEST_25067,5
TEST_20758,5
TEST_2115,5
TEST_24041,5
TEST_18234,5
TEST_14984,5
TEST_23278,5
TEST_26381,5
TEST_16209,5
TEST_1719,5
TEST_7594,5
TEST_19824,5
TEST_26702,5
TEST_16479,5
TEST_14006,5
TEST_19601,5
TEST_21141,5
TEST_4733,5
TEST_4295,5
TEST_21604,5
TEST_11963,5
TEST_13188,5
TEST_6554,5
TEST_22882,5
TEST_3037,5
TEST_12015,5
TEST_23494,5
TEST_20818,5
TEST_21392,5
TEST_22466,5
TEST_12321,5
TEST_10211,5
TEST_27973,5
TEST_916,5
TEST_13533,5
TEST_25017,5
TEST_15535,5
TEST_5823,5
TEST_26987,5
TEST_15363,5
TEST_10436,5
TEST_26027,5
TEST_10267,5
TEST_12691,5
TEST_21834,5
TEST_7651,5
TEST_2922,5
TEST_20008,5
TEST_27512,5
TEST_9716,5
TEST_21732,5
TEST_29082,5
TEST_8887,5
TEST_18267,5
TEST_5807,5
TEST_7265,5
TEST_15237,5
TEST_3595,5
TEST_7415,5
TEST_26964,5
TEST_26035,5
TEST_12833,5
TEST_5091,5
TEST_25193,5
TEST_28436,5
TEST_17920,5
TEST_27070,5
TEST_8209,5
TEST_27343,5
TEST_28968,5
TEST_11299,5
TEST_26492,5
TEST_3132,5
TEST_20310,5
TEST_23376,5
TEST_15215,5
TEST_6916,5
TEST_20275,5
TEST_13803,5
TEST_10106,5
TEST_18576,5
TEST_2495,5
TEST_25386,5
TEST_6284,5
TEST_11016,5
TEST_10067,5
TEST_13556,5
TEST_20255,5
TEST_2406,5
TEST_10490,5
TEST_22607,5
TEST_2254,5
TEST_18611,5
TEST_9666,5
TEST_28200,5
TEST_22147,5
TEST_12741,5
TEST_21387,5
TEST_26489,5
TEST_223,5
TEST_15357,5
TEST_24583,5
TEST_2427,5
TEST_26491,5
TEST_1795,5
TEST_8051,5
TEST_10993,5
TEST_2976,5
TEST_8312,5
TEST_9204,5
TEST_10007,5
TEST_19701,5
TEST_13657,5
TEST_18584,5
TEST_13520,5
TEST_7159,5
TEST_16178,5
TEST_13659,5
TEST_8085,5
TEST_20583,5
TEST_11776,5
TEST_22161,5
TEST_12031,5
TEST_27668,5
TEST_13368,5
TEST_12488,5
TEST_9026,5
TEST_26335,5
TEST_29282,5
TEST_11993,5
TEST_8404,5
TEST_4026,5
TEST_20410,5
TEST_25262,5
TEST_26553,5
TEST_13229,5
TEST_3496,5
TEST_3520,5
TEST_11316,5
TEST_22902,5
TEST_23340,5
TEST_25142,5
TEST_23638,5
TEST_17731,5
TEST_14527,5
TEST_10,5
TEST_24008,5
TEST_16562,5
TEST_24242,5
TEST_15616,5
TEST_17092,5
TEST_22833,5
TEST_24868,5
TEST_28988,5
TEST_10984,5
TEST_2050,5
TEST_18696,5
TEST_11000,5
TEST_27715,5
TEST_26793,5
TEST_1050,5
TEST_9267,5
TEST_21118,5
TEST_28647,5
TEST_21714,5
TEST_2767,5
TEST_28861,5
TEST_29446,5
TEST_12486,5
TEST_20810,5
TEST_17394,5
TEST_16584,5
TEST_28618,5
TEST_27822,5
TEST_5351,5
TEST_15727,5
TEST_28526,5
TEST_497,5
TEST_5030,5
TEST_1536,5
TEST_11366,5
TEST_1570,5
TEST_5483,5
TEST_16072,5
TEST_3612,5
TEST_21882,5
TEST_26789,5
TEST_22055,5
TEST_4190,5
TEST_13155,5
TEST_14640,5
TEST_27394,5
TEST_7513,5
TEST_6399,5
TEST_16101,5
TEST_2710,5
TEST_29030,5
TEST_2735,5
TEST_13094,5
TEST_23799,5
TEST_18565,5
TEST_20257,5
TEST_11104,5
TEST_10582,5
TEST_9581,5
TEST_17165,5
TEST_24085,5
TEST_2741,5
TEST_21146,5
TEST_490,5
TEST_7571,5
TEST_26093,5
TEST_28414,5
TEST_8297,5
TEST_17312,5
TEST_17372,5
TEST_27410,5
TEST_11369,5
TEST_18115,5
TEST_1549,5
TEST_16642,5
TEST_24214,5
TEST_6318,5
TEST_23607,5
TEST_1261,5
TEST_12729,5
TEST_3792,5
TEST_11467,5
TEST_2140,5
TEST_7668,5
TEST_897,5
TEST_11868,5
TEST_1681,5
TEST_11347,5
TEST_24970,5
TEST_15644,5
TEST_9978,5
TEST_29651,5
TEST_28301,5
TEST_12854,5
TEST_26618,5
TEST_24831,5
TEST_22300,5
TEST_26422,5
TEST_288,5
TEST_10399,5
TEST_17349,5
TEST_12072,5
TEST_29029,5
TEST_22889,5
TEST_7001,5
TEST_28275,5
TEST_25208,5
TEST_24406,5
TEST_3175,5
TEST_20770,5
TEST_12800,5
TEST_14442,5
TEST_16035,5
TEST_25316,5
TEST_6367,5
TEST_13813,5
TEST_25591,5
TEST_21228,5
TEST_20737,5
TEST_10799,5
TEST_26069,5
TEST_9803,5
TEST_4593,5
TEST_10832,5
TEST_1584,5
TEST_26423,5
TEST_17042,5
TEST_7782,5
TEST_5164,5
TEST_25995,5
TEST_23031,5
TEST_26446,5
TEST_22469,5
TEST_1061,5
TEST_22148,5
TEST_17766,5
TEST_23468,5
TEST_21587,5
TEST_1423,5
TEST_3331,5
TEST_4014,5
TEST_5596,5
TEST_28345,5
TEST_26942,5
TEST_6418,5
TEST_12560,5
TEST_19903,5
TEST_29503,5
TEST_20439,5
TEST_3936,5
TEST_8553,5
TEST_24454,5
TEST_5816,5
TEST_13218,5
TEST_3040,5
TEST_13070,5
TEST_12998,5
TEST_6517,5
TEST_13689,5
TEST_26145,5
TEST_11003,5
TEST_7824,5
TEST_15700,5
TEST_19930,5
TEST_28707,5
TEST_16630,5
TEST_25506,5
TEST_19323,5
TEST_10321,5
TEST_1422,5
TEST_2689,5
TEST_29259,5
TEST_14266,5
TEST_8869,5
TEST_15806,5
TEST_5736,5
TEST_9909,5
TEST_1182,5
TEST_8883,5
TEST_24357,5
TEST_15631,5
TEST_14315,5
TEST_16334,5
TEST_12777,5
TEST_12786,5
TEST_7929,5
TEST_4834,5
TEST_14351,5
TEST_15971,5
TEST_11632,5
TEST_2034,5
TEST_6979,5
TEST_4357,5
TEST_26685,5
TEST_15203,5
TEST_17270,5
TEST_24744,5
TEST_15777,5
TEST_15293,5
TEST_18824,5
TEST_5702,5
TEST_8972,5
TEST_839,5
TEST_5001,5
TEST_21880,5
TEST_16015,5
TEST_6795,5
TEST_25827,5
TEST_3783,5
TEST_7673,5
TEST_16071,5
TEST_16939,5
TEST_21638,5
TEST_1340,5
TEST_15459,5
TEST_26250,5
TEST_9837,5
TEST_627,5
TEST_12073,5
TEST_1969,5
TEST_1631,5
TEST_14570,5
TEST_11619,5
TEST_21403,5
TEST_3911,5
TEST_2533,5
TEST_27323,5
TEST_16021,5
TEST_29414,5
TEST_24992,5
TEST_19851,5
TEST_9359,5
TEST_18862,5
TEST_11036,5
TEST_11532,5
TEST_5906,5
TEST_22856,5
TEST_26805,5
TEST_10708,5
TEST_17011,5
TEST_8143,5
TEST_7457,5
TEST_6726,5
TEST_18736,5
TEST_16731,5
TEST_11144,5
TEST_7817,5
TEST_4301,5
TEST_14696,5
TEST_24016,5
TEST_21957,5
TEST_4781,5
TEST_9408,5
TEST_10862,5
TEST_26521,5
TEST_22035,5
TEST_8963,5
TEST_25585,5
TEST_7727,5
TEST_18471,5
TEST_29777,5
TEST_15670,5
TEST_1851,5
TEST_12617,5
TEST_4996,5
TEST_15816,5
TEST_26710,5
TEST_28250,5
TEST_10010,5
TEST_11905,5
TEST_11625,5
TEST_317,5
TEST_8697,5
TEST_27265,5
TEST_8409,5
TEST_21716,5
TEST_2134,5
TEST_20546,5
TEST_26273,5
TEST_7769,5
TEST_1407,5
TEST_22637,5
TEST_7660,5
TEST_25932,5
TEST_27913,5
TEST_29700,5
TEST_13362,5
TEST_10744,5
TEST_1109,5
TEST_19644,5
TEST_19488,5
TEST_6017,5
TEST_28684,5
TEST_20229,5
TEST_13738,5
TEST_20788,5
TEST_17688,5
TEST_1167,5
TEST_22025,5
TEST_8539,5
TEST_6757,5
TEST_10020,5
TEST_21327,5
TEST_5370,5
TEST_21663,5
TEST_20575,5
TEST_6551,5
TEST_18448,5
TEST_8791,5
TEST_12984,5
TEST_21810,5
TEST_10515,5
TEST_21546,5
TEST_6910,5
TEST_4142,5
TEST_19186,5
TEST_1205,5
TEST_3842,5
TEST_2344,5
TEST_8027,5
TEST_23514,5
TEST_20694,5
TEST_3560,5
TEST_13990,5
TEST_6312,5
TEST_21223,5
TEST_10664,5
TEST_2638,5
TEST_10793,5
TEST_4123,5
TEST_17432,5
TEST_25383,5
TEST_2076,5
TEST_5115,5
TEST_25252,5
TEST_8185,5
TEST_7046,5
TEST_23223,5
TEST_8214,5
TEST_11010,5
TEST_26778,5
TEST_8315,5
TEST_29615,5
TEST_17015,5
TEST_10731,5
TEST_4314,5
TEST_22197,5
TEST_28086,5
TEST_10642,5
TEST_12806,5
TEST_2091,5
TEST_5929,5
TEST_16809,5
TEST_438,5
TEST_24189,5
TEST_4713,5
TEST_2845,5
TEST_5394,5
TEST_15017,5
TEST_27836,5
TEST_20700,5
TEST_5715,5
TEST_28985,5
TEST_18974,5
TEST_8915,5
TEST_8729,5
TEST_23657,5
TEST_7956,5
TEST_28379,5
TEST_29602,5
TEST_1905,5
TEST_23507,5
TEST_24422,5
TEST_25804,5
TEST_345,5
TEST_27405,5
TEST_26388,5
TEST_25970,5
TEST_14681,5
TEST_10311,5
TEST_29510,5
TEST_18575,5
TEST_5676,5
TEST_12137,5
TEST_13287,5
TEST_10876,5
TEST_6803,5
TEST_9419,5
TEST_19198,5
TEST_6840,5
TEST_2975,5
TEST_18134,5
TEST_5461,5
TEST_15843,5
TEST_17564,5
TEST_28211,5
TEST_1940,5
TEST_7520,5
TEST_17674,5
TEST_27219,5
TEST_21979,5
TEST_3667,5
TEST_10083,5
TEST_16599,5
TEST_7385,5
TEST_22520,5
TEST_9283,5
TEST_8459,5
TEST_14471,5
TEST_21366,5
TEST_20837,5
TEST_23835,5
TEST_23794,5
TEST_22854,5
TEST_4918,5
TEST_16028,5
TEST_10773,5
TEST_22880,5
TEST_673,5
TEST_2255,5
TEST_14964,5
TEST_29195,5
TEST_1572,5
TEST_7212,5
TEST_21010,5
TEST_27527,5
TEST_8013,5
TEST_8573,5
TEST_13426,5
TEST_19774,5
TEST_18124,5
TEST_25791,5
TEST_27056,5
TEST_27772,5
TEST_27089,5
TEST_16429,5
TEST_27917,5
TEST_24186,5
TEST_4692,5
TEST_28024,5
TEST_22508,5
TEST_23735,5
TEST_17974,5
TEST_9924,5
TEST_10714,5
TEST_14443,5
TEST_17787,5
TEST_6675,5
TEST_9390,5
TEST_1502,5
TEST_5840,5
TEST_25920,5
TEST_22597,5
TEST_18803,5
TEST_9131,5
TEST_19766,5
TEST_29649,5
TEST_28092,5
TEST_11732,5
TEST_6913,5
TEST_2939,5
TEST_4544,5
TEST_23407,5
TEST_17235,5
TEST_15921,5
TEST_21367,5
TEST_4071,5
TEST_4940,5
TEST_8332,5
TEST_4712,5
TEST_25407,5
TEST_6608,5
TEST_29486,5
TEST_110,5
TEST_22742,5
TEST_3568,5
TEST_12830,5
TEST_273,5
TEST_10351,5
TEST_29125,5
TEST_9669,5
TEST_28745,5
TEST_1900,5
TEST_1739,5
TEST_15858,5
TEST_2895,5
TEST_20139,5
TEST_640,5
TEST_12699,5
TEST_20162,5
TEST_22984,5
TEST_27719,5
TEST_5333,5
TEST_5097,5
TEST_11029,5
TEST_1294,5
TEST_18061,5
TEST_24672,5
TEST_25888,5
TEST_18812,5
TEST_22581,5
TEST_27930,5
TEST_1325,5
TEST_16899,5
TEST_20939,5
TEST_4397,5
TEST_10028,5
TEST_11652,5
TEST_21354,5
TEST_29572,5
TEST_11742,5
TEST_1301,5
TEST_10845,5
TEST_10966,5
TEST_6858,5
TEST_18466,5
TEST_1590,5
TEST_10874,5
TEST_23624,5
TEST_16991,5
TEST_18142,5
TEST_15022,5
TEST_16135,5
TEST_16823,5
TEST_6339,5
TEST_17824,5
TEST_22866,5
TEST_18839,5
TEST_23986,5
TEST_24713,5
TEST_18556,5
TEST_25414,5
TEST_2783,5
TEST_16954,5
TEST_26746,5
TEST_3870,5
TEST_18859,5
TEST_15880,5
TEST_16794,5
TEST_1446,5
TEST_23378,5
TEST_458,5
TEST_14464,5
TEST_10951,5
TEST_6850,5
TEST_20226,5
TEST_8149,5
TEST_1068,5
TEST_13415,5
TEST_28574,5
TEST_19565,5
TEST_9095,5
TEST_5501,5
TEST_9947,5
TEST_1592,5
TEST_17909,5
TEST_1335,5
TEST_8267,5
TEST_7264,5
TEST_13452,5
TEST_24618,5
TEST_1188,5
TEST_13935,5
TEST_19328,5
TEST_9144,5
TEST_10318,5
TEST_17925,5
TEST_11437,5
TEST_19685,5
TEST_21274,5
TEST_9220,5
TEST_9045,5
TEST_1332,5
TEST_3051,5
TEST_22979,5
TEST_26901,5
TEST_17776,5
TEST_12395,5
TEST_27157,5
TEST_6216,5
TEST_28662,5
TEST_3098,5
TEST_24375,5
TEST_22022,5
TEST_22204,5
TEST_24475,5
TEST_29389,5
TEST_5757,5
TEST_23644,5
TEST_25189,5
TEST_17211,5
TEST_11394,5
TEST_23769,5
TEST_24917,5
TEST_3926,5
TEST_1276,5
TEST_3693,5
TEST_6392,5
TEST_26691,5
TEST_12124,5
TEST_15492,5
TEST_3486,5
TEST_1626,5
TEST_16751,5
TEST_22865,5
TEST_7605,5
TEST_767,5
TEST_14905,5
TEST_17732,5
TEST_9752,5
TEST_20597,5
TEST_21009,5
TEST_27539,5
TEST_6182,5
TEST_5366,5
TEST_13799,5
TEST_13199,5
TEST_25882,5
TEST_22893,5
TEST_10588,5
TEST_13028,5
TEST_2731,5
TEST_12157,5
TEST_4065,5
TEST_24537,5
TEST_26924,5
TEST_19505,5
TEST_7491,5
TEST_12794,5
TEST_643,5
TEST_24940,5
TEST_18910,5
TEST_14293,5
TEST_19056,5
TEST_21329,5
TEST_1113,5
TEST_24432,5
TEST_14947,5
TEST_22032,5
TEST_22840,5
TEST_9451,5
TEST_1497,5
TEST_5248,5
TEST_989,5
TEST_23128,5
TEST_25122,5
TEST_20132,5
TEST_12328,5
TEST_20675,5
TEST_2424,5
TEST_23113,5
TEST_7774,5
TEST_22169,5
TEST_22499,5
TEST_4374,5
TEST_2121,5
TEST_11280,5
TEST_13537,5
TEST_12585,5
TEST_21784,5
TEST_18879,5
TEST_10774,5
TEST_27482,5
TEST_19166,5
TEST_28107,5
TEST_13719,5
TEST_21097,5
TEST_15980,5
TEST_20285,5
TEST_10489,5
TEST_20820,5
TEST_987,5
TEST_28392,5
TEST_9718,5
TEST_21356,5
TEST_26147,5
TEST_206,5
TEST_9678,5
TEST_22553,5
TEST_18633,5
TEST_13013,5
TEST_19065,5
TEST_24808,5
TEST_29213,5
TEST_20268,5
TEST_7821,5
TEST_13886,5
TEST_7798,5
TEST_10851,5
TEST_10435,5
TEST_859,5
TEST_14167,5
TEST_1989,5
TEST_29324,5
TEST_6276,5
TEST_16674,5
TEST_3965,5
TEST_15945,5
TEST_3384,5
TEST_20232,5
TEST_3844,5
TEST_6775,5
TEST_25880,5
TEST_12538,5
TEST_6922,5
TEST_4769,5
TEST_20085,5
TEST_13798,5
TEST_12126,5
TEST_3622,5
TEST_6890,5
TEST_24505,5
TEST_28117,5
TEST_23178,5
TEST_2319,5
TEST_15118,5
TEST_11289,5
TEST_7495,5
TEST_7862,5
TEST_1658,5
TEST_27205,5
TEST_13726,5
TEST_10208,5
TEST_8684,5
TEST_8123,5
TEST_6246,5
TEST_21699,5
TEST_3828,5
TEST_8987,5
TEST_6944,5
TEST_10613,5
TEST_12745,5
TEST_10206,5
TEST_23897,5
TEST_22120,5
TEST_1159,5
TEST_5777,5
TEST_12179,5
TEST_21148,5
TEST_13393,5
TEST_20975,5
TEST_19635,5
TEST_22301,5
TEST_14354,5
TEST_3779,5
TEST_16149,5
TEST_24634,5
TEST_17884,5
TEST_25288,5
TEST_19029,5
TEST_16024,5
TEST_11032,5
TEST_23325,5
TEST_9912,5
TEST_6123,5
TEST_3655,5
TEST_21687,5
TEST_11487,5
TEST_29782,5
TEST_9159,5
TEST_22322,5
TEST_27716,5
TEST_28084,5
TEST_1917,5
TEST_27855,5
TEST_6447,5
TEST_29348,5
TEST_651,5
TEST_18270,5
TEST_11070,5
TEST_2481,5
TEST_17791,5
TEST_23586,5
TEST_12891,5
TEST_17789,5
TEST_8142,5
TEST_6076,5
TEST_13621,5
TEST_20651,5
TEST_24458,5
TEST_748,5
TEST_4901,5
TEST_21317,5
TEST_551,5
TEST_26834,5
TEST_15446,5
TEST_19195,5
TEST_13248,5
TEST_25481,5
TEST_12267,5
TEST_9511,5
TEST_10355,5
TEST_27465,5
TEST_7300,5
TEST_29489,5
TEST_20042,5
TEST_20547,5
TEST_24022,5
TEST_9266,5
TEST_18997,5
TEST_18319,5
TEST_5100,5
TEST_9957,5
TEST_26564,5
TEST_14458,5
TEST_1367,5
TEST_13928,5
TEST_11983,5
TEST_572,5
TEST_7332,5
TEST_1701,5
TEST_4656,5
TEST_21102,5
TEST_1944,5
TEST_11728,5
TEST_23584,5
TEST_11923,5
TEST_8952,5
TEST_6188,5
TEST_24849,5
TEST_3903,5
TEST_404,5
TEST_24687,5
TEST_22632,5
TEST_3081,5
TEST_6166,5
TEST_12194,5
TEST_7232,5
TEST_18722,5
TEST_24668,5
TEST_9295,5
TEST_13984,5
TEST_26082,5
TEST_5600,5
TEST_21162,5
TEST_8009,5
TEST_14418,5
TEST_4239,5
TEST_2147,5
TEST_17815,5
TEST_1174,5
TEST_1383,5
TEST_19832,5
TEST_1568,5
TEST_22343,5
TEST_15566,5
TEST_6990,5
TEST_27774,5
TEST_24045,5
TEST_6413,5
TEST_20812,5
TEST_15346,5
TEST_14111,5
TEST_10003,5
TEST_17569,5
TEST_792,5
TEST_6191,5
TEST_27714,5
TEST_20672,5
TEST_21911,5
TEST_22781,5
TEST_17347,5
TEST_16341,5
TEST_12808,5
TEST_11013,5
TEST_14907,5
TEST_12141,5
TEST_24086,5
TEST_3550,5
TEST_21533,5
TEST_17401,5
TEST_6843,5
TEST_5636,5
TEST_13805,5
TEST_19536,5
TEST_29570,5
TEST_23780,5
TEST_4133,5
TEST_28833,5
TEST_26051,5
TEST_3394,5
TEST_13107,5
TEST_28125,5
TEST_22630,5
TEST_15117,5
TEST_16821,5
TEST_14030,5
TEST_27033,5
TEST_18372,5
TEST_29011,5
TEST_111,5
TEST_7608,5
TEST_16791,5
TEST_16113,5
TEST_27298,5
TEST_15624,5
TEST_1766,5
TEST_19033,5
TEST_23246,5
TEST_3382,5
TEST_15826,5
TEST_3268,5
TEST_29284,5
TEST_21294,5
TEST_2464,5
TEST_20914,5
TEST_4349,5
TEST_17575,5
TEST_21977,5
TEST_11124,5
TEST_9208,5
TEST_13424,5
TEST_25599,5
TEST_22352,5
TEST_6387,5
TEST_16319,5
TEST_25623,5
TEST_7471,5
TEST_1816,5
TEST_17398,5
TEST_6263,5
TEST_11341,5
TEST_25895,5
TEST_29421,5
TEST_12732,5
TEST_9713,5
TEST_19775,5
TEST_13371,5
TEST_9143,5
TEST_17196,5
TEST_2311,5
TEST_8589,5
TEST_10006,5
TEST_7706,5
TEST_24841,5
TEST_12897,5
TEST_2589,5
TEST_12542,5
TEST_26132,5
TEST_5342,5
TEST_8256,5
TEST_18173,5
TEST_3746,5
TEST_16174,5
TEST_3356,5
TEST_23675,5
TEST_20555,5
TEST_29285,5
TEST_6670,5
TEST_27830,5
TEST_16182,5
TEST_27086,5
TEST_13477,5
TEST_5344,5
TEST_8555,5
TEST_20748,5
TEST_16951,5
TEST_16390,5
TEST_28403,5
TEST_17704,5
TEST_20835,5
TEST_23062,5
TEST_14735,5
TEST_22609,5
TEST_24136,5
TEST_5066,5
TEST_22816,5
TEST_5503,5
TEST_1598,5
TEST_26586,5
TEST_214,5
TEST_3391,5
TEST_23053,5
TEST_23499,5
TEST_15177,5
TEST_28073,5
TEST_10866,5
TEST_22825,5
TEST_8279,5
TEST_12675,5
TEST_359,5
TEST_20271,5
TEST_14811,5
TEST_10210,5
TEST_11684,5
TEST_25679,5
TEST_15400,5
TEST_8008,5
TEST_15998,5
TEST_6212,5
TEST_20797,5
TEST_17007,5
TEST_3466,5
TEST_28540,5
TEST_23433,5
TEST_29739,5
TEST_6384,5
TEST_1781,5
TEST_22522,5
TEST_28704,5
TEST_20077,5
TEST_15195,5
TEST_19770,5
TEST_12088,5
TEST_8191,5
TEST_25651,5
TEST_4466,5
TEST_1817,5
TEST_10300,5
TEST_19516,5
TEST_26432,5
TEST_24701,5
TEST_3074,5
TEST_2161,5
TEST_619,5
TEST_1680,5
TEST_7146,5
TEST_1079,5
TEST_20729,5
TEST_23831,5
TEST_20084,5
TEST_25944,5
TEST_16657,5
TEST_23838,5
TEST_28593,5
TEST_784,5
TEST_11309,5
TEST_4328,5
TEST_17390,5
TEST_9446,5
TEST_18694,5
TEST_22058,5
TEST_25818,5
TEST_3890,5
TEST_4618,5
TEST_25114,5
TEST_20841,5
TEST_24046,5
TEST_16658,5
TEST_22815,5
TEST_20262,5
TEST_1032,5
TEST_8442,5
TEST_504,5
TEST_12987,5
TEST_3013,5
TEST_21582,5
TEST_25043,5
TEST_20328,5
TEST_785,5
TEST_3854,5
TEST_16385,5
TEST_1431,5
TEST_19847,5
TEST_20620,5
TEST_660,5
TEST_26319,5
TEST_14597,5
TEST_15751,5
TEST_3321,5
TEST_16845,5
TEST_13086,5
TEST_4915,5
TEST_22178,5
TEST_17222,5
TEST_18299,5
TEST_20774,5
TEST_1670,5
TEST_17304,5
TEST_8378,5
TEST_15650,5
TEST_26996,5
TEST_4623,5
TEST_25478,5
TEST_10051,5
TEST_19107,5
TEST_29800,5
TEST_5967,5
TEST_13031,5
TEST_19890,5
TEST_26573,5
TEST_10998,5
TEST_23952,5
TEST_5146,5
TEST_12935,5
TEST_9727,5
TEST_17320,5
TEST_21119,5
TEST_9142,5
TEST_24229,5
TEST_8860,5
TEST_11584,5
TEST_9433,5
TEST_27285,5
TEST_2277,5
TEST_24625,5
TEST_7477,5
TEST_3832,5
TEST_3784,5
TEST_9041,5
TEST_27565,5
TEST_23292,5
TEST_7219,5
TEST_9587,5
TEST_19285,5
TEST_9413,5
TEST_17177,5
TEST_21713,5
TEST_11333,5
TEST_28136,5
TEST_23535,5
TEST_17559,5
TEST_4707,5
TEST_8530,5
TEST_27923,5
TEST_13165,5
TEST_368,5
TEST_19945,5
TEST_15122,5
TEST_4747,5
TEST_9239,5
TEST_4526,5
TEST_7025,5
TEST_20312,5
TEST_13647,5
TEST_28023,5
TEST_22757,5
TEST_2852,5
TEST_23602,5
TEST_5076,5
TEST_5741,5
TEST_12353,5
TEST_13797,5
TEST_3337,5
TEST_5603,5
TEST_6244,5
TEST_22644,5
TEST_14572,5
TEST_2301,5
TEST_21133,5
TEST_25950,5
TEST_7895,5
TEST_27134,5
TEST_13658,5
TEST_28344,5
TEST_24946,5
TEST_29166,5
TEST_27874,5
TEST_23108,5
TEST_13512,5
TEST_11999,5
TEST_20614,5
TEST_3149,5
TEST_15892,5
TEST_2059,5
TEST_26648,5
TEST_119,5
TEST_18314,5
TEST_2539,5
TEST_509,5
TEST_1740,5
TEST_18159,5
TEST_5878,5
TEST_14864,5
TEST_469,5
TEST_25532,5
TEST_3671,5
TEST_2272,5
TEST_11913,5
TEST_20817,5
TEST_10571,5
TEST_1457,5
TEST_23874,5
TEST_8062,5
TEST_21278,5
TEST_14903,5
TEST_19182,5
TEST_9472,5
TEST_20886,5
TEST_12778,5
TEST_9493,5
TEST_6034,5
TEST_10397,5
TEST_3986,5
TEST_4925,5
TEST_27845,5
TEST_1845,5
TEST_747,5
TEST_9241,5
TEST_27682,5
TEST_9897,5
TEST_9163,5
TEST_1683,5
TEST_23871,5
TEST_29401,5
TEST_22921,5
TEST_20919,5
TEST_5313,5
TEST_24379,5
TEST_13499,5
TEST_20543,5
TEST_12747,5
TEST_17340,5
TEST_6002,5
TEST_29033,5
TEST_11491,5
TEST_18745,5
TEST_19503,5
TEST_18301,5
TEST_22559,5
TEST_11773,5
TEST_9739,5
TEST_1082,5
TEST_12543,5
TEST_3601,5
TEST_5905,5
TEST_10684,5
TEST_3055,5
TEST_26843,5
TEST_19346,5
TEST_26003,5
TEST_13100,5
TEST_27697,5
TEST_15321,5
TEST_26495,5
TEST_12576,5
TEST_1303,5
TEST_2269,5
TEST_28185,5
TEST_27281,5
TEST_26459,5
TEST_12149,5
TEST_23613,5
TEST_26836,5
TEST_17031,5
TEST_11483,5
TEST_19507,5
TEST_1994,5
TEST_28382,5
TEST_1573,5
TEST_21291,5
TEST_2373,5
TEST_24097,5
TEST_29349,5
TEST_14447,5
TEST_19927,5
TEST_27755,5
TEST_8608,5
TEST_24670,5
TEST_15662,5
TEST_13102,5
TEST_10419,5
TEST_25173,5
TEST_8864,5
TEST_11217,5
TEST_7072,5
TEST_9839,5
TEST_4784,5
TEST_15882,5
TEST_13777,5
TEST_8270,5
TEST_6528,5
TEST_17111,5
TEST_4048,5
TEST_29172,5
TEST_11882,5
TEST_17374,5
TEST_7402,5
TEST_16343,5
TEST_7551,5
TEST_8962,5
TEST_5713,5
TEST_21891,5
TEST_2348,5
TEST_9067,5
TEST_13123,5
TEST_13876,5
TEST_22201,5
TEST_4423,5
TEST_12116,5
TEST_24556,5
TEST_29462,5
TEST_6297,5
TEST_8121,5
TEST_4643,5
TEST_19622,5
TEST_24964,5
TEST_2204,5
TEST_2526,5
TEST_15603,5
TEST_13206,5
TEST_27866,5
TEST_17616,5
TEST_19660,5
TEST_25249,5
TEST_10555,5
TEST_3300,5
TEST_8836,5
TEST_10059,5
TEST_26894,5
TEST_14208,5
TEST_20523,5
TEST_24573,5
TEST_11011,5
TEST_8310,5
TEST_6395,5
TEST_18892,5
TEST_6577,5
TEST_4419,5
TEST_24901,5
TEST_25758,5
TEST_9294,5
TEST_29390,5
TEST_434,5
TEST_7511,5
TEST_4289,5
TEST_27249,5
TEST_29709,5
TEST_22281,5
TEST_10831,5
TEST_20441,5
TEST_6774,5
TEST_13731,5
TEST_28756,5
TEST_7726,5
TEST_1198,5
TEST_6847,5
TEST_24178,5
TEST_19628,5
TEST_2712,5
TEST_13465,5
TEST_13268,5
TEST_12273,5
TEST_7842,5
TEST_28052,5
TEST_9697,5
TEST_13333,5
TEST_17075,5
TEST_17959,5
TEST_26313,5
TEST_17620,5
TEST_3859,5
TEST_16084,5
TEST_7643,5
TEST_19188,5
TEST_20464,5
TEST_18586,5
TEST_633,5
TEST_29237,5
TEST_16651,5
TEST_10155,5
TEST_24487,5
TEST_21124,5
TEST_2953,5
TEST_16222,5
TEST_28431,5
TEST_24395,5
TEST_9238,5
TEST_15786,5
TEST_10063,5
TEST_20612,5
TEST_19239,5
TEST_12002,5
TEST_9022,5
TEST_21651,5
TEST_2212,5
TEST_29165,5
TEST_4703,5
TEST_19856,5
TEST_24070,5
TEST_25633,5
TEST_13275,5
TEST_29752,5
TEST_21902,5
TEST_3186,5
TEST_16269,5
TEST_8230,5
TEST_26061,5
TEST_19563,5
TEST_1787,5
TEST_9537,5
TEST_8092,5
TEST_6044,5
TEST_12378,5
TEST_11948,5
TEST_4164,5
TEST_5441,5
TEST_26951,5
TEST_23828,5
TEST_28969,5
TEST_9334,5
TEST_23183,5
TEST_8812,5
TEST_10450,5
TEST_24107,5
TEST_24442,5
TEST_6195,5
TEST_5865,5
TEST_2903,5
TEST_19384,5
TEST_7879,5
TEST_17417,5
TEST_22766,5
TEST_10114,5
TEST_16358,5
TEST_16207,5
TEST_2551,5
TEST_29123,5
TEST_6097,5
TEST_1002,5
TEST_1018,5
TEST_23154,5
TEST_25812,5
TEST_9060,5
TEST_20160,5
TEST_8369,5
TEST_19028,5
TEST_23040,5
TEST_24612,5
TEST_10379,5
TEST_3878,5
TEST_6889,5
TEST_6386,5
TEST_27028,5
TEST_15695,5
TEST_22405,5
TEST_268,5
TEST_26637,5
TEST_2231,5
TEST_556,5
TEST_11956,5
TEST_29757,5
TEST_4646,5
TEST_13899,5
TEST_8981,5
TEST_19187,5
TEST_26115,5
TEST_26967,5
TEST_22545,5
TEST_915,5
TEST_4141,5
TEST_27137,5
TEST_215,5
TEST_23196,5
TEST_27478,5
TEST_19500,5
TEST_12665,5
TEST_20212,5
TEST_5137,5
TEST_27336,5
TEST_16567,5
TEST_2185,5
TEST_22379,5
TEST_10244,5
TEST_18460,5
TEST_14512,5
TEST_22674,5
TEST_13320,5
TEST_11193,5
TEST_13914,5
TEST_19409,5
TEST_3178,5
TEST_24950,5
TEST_11042,5
TEST_10282,5
TEST_16629,5
TEST_19659,5
TEST_9982,5
TEST_3138,5
TEST_14547,5
TEST_16937,5
TEST_4678,5
TEST_664,5
TEST_4036,5
TEST_20660,5
TEST_3511,5
TEST_14268,5
TEST_24549,5
TEST_29951,5
TEST_18835,5
TEST_15860,5
TEST_22473,5
TEST_21044,5
TEST_3189,5
TEST_8640,5
TEST_5332,5
TEST_21163,5
TEST_22974,5
TEST_20344,5
TEST_9856,5
TEST_20933,5
TEST_328,5
TEST_23232,5
TEST_10226,5
TEST_20746,5
TEST_10403,5
TEST_19357,5
TEST_12007,5
TEST_29848,5
TEST_19003,5
TEST_8064,5
TEST_25378,5
TEST_18571,5
TEST_16320,5
TEST_28546,5
TEST_3979,5
TEST_3657,5
TEST_3063,5
TEST_28462,5
TEST_13594,5
TEST_6737,5
TEST_4972,5
TEST_2250,5
TEST_19909,5
TEST_11964,5
TEST_7710,5
TEST_5523,5
TEST_22536,5
TEST_6785,5
TEST_14537,5
TEST_29813,5
TEST_2308,5
TEST_17233,5
TEST_21462,5
TEST_18831,5
TEST_6262,5
TEST_4756,5
TEST_4697,5
TEST_3555,5
TEST_12170,5
TEST_3957,5
TEST_14383,5
TEST_24641,5
TEST_11476,5
TEST_20119,5
TEST_10488,5
TEST_20380,5
TEST_15176,5
TEST_17921,5
TEST_14868,5
TEST_10109,5
TEST_5530,5
TEST_29231,5
TEST_17498,5
TEST_23422,5
TEST_22037,5
TEST_1927,5
TEST_10087,5
TEST_28750,5
TEST_13444,5
TEST_21971,5
TEST_22549,5
TEST_13673,5
TEST_8296,5
TEST_13870,5
TEST_8306,5
TEST_5864,5
TEST_9363,5
TEST_12362,5
TEST_6111,5
TEST_5804,5
TEST_24975,5
TEST_17419,5
TEST_1825,5
TEST_25026,5
TEST_28749,5
TEST_13106,5
TEST_19429,5
TEST_13356,5
TEST_9573,5
TEST_26437,5
TEST_29687,5
TEST_10762,5
TEST_11137,5
TEST_4967,5
TEST_27442,5
TEST_19416,5
TEST_6534,5
TEST_15790,5
TEST_18877,5
TEST_1810,5
TEST_4447,5
TEST_95,5
TEST_10938,5
TEST_16883,5
TEST_10103,5
TEST_29677,5
TEST_7664,5
TEST_11091,5
TEST_27210,5
TEST_28265,5
TEST_18986,5
TEST_14260,5
TEST_27637,5
TEST_12292,5
TEST_4433,5
TEST_29514,5
TEST_8050,5
TEST_4662,5
TEST_6989,5
TEST_6571,5
TEST_25558,5
TEST_22664,5
TEST_7053,5
TEST_15145,5
TEST_5065,5
TEST_593,5
TEST_29315,5
TEST_9904,5
TEST_7855,5
TEST_22696,5
TEST_5813,5
TEST_15646,5
TEST_9151,5
TEST_24260,5
TEST_2203,5
TEST_24473,5
TEST_3325,5
TEST_9453,5
TEST_11398,5
TEST_16977,5
TEST_24144,5
TEST_25037,5
TEST_6975,5
TEST_25440,5
TEST_27360,5
TEST_824,5
TEST_20613,5
TEST_1242,5
TEST_16197,5
TEST_14555,5
TEST_4227,5
TEST_19159,5
TEST_2273,5
TEST_24294,5
TEST_4382,5
TEST_872,5
TEST_28171,5
TEST_14459,5
TEST_3714,5
TEST_12856,5
TEST_29695,5
TEST_24798,5
TEST_10417,5
TEST_4385,5
TEST_26373,5
TEST_23790,5
TEST_16646,5
TEST_2914,5
TEST_25971,5
TEST_13504,5
TEST_23489,5
TEST_10314,5
TEST_17145,5
TEST_22739,5
TEST_3309,5
TEST_29516,5
TEST_26513,5
TEST_7674,5
TEST_3021,5
TEST_9971,5
TEST_27375,5
TEST_16917,5
TEST_18490,5
TEST_28708,5
TEST_7208,5
TEST_1110,5
TEST_6719,5
TEST_16403,5
TEST_25656,5
TEST_13996,5
TEST_6688,5
TEST_22421,5
TEST_15098,5
TEST_4022,5
TEST_26084,5
TEST_19872,5
TEST_17880,5
TEST_8965,5
TEST_14107,5
TEST_9469,5
TEST_15564,5
TEST_12374,5
TEST_12666,5
TEST_27701,5
TEST_17664,5
TEST_10727,5
TEST_16274,5
TEST_3647,5
TEST_14795,5
TEST_4767,5
TEST_25742,5
TEST_2323,5
TEST_554,5
TEST_27721,5
TEST_15854,5
TEST_2531,5
TEST_6429,5
TEST_25433,5
TEST_9165,5
TEST_6610,5
TEST_832,5
TEST_1515,5
TEST_15135,5
TEST_24980,5
TEST_5509,5
TEST_26626,5
TEST_29445,5
TEST_27984,5
TEST_12239,5
TEST_8564,5
TEST_19692,5
TEST_25875,5
TEST_16878,5
TEST_25303,5
TEST_17979,5
TEST_8138,5
TEST_3866,5
TEST_28702,5
TEST_18573,5
TEST_28940,5
TEST_18880,5
TEST_29493,5
TEST_11778,5
TEST_15871,5
TEST_6009,5
TEST_228,5
TEST_21005,5
TEST_1861,5
TEST_27046,5
TEST_18537,5
TEST_22325,5
TEST_12038,5
TEST_26974,5
TEST_17014,5
TEST_11639,5
TEST_21357,5
TEST_21483,5
TEST_27225,5
TEST_26556,5
TEST_9731,5
TEST_8298,5
TEST_18843,5
TEST_21268,5
TEST_18788,5
TEST_28858,5
TEST_1342,5
TEST_5414,5
TEST_417,5
TEST_28309,5
TEST_18512,5
TEST_3385,5
TEST_7334,5
TEST_1496,5
TEST_10624,5
TEST_1375,5
TEST_18121,5
TEST_1896,5
TEST_5134,5
TEST_26098,5
TEST_28409,5
TEST_7628,5
TEST_13080,5
TEST_24051,5
TEST_13138,5
TEST_7970,5
TEST_29952,5
TEST_10380,5
TEST_27657,5
TEST_18183,5
TEST_23142,5
TEST_11819,5
TEST_9069,5
TEST_19816,5
TEST_20440,5
TEST_10522,5
TEST_16175,5
TEST_20744,5
TEST_24785,5
TEST_12387,5
TEST_17825,5
TEST_26105,5
TEST_12499,5
TEST_2598,5
TEST_13448,5
TEST_24869,5
TEST_10192,5
TEST_2698,5
TEST_24720,5
TEST_24344,5
TEST_19586,5
TEST_17875,5
TEST_16771,5
TEST_26869,5
TEST_11286,5
TEST_6109,5
TEST_23130,5
TEST_10877,5
TEST_1158,5
TEST_8047,5
TEST_13053,5
TEST_13047,5
TEST_10640,5
TEST_1236,5
TEST_22249,5
TEST_6128,5
TEST_17518,5
TEST_8427,5
TEST_19769,5
TEST_29070,5
TEST_9938,5
TEST_7312,5
TEST_20800,5
TEST_16183,5
TEST_1858,5
TEST_25424,5
TEST_24813,5
TEST_10178,5
TEST_2500,5
TEST_5594,5
TEST_2266,5
TEST_3606,5
TEST_13191,5
TEST_3134,5
TEST_24303,5
TEST_19199,5
TEST_20241,5
TEST_27371,5
TEST_16739,5
TEST_18275,5
TEST_5157,5
TEST_3581,5
TEST_19653,5
TEST_8854,5
TEST_16869,5
TEST_6794,5
TEST_28066,5
TEST_5122,5
TEST_17463,5
TEST_6458,5
TEST_27583,5
TEST_13897,5
TEST_10917,5
TEST_23383,5
TEST_17039,5
TEST_10333,5
TEST_22145,5
TEST_26314,5
TEST_11343,5
TEST_15445,5
TEST_5196,5
TEST_19968,5
TEST_12335,5
TEST_23942,5
TEST_8745,5
TEST_27325,5
TEST_5993,5
TEST_12094,5
TEST_28190,5
TEST_1608,5
TEST_11622,5
TEST_11688,5
TEST_1617,5
TEST_27905,5
TEST_19055,5
TEST_11443,5
TEST_14202,5
TEST_28001,5
TEST_24193,5
TEST_22753,5
TEST_11840,5
TEST_23493,5
TEST_10343,5
TEST_11883,5
TEST_8236,5
TEST_29730,5
TEST_18923,5
TEST_3811,5
TEST_5360,5
TEST_3286,5
TEST_14317,5
TEST_19759,5
TEST_5094,5
TEST_2905,5
TEST_3084,5
TEST_29079,5
TEST_21998,5
TEST_9213,5
TEST_11810,5
TEST_20158,5
TEST_1655,5
TEST_29979,5
TEST_914,5
TEST_25126,5
TEST_21967,5
TEST_3433,5
TEST_6996,5
TEST_24263,5
TEST_11395,5
TEST_5826,5
TEST_2295,5
TEST_8275,5
TEST_18692,5
TEST_5759,5
TEST_1541,5
TEST_9445,5
TEST_27554,5
TEST_20573,5
TEST_10511,5
TEST_18674,5
TEST_6326,5
TEST_20065,5
TEST_21586,5
TEST_7671,5
TEST_24099,5
TEST_28300,5
TEST_21109,5
TEST_17102,5
TEST_16104,5
TEST_12853,5
TEST_22310,5
TEST_9939,5
TEST_18492,5
TEST_17749,5
TEST_29724,5
TEST_3043,5
TEST_8166,5
TEST_15590,5
TEST_11851,5
TEST_13917,5
TEST_6299,5
TEST_28608,5
TEST_19059,5
TEST_6686,5
TEST_29128,5
TEST_6506,5
TEST_6880,5
TEST_5108,5
TEST_24191,5
TEST_28935,5
TEST_9317,5
TEST_19580,5
TEST_15172,5
TEST_2629,5
TEST_2795,5
TEST_6687,5
TEST_116,5
TEST_18017,5
TEST_2941,5
TEST_14042,5
TEST_10366,5
TEST_19515,5
TEST_6957,5
TEST_5829,5
TEST_18383,5
TEST_22372,5
TEST_23987,5
TEST_8947,5
TEST_18651,5
TEST_5545,5
TEST_23346,5
TEST_7969,5
TEST_4774,5
TEST_11689,5
TEST_26547,5
TEST_10812,5
TEST_27209,5
TEST_10915,5
TEST_10029,5
TEST_18432,5
TEST_29721,5
TEST_19283,5
TEST_494,5
TEST_96,5
TEST_11644,5
TEST_6416,5
TEST_23575,5
TEST_10699,5
TEST_20794,5
TEST_17737,5
TEST_21571,5
TEST_22308,5
TEST_3789,5
TEST_10695,5
TEST_7225,5
TEST_24004,5
TEST_8976,5
TEST_27115,5
TEST_11046,5
TEST_9645,5
TEST_1802,5
TEST_22449,5
TEST_4659,5
TEST_15090,5
TEST_12470,5
TEST_21514,5
TEST_282,5
TEST_22518,5
TEST_1612,5
TEST_8789,5
TEST_1052,5
TEST_15789,5
TEST_8031,5
TEST_1772,5
TEST_11176,5
TEST_17723,5
TEST_19825,5
TEST_14228,5
TEST_28814,5
TEST_18846,5
TEST_5016,5
TEST_23202,5
TEST_18684,5
TEST_16276,5
TEST_2246,5
TEST_10590,5
TEST_26461,5
TEST_29478,5
TEST_23541,5
TEST_9342,5
TEST_29093,5
TEST_2787,5
TEST_6985,5
TEST_358,5
TEST_5031,5
TEST_26263,5
TEST_2928,5
TEST_27458,5
TEST_29682,5
TEST_24522,5
TEST_9929,5
TEST_10721,5
TEST_21788,5
TEST_27455,5
TEST_7505,5
TEST_16510,5
TEST_13906,5
TEST_25061,5
TEST_11149,5
TEST_9979,5
TEST_19991,5
TEST_16195,5
TEST_7140,5
TEST_1961,5
TEST_16824,5
TEST_4115,5
TEST_24462,5
TEST_9065,5
TEST_7715,5
TEST_16265,5
TEST_25719,5
TEST_16065,5
TEST_17123,5
TEST_20260,5
TEST_4114,5
TEST_19679,5
TEST_20373,5
TEST_28296,5
TEST_3415,5
TEST_14641,5
TEST_29322,5
TEST_22625,5
TEST_10031,5
TEST_14428,5
TEST_1613,5
TEST_1887,5
TEST_1630,5
TEST_29464,5
TEST_22521,5
TEST_10969,5
TEST_8212,5
TEST_25132,5
TEST_25493,5
TEST_12033,5
TEST_25130,5
TEST_25846,5
TEST_21983,5
TEST_27229,5
TEST_1155,5
TEST_8936,5
TEST_11612,5
TEST_13534,5
TEST_2178,5
TEST_12251,5
TEST_13526,5
TEST_17249,5
TEST_2729,5
TEST_2280,5
TEST_6760,5
TEST_20665,5
TEST_26782,5
TEST_19303,5
TEST_15422,5
TEST_14586,5
TEST_8349,5
TEST_186,5
TEST_28434,5
TEST_18231,5
TEST_28064,5
TEST_24142,5
TEST_12269,5
TEST_22771,5
TEST_24255,5
TEST_23060,5
TEST_2307,5
TEST_5857,5
TEST_7703,5
TEST_4322,5
TEST_14729,5
TEST_6731,5
TEST_29955,5
TEST_21951,5
TEST_16228,5
TEST_12625,5
TEST_22393,5
TEST_17,5
TEST_1402,5
TEST_10541,5
TEST_29453,5
TEST_12712,5
TEST_28487,5
TEST_9827,5
TEST_17402,5
TEST_21135,5
TEST_2597,5
TEST_29567,5
TEST_20769,5
TEST_24953,5
TEST_16887,5
TEST_2972,5
TEST_11408,5
TEST_9130,5
TEST_7563,5
TEST_2921,5
TEST_3897,5
TEST_23025,5
TEST_6146,5
TEST_18240,5
TEST_29135,5
TEST_7277,5
TEST_24636,5
TEST_2606,5
TEST_10895,5
TEST_3193,5
TEST_24896,5
TEST_12533,5
TEST_19686,5
TEST_2902,5
TEST_14519,5
TEST_14188,5
TEST_14513,5
TEST_19743,5
TEST_15023,5
TEST_13269,5
TEST_17170,5
TEST_3311,5
TEST_2781,5
TEST_3894,5
TEST_10245,5
TEST_5678,5
TEST_28071,5
TEST_5014,5
TEST_13244,5
TEST_795,5
TEST_21973,5
TEST_6347,5
TEST_28502,5
TEST_20329,5
TEST_17590,5
TEST_6914,5
TEST_26028,5
TEST_2754,5
TEST_16735,5
TEST_4178,5
TEST_932,5
TEST_29716,5
TEST_16725,5
TEST_1946,5
TEST_27432,5
TEST_11780,5
TEST_11739,5
TEST_27850,5
TEST_9053,5
TEST_220,5
TEST_4867,5
TEST_28591,5
TEST_8701,5
TEST_15595,5
TEST_24376,5
TEST_27211,5
TEST_20061,5
TEST_7708,5
TEST_12416,5
TEST_12567,5
TEST_3659,5
TEST_6876,5
TEST_522,5
TEST_4354,5
TEST_669,5
TEST_18458,5
TEST_28017,5
TEST_23848,5
TEST_9437,5
TEST_3443,5
TEST_5898,5
TEST_1071,5
TEST_15214,5
TEST_15026,5
TEST_11834,5
TEST_12047,5
TEST_3034,5
TEST_23366,5
TEST_22529,5
TEST_22846,5
TEST_1872,5
TEST_5262,5
TEST_18066,5
TEST_18721,5
TEST_714,5
TEST_16214,5
TEST_28492,5
TEST_8825,5
TEST_25427,5
TEST_6348,5
TEST_13414,5
TEST_25435,5
TEST_21281,5
TEST_6818,5
TEST_14783,5
TEST_1270,5
TEST_8501,5
TEST_8993,5
TEST_19453,5
TEST_17365,5
TEST_25042,5
TEST_27168,5
TEST_11243,5
TEST_14689,5
TEST_16105,5
TEST_19202,5
TEST_15487,5
TEST_25546,5
TEST_28515,5
TEST_9025,5
TEST_18382,5
TEST_24310,5
TEST_12694,5
TEST_5984,5
TEST_7875,5
TEST_27625,5
TEST_28444,5
TEST_8725,5
TEST_8397,5
TEST_22999,5
TEST_29748,5
TEST_13020,5
TEST_6994,5
TEST_5082,5
TEST_18533,5
TEST_18819,5
TEST_16162,5
TEST_16754,5
TEST_10432,5
TEST_2055,5
TEST_28731,5
TEST_9232,5
TEST_15761,5
TEST_26059,5
TEST_7164,5
TEST_6955,5
TEST_13718,5
TEST_23672,5
TEST_7968,5
TEST_8768,5
TEST_10720,5
TEST_1225,5
TEST_8450,5
TEST_13194,5
TEST_18318,5
TEST_2018,5
TEST_17680,5
TEST_2460,5
TEST_27531,5
TEST_15698,5
TEST_3950,5
TEST_4161,5
TEST_24629,5
TEST_4251,5
TEST_1394,5
TEST_766,5
TEST_81,5
TEST_26076,5
TEST_22479,5
TEST_15503,5
TEST_4099,5
TEST_14819,5
TEST_27196,5
TEST_26795,5
TEST_19302,5
TEST_12384,5
TEST_7721,5
TEST_21630,5
TEST_28225,5
TEST_2607,5
TEST_14018,5
TEST_9365,5
TEST_18525,5
TEST_6808,5
TEST_1381,5
TEST_14355,5
TEST_7097,5
TEST_2874,5
TEST_12064,5
TEST_11355,5
TEST_6281,5
TEST_25229,5
TEST_9894,5
TEST_20907,5
TEST_28183,5
TEST_20839,5
TEST_15344,5
TEST_4386,5
TEST_8810,5
TEST_10291,5
TEST_14668,5
TEST_9989,5
TEST_12040,5
TEST_15295,5
TEST_27992,5
TEST_25684,5
TEST_27676,5
TEST_21184,5
TEST_21427,5
TEST_29323,5
TEST_6438,5
TEST_12159,5
TEST_20834,5
TEST_19959,5
TEST_11497,5
TEST_26205,5
TEST_24907,5
TEST_15366,5
TEST_9246,5
TEST_26624,5
TEST_14916,5
TEST_9580,5
TEST_26811,5
TEST_4107,5
TEST_17621,5
TEST_723,5
TEST_25559,5
TEST_20347,5
TEST_4367,5
TEST_4871,5
TEST_7132,5
TEST_28498,5
TEST_10338,5
TEST_3672,5
TEST_24684,5
TEST_18782,5
TEST_29055,5
TEST_9845,5
TEST_21947,5
TEST_15607,5
TEST_19141,5
TEST_29929,5
TEST_15694,5
TEST_26712,5
TEST_4728,5
TEST_13394,5
TEST_1003,5
TEST_4578,5
TEST_13826,5
TEST_27006,5
TEST_14595,5
TEST_16790,5
TEST_27477,5
TEST_18679,5
TEST_1461,5
TEST_4711,5
TEST_22337,5
TEST_3590,5
TEST_1463,5
TEST_2558,5
TEST_20404,5
TEST_12776,5
TEST_28992,5
TEST_24913,5
TEST_16450,5
TEST_19600,5
TEST_10740,5
TEST_8765,5
TEST_29733,5
TEST_7302,5
TEST_13069,5
TEST_22955,5
TEST_2149,5
TEST_1086,5
TEST_15600,5
TEST_9356,5
TEST_3254,5
TEST_3528,5
TEST_7426,5
TEST_20606,5
TEST_8021,5
TEST_22344,5
TEST_23149,5
TEST_26112,5
TEST_9133,5
TEST_229,5
TEST_21343,5
TEST_26006,5
TEST_9766,5
TEST_10410,5
TEST_13949,5
TEST_9643,5
TEST_6514,5
TEST_1472,5
TEST_12925,5
TEST_13108,5
TEST_6661,5
TEST_28355,5
TEST_22497,5
TEST_10132,5
TEST_19562,5
TEST_8638,5
TEST_23023,5
TEST_10992,5
TEST_3521,5
TEST_22397,5
TEST_13664,5
TEST_17882,5
TEST_16345,5
TEST_28050,5
TEST_18887,5
TEST_1028,5
TEST_4594,5
TEST_26371,5
TEST_23693,5
TEST_28188,5
TEST_14469,5
TEST_29648,5
TEST_13460,5
TEST_28395,5
TEST_4989,5
TEST_9918,5
TEST_17241,5
TEST_7291,5
TEST_11862,5
TEST_7448,5
TEST_21355,5
TEST_16234,5
TEST_12107,5
TEST_28966,5
TEST_25045,5
TEST_8122,5
TEST_29100,5
TEST_14405,5
TEST_9000,5
TEST_20127,5
TEST_9086,5
TEST_10306,5
TEST_10286,5
TEST_14384,5
TEST_5745,5
TEST_17029,5
TEST_8842,5
TEST_15415,5
TEST_27974,5
TEST_13110,5
TEST_4128,5
TEST_7092,5
TEST_11800,5
TEST_13694,5
TEST_20387,5
TEST_13435,5
TEST_5423,5
TEST_5754,5
TEST_29711,5
TEST_13821,5
TEST_29041,5
TEST_26358,5
TEST_26614,5
TEST_11633,5
TEST_29530,5
TEST_25348,5
TEST_25534,5
TEST_6061,5
TEST_25233,5
TEST_12614,5
TEST_2131,5
TEST_9961,5
TEST_12220,5
TEST_7602,5
TEST_17368,5
TEST_1503,5
TEST_10770,5
TEST_26414,5
TEST_5247,5
TEST_3165,5
TEST_7705,5
TEST_19585,5
TEST_29273,5
TEST_2755,5
TEST_4691,5
TEST_22115,5
TEST_4999,5
TEST_19234,5
TEST_22031,5
TEST_21881,5
TEST_15919,5
TEST_20727,5
TEST_23919,5
TEST_22544,5
TEST_12586,5
TEST_12779,5
TEST_1952,5
TEST_3900,5
TEST_28201,5
TEST_23542,5
TEST_23176,5
TEST_11574,5
TEST_28588,5
TEST_7403,5
TEST_18589,5
TEST_11663,5
TEST_29522,5
TEST_7728,5
TEST_16046,5
TEST_26993,5
TEST_20014,5
TEST_20016,5
TEST_9190,5
TEST_25145,5
TEST_5294,5
TEST_24698,5
TEST_2357,5
TEST_21799,5
TEST_21570,5
TEST_4477,5
TEST_11081,5
TEST_18041,5
TEST_17133,5
TEST_2440,5
TEST_15281,5
TEST_27074,5
TEST_20131,5
TEST_6636,5
TEST_2736,5
TEST_14624,5
TEST_12840,5
TEST_27995,5
TEST_24021,5
TEST_16206,5
TEST_26875,5
TEST_15238,5
TEST_8738,5
TEST_11609,5
TEST_10848,5
TEST_8115,5
TEST_4569,5
TEST_22810,5
TEST_19999,5
TEST_8192,5
TEST_19512,5
TEST_1356,5
TEST_2523,5
TEST_8650,5
TEST_26252,5
TEST_18475,5
TEST_25504,5
TEST_21168,5
TEST_18393,5
TEST_17984,5
TEST_19174,5
TEST_7103,5
TEST_4163,5
TEST_17460,5
TEST_14803,5
TEST_12188,5
TEST_28150,5
TEST_4980,5
TEST_23001,5
TEST_17507,5
TEST_27848,5
TEST_13978,5
TEST_6332,5
TEST_7771,5
TEST_28960,5
TEST_29529,5
TEST_19094,5
TEST_3354,5
TEST_12320,5
TEST_13201,5
TEST_24421,5
TEST_4037,5
TEST_14178,5
TEST_12785,5
TEST_26829,5
TEST_19990,5
TEST_22588,5
TEST_14336,5
TEST_24363,5
TEST_25267,5
TEST_10562,5
TEST_5425,5
TEST_9094,5
TEST_4993,5
TEST_22292,5
TEST_26502,5
TEST_27226,5
TEST_28762,5
TEST_12463,5
TEST_11624,5
TEST_6578,5
TEST_9714,5
TEST_19524,5
TEST_9116,5
TEST_7375,5
TEST_8998,5
TEST_22454,5
TEST_18488,5
TEST_19421,5
TEST_3114,5
TEST_4351,5
TEST_27092,5
TEST_20412,5
TEST_4547,5
TEST_22543,5
TEST_5726,5
TEST_114,5
TEST_17051,5
TEST_14670,5
TEST_9166,5
TEST_11529,5
TEST_4055,5
TEST_5138,5
TEST_14495,5
TEST_23219,5
TEST_11869,5
TEST_20786,5
TEST_6024,5
TEST_24207,5
TEST_5415,5
TEST_8829,5
TEST_25803,5
TEST_14918,5
TEST_12796,5
TEST_15060,5
TEST_5161,5
TEST_11198,5
TEST_14711,5
TEST_3328,5
TEST_5055,5
TEST_3904,5
TEST_8354,5
TEST_19223,5
TEST_23084,5
TEST_28845,5
TEST_4095,5
TEST_21270,5
TEST_18637,5
TEST_14230,5
TEST_16128,5
TEST_3643,5
TEST_16848,5
TEST_26580,5
TEST_20949,5
TEST_13628,5
TEST_14113,5
TEST_7031,5
TEST_21807,5
TEST_11278,5
TEST_10958,5
TEST_8155,5
TEST_9834,5
TEST_9256,5
TEST_22996,5
TEST_29664,5
TEST_1763,5
TEST_12970,5
TEST_14776,5
TEST_9564,5
TEST_1432,5
TEST_24759,5
TEST_19675,5
TEST_16405,5
TEST_5412,5
TEST_24397,5
TEST_29595,5
TEST_16741,5
TEST_6624,5
TEST_27606,5
TEST_22012,5
TEST_26630,5
TEST_8262,5
TEST_13160,5
TEST_15491,5
TEST_20711,5
TEST_17965,5
TEST_11762,5
TEST_18114,5
TEST_14406,5
TEST_17215,5
TEST_11015,5
TEST_26378,5
TEST_19618,5
TEST_29909,5
TEST_10505,5
TEST_10441,5
TEST_20411,5
TEST_19482,5
TEST_17030,5
TEST_25678,5
TEST_11054,5
TEST_20684,5
TEST_10361,5
TEST_21615,5
TEST_18023,5
TEST_1495,5
TEST_22320,5
TEST_25632,5
TEST_3220,5
TEST_3813,5
TEST_2665,5
TEST_20228,5
TEST_2329,5
TEST_12750,5
TEST_195,5
TEST_18848,5
TEST_11961,5
TEST_7731,5
TEST_1800,5
TEST_13768,5
TEST_19072,5
TEST_28912,5
TEST_24855,5
TEST_17672,5
TEST_17403,5
TEST_18982,5
TEST_12667,5
TEST_5392,5
TEST_26602,5
TEST_3301,5
TEST_5205,5
TEST_3313,5
TEST_20161,5
TEST_10280,5
TEST_9285,5
TEST_9859,5
TEST_2769,5
TEST_9549,5
TEST_21064,5
TEST_28137,5
TEST_11965,5
TEST_13842,5
TEST_13770,5
TEST_27170,5
TEST_4868,5
TEST_427,5
TEST_21794,5
TEST_5794,5
TEST_21455,5
TEST_26883,5
TEST_6884,5
TEST_5589,5
TEST_9515,5
TEST_21412,5
TEST_26310,5
TEST_25519,5
TEST_20354,5
TEST_24623,5
TEST_18255,5
TEST_10428,5
TEST_22908,5
TEST_18783,5
TEST_25255,5
TEST_571,5
TEST_19535,5
TEST_4865,5
TEST_24728,5
TEST_18375,5
TEST_26135,5
TEST_4723,5
TEST_20462,5
TEST_24480,5
TEST_21285,5
TEST_20590,5
TEST_28519,5
TEST_11698,5
TEST_28357,5
TEST_19664,5
TEST_22327,5
TEST_15823,5
TEST_9044,5
TEST_24959,5
TEST_27807,5
TEST_22074,5
TEST_29455,5
TEST_29610,5
TEST_11145,5
TEST_4335,5
TEST_29230,5
TEST_7741,5
TEST_14096,5
TEST_21048,5
TEST_750,5
TEST_26921,5
TEST_15820,5
TEST_21032,5
TEST_11626,5
TEST_15449,5
TEST_17262,5
TEST_9625,5
TEST_349,5
TEST_23490,5
TEST_5263,5
TEST_29008,5
TEST_12240,5
TEST_270,5
TEST_4770,5
TEST_22221,5
TEST_28342,5
TEST_25817,5
TEST_23966,5
TEST_5229,5
TEST_18691,5
TEST_14508,5
TEST_16289,5
TEST_20991,5
TEST_1292,5
TEST_23254,5
TEST_1823,5
TEST_25178,5
TEST_3284,5
TEST_21505,5
TEST_11164,5
TEST_17854,5
TEST_18713,5
TEST_6035,5
TEST_3399,5
TEST_26484,5
TEST_18567,5
TEST_8779,5
TEST_17998,5
TEST_8266,5
TEST_661,5
TEST_23310,5
TEST_29650,5
TEST_18469,5
TEST_21992,5
TEST_26661,5
TEST_8932,5
TEST_2477,5
TEST_12707,5
TEST_14225,5
TEST_919,5
TEST_230,5
TEST_11997,5
TEST_12148,5
TEST_5740,5
TEST_21217,5
TEST_12271,5
TEST_6866,5
TEST_14064,5
TEST_16638,5
TEST_16947,5
TEST_26872,5
TEST_6891,5
TEST_25366,5
TEST_20222,5
TEST_29705,5
TEST_17726,5
TEST_5356,5
TEST_2044,5
TEST_8982,5
TEST_25510,5
TEST_9382,5
TEST_22942,5
TEST_22878,5
TEST_19486,5
TEST_5913,5
TEST_3347,5
TEST_10327,5
TEST_23682,5
TEST_10262,5
TEST_19265,5
TEST_6027,5
TEST_2253,5
TEST_26591,5
TEST_20980,5
TEST_12162,5
TEST_16194,5
TEST_27736,5
TEST_2328,5
TEST_12716,5
TEST_25664,5
TEST_23502,5
TEST_693,5
TEST_6586,5
TEST_14427,5
TEST_18359,5
TEST_11448,5
TEST_5851,5
TEST_19973,5
TEST_29356,5
TEST_12834,5
TEST_27775,5
TEST_3515,5
TEST_15202,5
TEST_20866,5
TEST_5866,5
TEST_28520,5
TEST_8971,5
TEST_9892,5
TEST_3841,5
TEST_16688,5
TEST_21368,5
TEST_28720,5
TEST_5105,5
TEST_21919,5
TEST_22862,5
TEST_28773,5
TEST_23964,5
TEST_25216,5
TEST_927,5
TEST_19931,5
TEST_29699,5
TEST_17198,5
TEST_16387,5
TEST_16803,5
TEST_26019,5
TEST_28424,5
TEST_18389,5
TEST_3100,5
TEST_12867,5
TEST_20986,5
TEST_7160,5
TEST_20353,5
TEST_15313,5
TEST_18652,5
TEST_11413,5
TEST_4791,5
TEST_27641,5
TEST_10527,5
TEST_23209,5
TEST_7753,5
TEST_21358,5
TEST_16581,5
TEST_20709,5
TEST_10623,5
TEST_16826,5
TEST_25686,5
TEST_10617,5
TEST_10959,5
TEST_20716,5
TEST_7138,5
TEST_19299,5
TEST_21945,5
TEST_25879,5
TEST_5299,5
TEST_11672,5
TEST_20625,5
TEST_1410,5
TEST_13038,5
TEST_7107,5
TEST_10815,5
TEST_25200,5
TEST_8852,5
TEST_286,5
TEST_23766,5
TEST_16976,5
TEST_20278,5
TEST_867,5
TEST_740,5
TEST_14921,5
TEST_23233,5
TEST_26825,5
TEST_22247,5
TEST_1852,5
TEST_18211,5
TEST_19471,5
TEST_1288,5
TEST_27122,5
TEST_27348,5
TEST_14114,5
TEST_1869,5
TEST_3400,5
TEST_25352,5
TEST_14941,5
TEST_20486,5
TEST_12983,5
TEST_5044,5
TEST_25759,5
TEST_267,5
TEST_24560,5
TEST_21192,5
TEST_533,5
TEST_21046,5
TEST_27816,5
TEST_6752,5
TEST_19131,5
TEST_29112,5
TEST_25907,5
TEST_25120,5
TEST_15982,5
TEST_23878,5
TEST_18654,5
TEST_9033,5
TEST_16993,5
TEST_29644,5
TEST_17442,5
TEST_7412,5
TEST_21707,5
TEST_22960,5
TEST_28688,5
TEST_10818,5
TEST_20710,5
TEST_1326,5
TEST_26497,5
TEST_11828,5
TEST_28340,5
TEST_5288,5
TEST_2084,5
TEST_17918,5
TEST_27781,5
TEST_26725,5
TEST_10661,5
TEST_17326,5
TEST_28367,5
TEST_17987,5
TEST_24982,5
TEST_14813,5
TEST_12406,5
TEST_13960,5
TEST_23359,5
TEST_12042,5
TEST_22139,5
TEST_29731,5
TEST_29001,5
TEST_1331,5
TEST_23924,5
TEST_20256,5
TEST_26256,5
TEST_24075,5
TEST_16509,5
TEST_16782,5
TEST_14259,5
TEST_26929,5
TEST_13606,5
TEST_20030,5
TEST_21805,5
TEST_11357,5
TEST_1056,5
TEST_23684,5
TEST_28843,5
TEST_15282,5
TEST_29686,5
TEST_5379,5
TEST_14353,5
TEST_873,5
TEST_4438,5
TEST_7627,5
TEST_21490,5
TEST_16779,5
TEST_16199,5
TEST_23496,5
TEST_27305,5
TEST_29331,5
TEST_11989,5
TEST_23787,5
TEST_12,5
TEST_9502,5
TEST_27964,5
TEST_21215,5
TEST_16249,5
TEST_17795,5
TEST_2183,5
TEST_15657,5
TEST_10499,5
TEST_9735,5
TEST_17172,5
TEST_5020,5
TEST_2391,5
TEST_14424,5
TEST_2224,5
TEST_26015,5
TEST_25889,5
TEST_5485,5
TEST_25954,5
TEST_26745,5
TEST_10414,5
TEST_12115,5
TEST_653,5
TEST_23725,5
TEST_609,5
TEST_27809,5
TEST_2618,5
TEST_5634,5
TEST_21901,5
TEST_26072,5
TEST_134,5
TEST_7614,5
TEST_24391,5
TEST_8258,5
TEST_14410,5
TEST_23324,5
TEST_9367,5
TEST_5675,5
TEST_12351,5
TEST_22912,5
TEST_10219,5
TEST_24430,5
TEST_8424,5
TEST_20764,5
TEST_20741,5
TEST_10154,5
TEST_29569,5
TEST_22121,5
TEST_29843,5
TEST_17448,5
TEST_28963,5
TEST_21056,5
TEST_16802,5
TEST_5881,5
TEST_25151,5
TEST_29519,5
TEST_19082,5
TEST_24778,5
TEST_18334,5
TEST_4701,5
TEST_26632,5
TEST_12951,5
TEST_14748,5
TEST_22093,5
TEST_17633,5
TEST_18675,5
TEST_19574,5
TEST_5200,5
TEST_13945,5
TEST_12319,5
TEST_18293,5
TEST_17686,5
TEST_24765,5
TEST_8595,5
TEST_26570,5
TEST_18884,5
TEST_29245,5
TEST_23328,5
TEST_17725,5
TEST_27541,5
TEST_10911,5
TEST_22264,5
TEST_26995,5
TEST_22708,5
TEST_15717,5
TEST_2413,5
TEST_15154,5
TEST_7119,5
TEST_4131,5
TEST_15956,5
TEST_13474,5
TEST_17550,5
TEST_26089,5
TEST_22612,5
TEST_5516,5
TEST_10216,5
TEST_10503,5
TEST_19996,5
TEST_28363,5
TEST_13296,5
TEST_17385,5
TEST_20798,5
TEST_13066,5
TEST_10049,5
TEST_22586,5
TEST_3523,5
TEST_29398,5
TEST_22090,5
TEST_21619,5
TEST_8041,5
TEST_25712,5
TEST_2243,5
TEST_16012,5
TEST_19435,5
TEST_8313,5
TEST_22164,5
TEST_6622,5
TEST_21700,5
TEST_19255,5
TEST_20726,5
TEST_17926,5
TEST_5871,5
TEST_22574,5
TEST_18392,5
TEST_25866,5
TEST_13121,5
TEST_17917,5
TEST_13144,5
TEST_16849,5
TEST_11048,5
TEST_12346,5
TEST_24949,5
TEST_696,5
TEST_23857,5
TEST_18938,5
TEST_4807,5
TEST_3630,5
TEST_13363,5
TEST_601,5
TEST_13037,5
TEST_1734,5
TEST_14987,5
TEST_12044,5
TEST_20977,5
TEST_23656,5
TEST_7905,5
TEST_3538,5
TEST_13226,5
TEST_7443,5
TEST_26467,5
TEST_16484,5
TEST_27492,5
TEST_19074,5
TEST_7479,5
TEST_13326,5
TEST_19058,5
TEST_23640,5
TEST_14389,5
TEST_23519,5
TEST_12606,5
TEST_5939,5
TEST_20989,5
TEST_20617,5
TEST_10913,5
TEST_18288,5
TEST_18724,5
TEST_10694,5
TEST_2109,5
TEST_14211,5
TEST_6589,5
TEST_24899,5
TEST_18830,5
TEST_14937,5
TEST_20816,5
TEST_15874,5
TEST_14654,5
TEST_21143,5
TEST_23198,5
TEST_24446,5
TEST_28597,5
TEST_19876,5
TEST_510,5
TEST_4427,5
TEST_20398,5
TEST_9642,5
TEST_2092,5
TEST_11949,5
TEST_23751,5
TEST_1885,5
TEST_9343,5
TEST_29251,5
TEST_9281,5
TEST_20581,5
TEST_24482,5
TEST_12849,5
TEST_27312,5
TEST_18282,5
TEST_13964,5
TEST_26163,5
TEST_28149,5
TEST_5302,5
TEST_5283,5
TEST_6568,5
TEST_7354,5
TEST_628,5
TEST_22871,5
TEST_781,5
TEST_27953,5
TEST_11616,5
TEST_9470,5
TEST_1293,5
TEST_21964,5
TEST_19722,5
TEST_24094,5
TEST_21365,5
TEST_877,5
TEST_7043,5
TEST_2637,5
TEST_20336,5
TEST_27106,5
TEST_11906,5
TEST_16143,5
TEST_23342,5
TEST_16325,5
TEST_13500,5
TEST_18577,5
TEST_20908,5
TEST_17860,5
TEST_17130,5
TEST_15653,5
TEST_20074,5
TEST_24653,5
TEST_10425,5
TEST_24710,5
TEST_5845,5
TEST_12902,5
TEST_13676,5
TEST_13411,5
TEST_1799,5
TEST_5386,5
TEST_9594,5
TEST_5424,5
TEST_22321,5
TEST_2309,5
TEST_3205,5
TEST_28140,5
TEST_25576,5
TEST_19455,5
TEST_15457,5
TEST_13705,5
TEST_28210,5
TEST_10200,5
TEST_10986,5
TEST_4072,5
TEST_27765,5
TEST_11647,5
TEST_22909,5
TEST_2066,5
TEST_4319,5
TEST_26803,5
TEST_27779,5
TEST_2580,5
TEST_14847,5
TEST_12498,5
TEST_24510,5
TEST_3865,5
TEST_28332,5
TEST_4699,5
TEST_716,5
TEST_7620,5
TEST_18276,5
TEST_6701,5
TEST_1893,5
TEST_11835,5
TEST_19377,5
TEST_11680,5
TEST_4892,5
TEST_1481,5
TEST_21179,5
TEST_19662,5
TEST_26181,5
TEST_29034,5
TEST_15645,5
TEST_27743,5
TEST_15048,5
TEST_22033,5
TEST_15199,5
TEST_788,5
TEST_15076,5
TEST_12837,5
TEST_4139,5
TEST_27549,5
TEST_5245,5
TEST_22312,5
TEST_10374,5
TEST_11528,5
TEST_19839,5
TEST_8003,5
TEST_28378,5
TEST_8432,5
TEST_13449,5
TEST_25518,5
TEST_2339,5
TEST_27638,5
TEST_24335,5
TEST_15573,5
TEST_29092,5
TEST_10765,5
TEST_15223,5
TEST_4681,5
TEST_19224,5
TEST_27933,5
TEST_5985,5
TEST_28486,5
TEST_20745,5
TEST_15107,5
TEST_20460,5
TEST_12432,5
TEST_15417,5
TEST_27054,5
TEST_24126,5
TEST_17414,5
TEST_16637,5
TEST_10846,5
TEST_3120,5
TEST_21673,5
TEST_5830,5
TEST_12410,5
TEST_22767,5
TEST_21671,5
TEST_23240,5
TEST_13087,5
TEST_15601,5
TEST_11486,5
TEST_15756,5
TEST_22375,5
TEST_5514,5
TEST_2177,5
TEST_22232,5
TEST_21961,5
TEST_4482,5
TEST_9732,5
TEST_24347,5
TEST_871,5
TEST_7576,5
TEST_14928,5
TEST_1602,5
TEST_25741,5
TEST_5233,5
TEST_5273,5
TEST_24561,5
TEST_1164,5
TEST_22884,5
TEST_18857,5
TEST_20935,5
TEST_24775,5
TEST_27258,5
TEST_23741,5
TEST_26340,5
TEST_3966,5
TEST_11591,5
TEST_4225,5
TEST_12437,5
TEST_24453,5
TEST_4405,5
TEST_1864,5
TEST_27615,5
TEST_6508,5
TEST_6280,5
TEST_178,5
TEST_29895,5
TEST_1494,5
TEST_5709,5
TEST_2002,5
TEST_19076,5
TEST_28428,5
TEST_308,5
TEST_25577,5
TEST_23447,5
TEST_3742,5
TEST_29383,5
TEST_11866,5
TEST_9457,5
TEST_2048,5
TEST_2476,5
TEST_8908,5
TEST_3754,5
TEST_20959,5
TEST_4439,5
TEST_2841,5
TEST_20450,5
TEST_23266,5
TEST_25409,5
TEST_27294,5
TEST_13137,5
TEST_16871,5
TEST_29049,5
TEST_4554,5
TEST_26087,5
TEST_7234,5
TEST_19386,5
TEST_22659,5
TEST_10398,5
TEST_12590,5
TEST_25760,5
TEST_28898,5
TEST_12944,5
TEST_19403,5
TEST_27406,5
TEST_20477,5
TEST_29295,5
TEST_4465,5
TEST_21631,5
TEST_2683,5
TEST_5264,5
TEST_24030,5
TEST_10446,5
TEST_4125,5
TEST_22514,5
TEST_19559,5
TEST_28189,5
TEST_6028,5
TEST_16264,5
TEST_5717,5
TEST_11234,5
TEST_27327,5
TEST_27354,5
TEST_6159,5
TEST_6359,5
TEST_13307,5
TEST_24825,5
TEST_14029,5
TEST_14541,5
TEST_3426,5
TEST_4687,5
TEST_865,5
TEST_21539,5
TEST_9303,5
TEST_21524,5
TEST_4849,5
TEST_23637,5
TEST_25374,5
TEST_28695,5
TEST_16095,5
TEST_8261,5
TEST_3863,5
TEST_746,5
TEST_20445,5
TEST_3264,5
TEST_19780,5
TEST_25387,5
TEST_6918,5
TEST_26243,5
TEST_4632,5
TEST_15171,5
TEST_12122,5
TEST_8602,5
TEST_20089,5
TEST_25325,5
TEST_7526,5
TEST_19414,5
TEST_3720,5
TEST_23579,5
TEST_23843,5
TEST_15193,5
TEST_12892,5
TEST_9324,5
TEST_18259,5
TEST_26762,5
TEST_9758,5
TEST_6167,5
TEST_26971,5
TEST_12258,5
TEST_17066,5
TEST_7738,5
TEST_19756,5
TEST_860,5
TEST_29417,5
TEST_18489,5
TEST_7534,5
TEST_21741,5
TEST_26498,5
TEST_3877,5
TEST_21806,5
TEST_9242,5
TEST_25309,5
TEST_4545,5
TEST_6457,5
TEST_6074,5
TEST_26296,5
TEST_23699,5
TEST_29452,5
TEST_7984,5
TEST_26763,5
TEST_6762,5
TEST_24889,5
TEST_24386,5
TEST_13406,5
TEST_17449,5
TEST_12648,5
TEST_14163,5
TEST_22528,5
TEST_8075,5
TEST_2799,5
TEST_27889,5
TEST_9746,5
TEST_68,5
TEST_19119,5
TEST_18158,5
TEST_19474,5
TEST_25672,5
TEST_28279,5
TEST_3731,5
TEST_16185,5
TEST_13062,5
TEST_1491,5
TEST_21851,5
TEST_28751,5
TEST_29835,5
TEST_14171,5
TEST_28868,5
TEST_22699,5
TEST_29553,5
TEST_3748,5
TEST_22853,5
TEST_12914,5
TEST_6271,5
TEST_18390,5
TEST_24647,5
TEST_22565,5
TEST_19177,5
TEST_1290,5
TEST_17694,5
TEST_6919,5
TEST_17707,5
TEST_14540,5
TEST_29170,5
TEST_558,5
TEST_7481,5
TEST_61,5
TEST_29778,5
TEST_10771,5
TEST_10875,5
TEST_27185,5
TEST_1365,5
TEST_28044,5
TEST_8207,5
TEST_10946,5
TEST_13684,5
TEST_2511,5
TEST_29710,5
TEST_8141,5
TEST_20502,5
TEST_10910,5
TEST_2957,5
TEST_13564,5
TEST_28095,5
TEST_19748,5
TEST_20108,5
TEST_774,5
TEST_17041,5
TEST_19459,5
TEST_21858,5
TEST_21614,5
TEST_20270,5
TEST_18261,5
TEST_24879,5
TEST_5968,5
TEST_3141,5
TEST_28841,5
TEST_22349,5
TEST_10897,5
TEST_437,5
TEST_16033,5
TEST_6976,5
TEST_20332,5
TEST_24620,5
TEST_15685,5
TEST_5867,5
TEST_5166,5
TEST_5510,5
TEST_4414,5
TEST_5211,5
TEST_28374,5
TEST_16111,5
TEST_9333,5
TEST_1718,5
TEST_18207,5
TEST_834,5
TEST_2576,5
TEST_6633,5
TEST_403,5
TEST_12448,5
TEST_2627,5
TEST_13149,5
TEST_16519,5
TEST_29866,5
TEST_19864,5
TEST_14007,5
TEST_25358,5
TEST_985,5
TEST_20890,5
TEST_3030,5
TEST_23842,5
TEST_16203,5
TEST_9188,5
TEST_23928,5
TEST_28921,5
TEST_24124,5
TEST_11527,5
TEST_4341,5
TEST_2917,5
TEST_27212,5
TEST_1834,5
TEST_27224,5
TEST_9728,5
TEST_19209,5
TEST_11903,5
TEST_23207,5
TEST_2123,5
TEST_10652,5
TEST_7607,5
TEST_23412,5
TEST_25914,5
TEST_4137,5
TEST_25127,5
TEST_21536,5
TEST_9273,5
TEST_1533,5
TEST_14321,5
TEST_9158,5
TEST_1473,5
TEST_11258,5
TEST_11789,5
TEST_3083,5
TEST_29536,5
TEST_20504,5
TEST_170,5
TEST_382,5
TEST_28934,5
TEST_4092,5
TEST_16852,5
TEST_2625,5
TEST_9013,5
TEST_6073,5
TEST_25876,5
TEST_10834,5
TEST_4499,5
TEST_25508,5
TEST_5586,5
TEST_7756,5
TEST_18509,5
TEST_28470,5
TEST_25459,5
TEST_15112,5
TEST_25728,5
TEST_9851,5
TEST_29844,5
TEST_13379,5
TEST_6605,5
TEST_2210,5
TEST_5013,5
TEST_4182,5
TEST_19581,5
TEST_14356,5
TEST_3318,5
TEST_23526,5
TEST_9916,5
TEST_9804,5
TEST_5271,5
TEST_16096,5
TEST_5785,5
TEST_1401,5
TEST_25477,5
TEST_13071,5
TEST_17803,5
TEST_13791,5
TEST_27650,5
TEST_16505,5
TEST_20521,5
TEST_21040,5
TEST_9079,5
TEST_27349,5
TEST_14149,5
TEST_15212,5
TEST_8187,5
TEST_6475,5
TEST_5213,5
TEST_15630,5
TEST_25777,5
TEST_27202,5
TEST_25098,5
TEST_29818,5
TEST_10753,5
TEST_17610,5
TEST_21386,5
TEST_17607,5
TEST_24384,5
TEST_28999,5
TEST_6257,5
TEST_2300,5
TEST_1585,5
TEST_11362,5
TEST_3368,5
TEST_26266,5
TEST_26448,5
TEST_15893,5
TEST_6210,5
TEST_7494,5
TEST_28423,5
TEST_1545,5
TEST_3526,5
TEST_204,5
TEST_6829,5
TEST_25065,5
TEST_6907,5
TEST_24091,5
TEST_6103,5
TEST_23043,5
TEST_19213,5
TEST_11979,5
TEST_20290,5
TEST_22980,5
TEST_6962,5
TEST_25390,5
TEST_14799,5
TEST_28585,5
TEST_9468,5
TEST_18461,5
TEST_6436,5
TEST_25762,5
TEST_7690,5
TEST_9289,5
TEST_15707,5
TEST_20703,5
TEST_15475,5
TEST_14977,5
TEST_5156,5
TEST_21262,5
TEST_23655,5
TEST_16161,5
TEST_23193,5
TEST_17851,5
TEST_27595,5
TEST_1783,5
TEST_27764,5
TEST_27661,5
TEST_1187,5
TEST_2747,5
TEST_115,5
TEST_13766,5
TEST_28815,5
TEST_5488,5
TEST_13633,5
TEST_5033,5
TEST_5050,5
TEST_11816,5
TEST_12966,5
TEST_16913,5
TEST_5308,5
TEST_2469,5
TEST_14943,5
TEST_29010,5
TEST_19934,5
TEST_3089,5
TEST_5716,5
TEST_26899,5
TEST_5428,5
TEST_26799,5
TEST_19560,5
TEST_28425,5
TEST_18146,5
TEST_14439,5
TEST_16923,5
TEST_24250,5
TEST_25217,5
TEST_18728,5
TEST_1524,5
TEST_27036,5
TEST_17908,5
TEST_23989,5
TEST_8892,5
TEST_21593,5
TEST_6346,5
TEST_25861,5
TEST_10297,5
TEST_19969,5
TEST_21310,5
TEST_17943,5
TEST_15932,5
TEST_10221,5
TEST_3071,5
TEST_20453,5
TEST_3432,5
TEST_10427,5
TEST_14496,5
TEST_16950,5
TEST_13299,5
TEST_25163,5
TEST_14577,5
TEST_12309,5
TEST_18386,5
TEST_3930,5
TEST_20485,5
TEST_8111,5
TEST_20673,5
TEST_11802,5
TEST_11161,5
TEST_3333,5
TEST_13929,5
TEST_6298,5
TEST_9089,5
TEST_25400,5
TEST_16839,5
TEST_9504,5
TEST_569,5
TEST_15116,5
TEST_22926,5
TEST_2163,5
TEST_5387,5
TEST_20370,5
TEST_15330,5
TEST_25567,5
TEST_21890,5
TEST_23104,5
TEST_5121,5
TEST_10295,5
TEST_12471,5
TEST_5974,5
TEST_10678,5
TEST_11084,5
TEST_5912,5
TEST_17438,5
TEST_18634,5
TEST_18900,5
TEST_5661,5
TEST_11373,5
TEST_8525,5
TEST_16503,5
TEST_8068,5
TEST_2630,5
TEST_14221,5
TEST_2882,5
TEST_5152,5
TEST_8110,5
TEST_7473,5
TEST_13404,5
TEST_27013,5
TEST_17548,5
TEST_29136,5
TEST_6541,5
TEST_4395,5
TEST_14867,5
TEST_24519,5
TEST_8714,5
TEST_2802,5
TEST_17453,5
TEST_25969,5
TEST_13508,5
TEST_26188,5
TEST_25618,5
TEST_15904,5
TEST_12228,5
TEST_25362,5
TEST_24493,5
TEST_13319,5
TEST_6836,5
TEST_6592,5
TEST_15673,5
TEST_22957,5
TEST_6423,5
TEST_12771,5
TEST_11173,5
TEST_22899,5
TEST_26131,5
TEST_1945,5
TEST_7181,5
TEST_16408,5
TEST_23237,5
TEST_26913,5
TEST_21348,5
TEST_6755,5
TEST_454,5
TEST_24370,5
TEST_21501,5
TEST_29558,5
TEST_17386,5
TEST_17997,5
TEST_11968,5
TEST_14213,5
TEST_6873,5
TEST_18194,5
TEST_2114,5
TEST_8949,5
TEST_729,5
TEST_28624,5
TEST_17835,5
TEST_7372,5
TEST_24256,5
TEST_16692,5
TEST_19750,5
TEST_22807,5
TEST_428,5
TEST_25752,5
TEST_3686,5
TEST_10756,5
TEST_16981,5
TEST_20203,5
TEST_22162,5
TEST_15944,5
TEST_16780,5
TEST_11342,5
TEST_1587,5
TEST_3077,5
TEST_18337,5
TEST_16383,5
TEST_27494,5
TEST_27586,5
TEST_20946,5
TEST_1579,5
TEST_18602,5
TEST_26504,5
TEST_294,5
TEST_12630,5
TEST_28714,5
TEST_25992,5
TEST_24533,5
TEST_11062,5
TEST_22622,5
TEST_12890,5
TEST_11831,5
TEST_9012,5
TEST_12070,5
TEST_7933,5
TEST_21640,5
TEST_942,5
TEST_16714,5
TEST_14047,5
TEST_13064,5
TEST_28129,5
TEST_4458,5
TEST_19629,5
TEST_12225,5
TEST_366,5
TEST_21324,5
TEST_28792,5
TEST_20717,5
TEST_1123,5
TEST_16131,5
TEST_13801,5
TEST_18649,5
TEST_371,5
TEST_22487,5
TEST_11937,5
TEST_24333,5
TEST_22963,5
TEST_28925,5
TEST_18933,5
TEST_16467,5
TEST_15569,5
TEST_1189,5
TEST_2762,5
TEST_16394,5
TEST_21052,5
TEST_12264,5
TEST_4922,5
TEST_11202,5
TEST_7820,5
TEST_39,5
TEST_2587,5
TEST_13702,5
TEST_5692,5
TEST_11315,5
TEST_2990,5
TEST_19789,5
TEST_11658,5
TEST_715,5
TEST_24880,5
TEST_10746,5
TEST_9639,5
TEST_18010,5
TEST_24451,5
TEST_25071,5
TEST_2553,5
TEST_15740,5
TEST_3249,5
TEST_21709,5
TEST_3280,5
TEST_29367,5
TEST_13639,5
TEST_13737,5
TEST_22286,5
TEST_8126,5
TEST_27041,5
TEST_23937,5
TEST_644,5
TEST_6887,5
TEST_18328,5
TEST_29689,5
TEST_18315,5
TEST_27203,5
TEST_8365,5
TEST_4476,5
TEST_16611,5
TEST_14476,5
TEST_12332,5
TEST_28802,5
TEST_27365,5
TEST_24956,5
TEST_22172,5
TEST_17183,5
TEST_12580,5
TEST_25939,5
TEST_20123,5
TEST_9760,5
TEST_21676,5
TEST_23716,5
TEST_6631,5
TEST_12093,5
TEST_20844,5
TEST_13162,5
TEST_14999,5
TEST_8558,5
TEST_22104,5
TEST_5132,5
TEST_19888,5
TEST_14397,5
TEST_5688,5
TEST_15525,5
TEST_28457,5
TEST_7735,5
TEST_16526,5
TEST_1844,5
TEST_27457,5
TEST_23462,5
TEST_7908,5
TEST_14142,5
TEST_11578,5
TEST_3819,5
TEST_14218,5
TEST_15079,5
TEST_6310,5
TEST_11040,5
TEST_25425,5
TEST_14623,5
TEST_25528,5
TEST_26653,5
TEST_26686,5
TEST_14323,5
TEST_15611,5
TEST_28953,5
TEST_17601,5
TEST_2926,5
TEST_28926,5
TEST_29742,5
TEST_14258,5
TEST_25381,5
TEST_15526,5
TEST_19941,5
TEST_4103,5
TEST_23648,5
TEST_13427,5
TEST_24978,5
TEST_14216,5
TEST_26807,5
TEST_25444,5
TEST_27150,5
TEST_8531,5
TEST_16935,5
TEST_13480,5
TEST_1392,5
TEST_6626,5
TEST_1620,5
TEST_24922,5
TEST_6848,5
TEST_21404,5
TEST_19948,5
TEST_27526,5
TEST_18387,5
TEST_13247,5
TEST_28060,5
TEST_13198,5
TEST_26979,5
TEST_335,5
TEST_29550,5
TEST_16297,5
TEST_11459,5
TEST_19292,5
TEST_29422,5
TEST_3039,5
TEST_7466,5
TEST_16540,5
TEST_22278,5
TEST_25870,5
TEST_9397,5
TEST_23670,5
TEST_4348,5
TEST_24230,5
TEST_29021,5
TEST_10078,5
TEST_3723,5
TEST_2179,5
TEST_2693,5
TEST_18522,5
TEST_21222,5
TEST_25107,5
TEST_22572,5
TEST_10066,5
TEST_13432,5
TEST_768,5
TEST_27994,5
TEST_16127,5
TEST_27251,5
TEST_2924,5
TEST_26299,5
TEST_29665,5
TEST_28908,5
TEST_29837,5
TEST_21349,5
TEST_15723,5
TEST_25735,5
TEST_27851,5
TEST_4779,5
TEST_18949,5
TEST_10197,5
TEST_6665,5
TEST_4076,5
TEST_29817,5
TEST_20058,5
TEST_13419,5
TEST_21440,5
TEST_2244,5
TEST_8782,5
TEST_18398,5
TEST_15883,5
TEST_6143,5
TEST_8363,5
TEST_20489,5
TEST_14573,5
TEST_10975,5
TEST_11874,5
TEST_5018,5
TEST_7416,5
TEST_4836,5
TEST_23391,5
TEST_18936,5
TEST_19085,5
TEST_2192,5
TEST_8790,5
TEST_11901,5
TEST_12909,5
TEST_23620,5
TEST_24676,5
TEST_17598,5
TEST_8526,5
TEST_15669,5
TEST_9798,5
TEST_5886,5
TEST_28881,5
TEST_3634,5
TEST_10585,5
TEST_22697,5
TEST_23513,5
TEST_2410,5
TEST_14790,5
TEST_8229,5
TEST_29292,5
TEST_21545,5
TEST_16100,5
TEST_10634,5
TEST_2142,5
TEST_5343,5
TEST_7789,5
TEST_24734,5
TEST_11236,5
TEST_13693,5
TEST_2757,5
TEST_14674,5
TEST_5063,5
TEST_5350,5
TEST_9183,5
TEST_16961,5
TEST_21339,5
TEST_12419,5
TEST_13829,5
TEST_1404,5
TEST_17472,5
TEST_7931,5
TEST_6293,5
TEST_11068,5
TEST_3935,5
TEST_4745,5
TEST_17282,5
TEST_3939,5
TEST_22420,5
TEST_16352,5
TEST_17492,5
TEST_24032,5
TEST_20669,5
TEST_3719,5
TEST_22694,5
TEST_6129,5
TEST_27928,5
TEST_16391,5
TEST_9082,5
TEST_907,5
TEST_7101,5
TEST_9653,5
TEST_9449,5
TEST_20140,5
TEST_7487,5
TEST_20878,5
TEST_9945,5
TEST_7777,5
TEST_1066,5
TEST_27509,5
TEST_18077,5
TEST_7795,5
TEST_26269,5
TEST_18350,5
TEST_21792,5
TEST_251,5
TEST_29210,5
TEST_26852,5
TEST_19254,5
TEST_27902,5
TEST_12423,5
TEST_25956,5
TEST_4176,5
TEST_18358,5
TEST_14534,5
TEST_18650,5
TEST_21509,5
TEST_6247,5
TEST_10004,5
TEST_17775,5
TEST_9706,5
TEST_12401,5
TEST_16368,5
TEST_3676,5
TEST_27498,5
TEST_8548,5
TEST_3262,5
TEST_14205,5
TEST_24209,5
TEST_21722,5
TEST_25489,5
TEST_2144,5
TEST_27699,5
TEST_12217,5
TEST_12371,5
TEST_3146,5
TEST_10187,5
TEST_27398,5
TEST_19655,5
TEST_22605,5
TEST_4199,5
TEST_24265,5
TEST_13181,5
TEST_25483,5
TEST_11958,5
TEST_11414,5
TEST_8242,5
TEST_11677,5
TEST_14565,5
TEST_10904,5
TEST_16267,5
TEST_12997,5
TEST_2420,5
TEST_5098,5
TEST_22560,5
TEST_11061,5
TEST_6613,5
TEST_18700,5
TEST_24221,5
TEST_1764,5
TEST_6841,5
TEST_20535,5
TEST_6185,5
TEST_25660,5
TEST_28565,5
TEST_22780,5
TEST_13464,5
TEST_13303,5
TEST_26337,5
TEST_27081,5
TEST_4126,5
TEST_22099,5
TEST_28262,5
TEST_4913,5
TEST_25937,5
TEST_7577,5
TEST_27334,5
TEST_19828,5
TEST_20763,5
TEST_25708,5
TEST_23070,5
TEST_17532,5
TEST_27756,5
TEST_23528,5
TEST_13957,5
TEST_11894,5
TEST_21812,5
TEST_5760,5
TEST_27965,5
TEST_5581,5
TEST_3060,5
TEST_22877,5
TEST_1539,5
TEST_8347,5
TEST_14940,5
TEST_2015,5
TEST_26785,5
TEST_16004,5
TEST_24871,5
TEST_7430,5
TEST_17263,5
TEST_10082,5
TEST_25439,5
TEST_8850,5
TEST_25872,5
TEST_10881,5
TEST_20133,5
TEST_3580,5
TEST_17954,5
TEST_20508,5
TEST_24040,5
TEST_22812,5
TEST_25047,5
TEST_29926,5
TEST_8889,5
TEST_13469,5
TEST_13292,5
TEST_1516,5
TEST_19819,5
TEST_5312,5
TEST_29945,5
TEST_11321,5
TEST_9248,5
TEST_9523,5
TEST_11586,5
TEST_19817,5
TEST_17529,5
TEST_15584,5
TEST_14337,5
TEST_6529,5
TEST_14545,5
TEST_4470,5
TEST_5017,5
TEST_19189,5
TEST_18775,5
TEST_20494,5
TEST_8828,5
TEST_23029,5
TEST_28096,5
TEST_18582,5
TEST_9309,5
TEST_23891,5
TEST_29164,5
TEST_1235,5
TEST_22700,5
TEST_21996,5
TEST_16705,5
TEST_19005,5
TEST_22441,5
TEST_28432,5
TEST_15923,5
TEST_21611,5
TEST_7745,5
TEST_27575,5
TEST_28284,5
TEST_20868,5
TEST_22049,5
TEST_12344,5
TEST_29031,5
TEST_19404,5
TEST_29725,5
TEST_6342,5
TEST_16609,5
TEST_26953,5
TEST_14022,5
TEST_20733,5
TEST_11187,5
TEST_20561,5
TEST_1798,5
TEST_6845,5
TEST_7094,5
TEST_28361,5
TEST_4402,5
TEST_8358,5
TEST_18628,5
TEST_9817,5
TEST_15254,5
TEST_25203,5
TEST_20944,5
TEST_6138,5
TEST_27528,5
TEST_19185,5
TEST_15058,5
TEST_26774,5
TEST_21553,5
TEST_9935,5
TEST_1035,5
TEST_10137,5
TEST_18243,5
TEST_19339,5
TEST_26761,5
TEST_21759,5
TEST_20060,5
TEST_29254,5
TEST_15319,5
TEST_15748,5
TEST_19460,5
TEST_7623,5
TEST_21584,5
TEST_12091,5
TEST_22799,5
TEST_23645,5
TEST_12807,5
TEST_28371,5
TEST_4946,5
TEST_17595,5
TEST_29801,5
TEST_11353,5
TEST_12995,5
TEST_27931,5
TEST_6972,5
TEST_19712,5
TEST_8446,5
TEST_15278,5
TEST_9423,5
TEST_8772,5
TEST_6036,5
TEST_13605,5
TEST_14530,5
TEST_29394,5
TEST_13306,5
TEST_160,5
TEST_2164,5
TEST_13001,5
TEST_6991,5
TEST_14100,5
TEST_25159,5
TEST_25357,5
TEST_8787,5
TEST_7541,5
TEST_13712,5
TEST_6110,5
TEST_21321,5
TEST_6722,5
TEST_16443,5
TEST_1281,5
TEST_23217,5
TEST_3780,5
TEST_25513,5
TEST_2700,5
TEST_15961,5
TEST_21212,5
TEST_21926,5
TEST_27702,5
TEST_853,5
TEST_4201,5
TEST_4313,5
TEST_5933,5
TEST_25512,5
TEST_25930,5
TEST_13638,5
TEST_18269,5
TEST_23935,5
TEST_28326,5
TEST_1597,5
TEST_12376,5
TEST_28339,5
TEST_12587,5
TEST_4180,5
TEST_18309,5
TEST_15501,5
TEST_11980,5
TEST_7686,5
TEST_15722,5
TEST_20576,5
TEST_20401,5
TEST_25761,5
TEST_8458,5
TEST_23707,5
TEST_19534,5
TEST_8253,5
TEST_23401,5
TEST_3615,5
TEST_2538,5
TEST_18047,5
TEST_19614,5
TEST_18996,5
TEST_19554,5
TEST_10340,5
TEST_19397,5
TEST_6251,5
TEST_28181,5
TEST_26148,5
TEST_9506,5
TEST_25916,5
TEST_19937,5
TEST_12316,5
TEST_20802,5
TEST_11053,5
TEST_23788,5
TEST_8177,5
TEST_15665,5
TEST_7793,5
TEST_18914,5
TEST_23550,5
TEST_6354,5
TEST_19238,5
TEST_5443,5
TEST_3094,5
TEST_14445,5
TEST_29580,5
TEST_8545,5
TEST_8534,5
TEST_18519,5
TEST_10142,5
TEST_11832,5
TEST_3888,5
TEST_18731,5
TEST_17896,5
TEST_21692,5
TEST_11790,5
TEST_11873,5
TEST_1112,5
TEST_26390,5
TEST_4893,5
TEST_6966,5
TEST_26055,5
TEST_17654,5
TEST_6000,5
TEST_3073,5
TEST_29637,5
TEST_10932,5
TEST_18983,5
TEST_9347,5
TEST_28013,5
TEST_11500,5
TEST_27663,5
TEST_3492,5
TEST_541,5
TEST_2459,5
TEST_8265,5
TEST_28522,5
TEST_26642,5
TEST_837,5
TEST_17236,5
TEST_22371,5
TEST_5382,5
TEST_4196,5
TEST_12524,5
TEST_12920,5
TEST_9391,5
TEST_9816,5
TEST_5758,5
TEST_23872,5
TEST_4630,5
TEST_26322,5
TEST_9651,5
TEST_12313,5
TEST_4653,5
TEST_854,5
TEST_23033,5
TEST_24738,5
TEST_1244,5
TEST_24981,5
TEST_19649,5
TEST_9381,5
TEST_6668,5
TEST_16346,5
TEST_1047,5
TEST_20932,5
TEST_21886,5
TEST_17819,5
TEST_27124,5
TEST_6676,5
TEST_16302,5
TEST_9047,5
TEST_29163,5
TEST_19264,5
TEST_29119,5
TEST_12972,5
TEST_14979,5
TEST_11806,5
TEST_4649,5
TEST_17807,5
TEST_14747,5
TEST_27140,5
TEST_4706,5
TEST_19194,5
TEST_8010,5
TEST_24536,5
TEST_7236,5
TEST_13619,5
TEST_12640,5
TEST_827,5
TEST_11384,5
TEST_8272,5
TEST_3915,5
TEST_20010,5
TEST_13915,5
TEST_9857,5
TEST_2038,5
TEST_6161,5
TEST_24941,5
TEST_8309,5
TEST_29614,5
TEST_6565,5
TEST_259,5
TEST_26389,5
TEST_10359,5
TEST_14224,5
TEST_22137,5
TEST_7685,5
TEST_29747,5
TEST_15856,5
TEST_2021,5
TEST_14086,5
TEST_17773,5
TEST_6968,5
TEST_12858,5
TEST_10751,5
TEST_23574,5
TEST_20141,5
TEST_26757,5
TEST_367,5
TEST_5566,5
TEST_23929,5
TEST_1081,5
TEST_2634,5
TEST_13386,5
TEST_429,5
TEST_5962,5
TEST_10495,5
TEST_4481,5
TEST_421,5
TEST_22923,5
TEST_28128,5
TEST_11122,5
TEST_6056,5
TEST_7383,5
TEST_3670,5
TEST_1307,5
TEST_17919,5
TEST_20098,5
TEST_10581,5
TEST_11978,5
TEST_14109,5
TEST_8847,5
TEST_28855,5
TEST_24957,5
TEST_12202,5
TEST_22457,5
TEST_16029,5
TEST_5497,5
TEST_16500,5
TEST_26628,5
TEST_25896,5
TEST_25913,5
TEST_15522,5
TEST_27173,5
TEST_20263,5
TEST_25186,5
TEST_4212,5
TEST_4962,5
TEST_14794,5
TEST_25437,5
TEST_27295,5
TEST_19720,5
TEST_18601,5
TEST_12986,5
TEST_27263,5
TEST_3843,5
TEST_3244,5
TEST_24486,5
TEST_20292,5
TEST_983,5
TEST_515,5
TEST_18555,5
TEST_23079,5
TEST_14235,5
TEST_11561,5
TEST_1576,5
TEST_25765,5
TEST_6258,5
TEST_27062,5
TEST_17087,5
TEST_8022,5
TEST_15889,5
TEST_11797,5
TEST_18209,5
TEST_172,5
TEST_11017,5
TEST_6814,5
TEST_13861,5
TEST_7439,5
TEST_19885,5
TEST_10322,5
TEST_3920,5
TEST_26190,5
TEST_2949,5
TEST_19551,5
TEST_19480,5
TEST_10054,5
TEST_5218,5
TEST_23355,5
TEST_4410,5
TEST_15092,5
TEST_25488,5
TEST_26519,5
TEST_16077,5
TEST_5142,5
TEST_6414,5
TEST_16480,5
TEST_9330,5
TEST_7675,5
TEST_20874,5
TEST_11281,5
TEST_2803,5
TEST_29168,5
TEST_3412,5
TEST_1884,5
TEST_7190,5
TEST_19889,5
TEST_22741,5
TEST_302,5
TEST_11620,5
TEST_9048,5
TEST_21451,5
TEST_7757,5
TEST_11697,5
TEST_19546,5
TEST_14277,5
TEST_2256,5
TEST_11292,5
TEST_13727,5
TEST_20223,5
TEST_20765,5
TEST_5964,5
TEST_23567,5
TEST_8520,5
TEST_28811,5
TEST_20246,5
TEST_12596,5
TEST_25837,5
TEST_16733,5
TEST_20406,5
TEST_29771,5
TEST_7725,5
TEST_28998,5
TEST_14762,5
TEST_6427,5
TEST_481,5
TEST_24555,5
TEST_25246,5
TEST_23686,5
TEST_147,5
TEST_16168,5
TEST_20479,5
TEST_3250,5
TEST_4379,5
TEST_27614,5
TEST_6904,5
TEST_13810,5
TEST_2652,5
TEST_4549,5
TEST_3770,5
TEST_3620,5
TEST_25713,5
TEST_24133,5
TEST_18453,5
TEST_29406,5
TEST_17634,5
TEST_27468,5
TEST_25702,5
TEST_5806,5
TEST_15369,5
TEST_22265,5
TEST_3080,5
TEST_10675,5
TEST_26073,5
TEST_21560,5
TEST_1653,5
TEST_22953,5
TEST_1965,5
TEST_25370,5
TEST_18366,5
TEST_8055,5
TEST_8759,5
TEST_23446,5
TEST_26404,5
TEST_19211,5
TEST_9655,5
TEST_6861,5
TEST_13156,5
TEST_4242,5
TEST_18027,5
TEST_21378,5
TEST_14809,5
TEST_25230,5
TEST_20633,5
TEST_25491,5
TEST_384,5
TEST_21295,5
TEST_775,5
TEST_9575,5
TEST_29201,5
TEST_2334,5
TEST_25982,5
TEST_13783,5
TEST_15382,5
TEST_14099,5
TEST_26560,5
TEST_15500,5
TEST_2403,5
TEST_22059,5
TEST_27489,5
TEST_28632,5
TEST_24465,5
TEST_28549,5
TEST_20903,5
TEST_8305,5
TEST_14494,5
TEST_12756,5
TEST_3629,5
TEST_10385,5
TEST_18058,5
TEST_18135,5
TEST_4968,5
TEST_25455,5
TEST_24834,5
TEST_4116,5
TEST_16262,5
TEST_28058,5
TEST_99,5
TEST_176,5
TEST_18617,5
TEST_21912,5
TEST_9117,5
TEST_232,5
TEST_11775,5
TEST_25245,5
TEST_26091,5
TEST_28454,5
TEST_8292,5
TEST_23380,5
TEST_10827,5
TEST_15619,5
TEST_1221,5
TEST_5739,5
TEST_981,5
TEST_488,5
TEST_4640,5
TEST_1439,5
TEST_11162,5
TEST_7272,5
TEST_6321,5
TEST_6211,5
TEST_14518,5
TEST_8407,5
TEST_18994,5
TEST_25469,5
TEST_24066,5
TEST_10153,5
TEST_15632,5
TEST_29606,5
TEST_14807,5
TEST_2043,5
TEST_2608,5
TEST_11080,5
TEST_6618,5
TEST_2527,5
TEST_1654,5
TEST_19354,5
TEST_8804,5
TEST_29376,5
TEST_11045,5
TEST_9155,5
TEST_21778,5
TEST_16462,5
TEST_3891,5
TEST_29236,5
TEST_8380,5
TEST_26664,5
TEST_15926,5
TEST_7474,5
TEST_3151,5
TEST_2979,5
TEST_6388,5
TEST_11761,5
TEST_17945,5
TEST_931,5
TEST_24227,5
TEST_9967,5
TEST_4907,5
TEST_19950,5
TEST_8180,5
TEST_9038,5
TEST_6852,5
TEST_6243,5
TEST_23289,5
TEST_20698,5
TEST_2099,5
TEST_3707,5
TEST_25769,5
TEST_8164,5
TEST_13573,5
TEST_23083,5
TEST_22758,5
TEST_25277,5
TEST_18913,5
TEST_15992,5
TEST_13284,5
TEST_29827,5
TEST_26142,5
TEST_10248,5
TEST_5604,5
TEST_26992,5
TEST_28856,5
TEST_2482,5
TEST_9406,5
TEST_24273,5
TEST_15626,5
TEST_10198,5
TEST_25927,5
TEST_28446,5
TEST_632,5
TEST_20078,5
TEST_29432,5
TEST_6200,5
TEST_25306,5
TEST_14619,5
TEST_3112,5
TEST_20237,5
TEST_27099,5
TEST_27504,5
TEST_8102,5
TEST_8649,5
TEST_269,5
TEST_19109,5
TEST_28325,5
TEST_751,5
TEST_25176,5
TEST_3150,5
TEST_7396,5
TEST_10779,5
TEST_22940,5
TEST_4081,5
TEST_707,5
TEST_27147,5
TEST_6819,5
TEST_29994,5
TEST_18472,5
TEST_18335,5
TEST_12594,5
TEST_21016,5
TEST_24308,5
TEST_15697,5
TEST_4435,5
TEST_6585,5
TEST_63,5
TEST_9341,5
TEST_2640,5
TEST_23566,5
TEST_6253,5
TEST_23255,5
TEST_12254,5
TEST_19698,5
TEST_28104,5
TEST_24174,5
TEST_6307,5
TEST_23375,5
TEST_1479,5
TEST_1835,5
TEST_26724,5
TEST_23791,5
TEST_3640,5
TEST_29290,5
TEST_21122,5
TEST_9588,5
TEST_25563,5
TEST_2647,5
TEST_27827,5
TEST_28986,5
TEST_5355,5
TEST_3291,5
TEST_25784,5
TEST_14035,5
TEST_10170,5
TEST_22378,5
TEST_22177,5
TEST_20821,5
TEST_5117,5
TEST_4105,5
TEST_25929,5
TEST_14773,5
TEST_23392,5
TEST_11403,5
TEST_11820,5
TEST_26366,5
TEST_19807,5
TEST_13134,5
TEST_22190,5
TEST_667,5
TEST_29120,5
TEST_8783,5
TEST_25983,5
TEST_15592,5
TEST_9994,5
TEST_13637,5
TEST_722,5
TEST_8572,5
TEST_13055,5
TEST_15587,5
TEST_23779,5
TEST_5848,5
TEST_15075,5
TEST_19671,5
TEST_24366,5
TEST_15393,5
TEST_29216,5
TEST_10124,5
TEST_19192,5
TEST_18436,5
TEST_6222,5
TEST_9544,5
TEST_10696,5
TEST_15031,5
TEST_1433,5
TEST_14367,5
TEST_9688,5
TEST_7436,5
TEST_7007,5
TEST_21069,5
TEST_29117,5
TEST_7484,5
TEST_20742,5
TEST_1257,5
TEST_19918,5
TEST_28780,5
TEST_3726,5
TEST_18455,5
TEST_15324,5
TEST_20500,5
TEST_11199,5
TEST_13743,5
TEST_33,5
TEST_683,5
TEST_15312,5
TEST_13557,5
TEST_8736,5
TEST_12438,5
TEST_11169,5
TEST_21535,5
TEST_563,5
TEST_18538,5
TEST_27517,5
TEST_29854,5
TEST_4783,5
TEST_11201,5
TEST_21551,5
TEST_25915,5
TEST_24971,5
TEST_29504,5
TEST_24967,5
TEST_24853,5
TEST_20488,5
TEST_3488,5
TEST_12513,5
TEST_23618,5
TEST_7347,5
TEST_15096,5
TEST_15656,5
TEST_17756,5
TEST_13381,5
TEST_18129,5
TEST_27388,5
TEST_18452,5
TEST_18232,5
TEST_16933,5
TEST_19418,5
TEST_4571,5
TEST_7087,5
TEST_6654,5
TEST_25499,5
TEST_22154,5
TEST_24803,5
TEST_28721,5
TEST_5470,5
TEST_12974,5
TEST_18409,5
TEST_12352,5
TEST_2085,5
TEST_19438,5
TEST_4347,5
TEST_23170,5
TEST_6135,5
TEST_5986,5
TEST_17169,5
TEST_5827,5
TEST_20315,5
TEST_276,5
TEST_16556,5
TEST_7918,5
TEST_16190,5
TEST_14894,5
TEST_13536,5
TEST_26621,5
TEST_23615,5
TEST_22180,5
TEST_12086,5
TEST_2049,5
TEST_15720,5
TEST_18531,5
TEST_28045,5
TEST_21420,5
TEST_2715,5
TEST_24990,5
TEST_25467,5
TEST_11168,5
TEST_5527,5
TEST_6085,5
TEST_20653,5
TEST_28950,5
TEST_28027,5
TEST_13075,5
TEST_25604,5
TEST_11522,5
TEST_17352,5
TEST_4490,5
TEST_16644,5
TEST_3375,5
TEST_14402,5
TEST_3327,5
TEST_2362,5
TEST_20395,5
TEST_24103,5
TEST_13739,5
TEST_16076,5
TEST_18200,5
TEST_8483,5
TEST_18820,5
TEST_3478,5
TEST_10365,5
TEST_21727,5
TEST_14156,5
TEST_21436,5
TEST_19508,5
TEST_26294,5
TEST_2486,5
TEST_8552,5
TEST_15061,5
TEST_8448,5
TEST_12084,5
TEST_21766,5
TEST_5361,5
TEST_7039,5
TEST_21863,5
TEST_21066,5
TEST_21981,5
TEST_16060,5
TEST_1165,5
TEST_2338,5
TEST_1610,5
TEST_26127,5
TEST_16107,5
TEST_8798,5
TEST_1160,5
TEST_16448,5
TEST_17744,5
TEST_8107,5
TEST_14677,5
TEST_19956,5
TEST_11044,5
TEST_15251,5
TEST_12461,5
TEST_21197,5
TEST_21559,5
TEST_29662,5
TEST_25461,5
TEST_3144,5
TEST_27758,5
TEST_3462,5
TEST_10064,5
TEST_22714,5
TEST_18903,5
TEST_14509,5
TEST_12021,5
TEST_18482,5
TEST_27900,5
TEST_29450,5
TEST_2472,5
TEST_10268,5
TEST_18074,5
TEST_12574,5
TEST_2581,5
TEST_25359,5
TEST_20346,5
TEST_4321,5
TEST_20923,5
TEST_24114,5
TEST_29961,5
TEST_8753,5
TEST_4467,5
TEST_25321,5
TEST_14084,5
TEST_5885,5
TEST_8648,5
TEST_12922,5
TEST_10287,5
TEST_20775,5
TEST_24358,5
TEST_3902,5
TEST_7963,5
TEST_28118,5
TEST_16884,5
TEST_16109,5
TEST_11549,5
TEST_8188,5
TEST_5895,5
TEST_17670,5
TEST_6207,5
TEST_8797,5
TEST_15896,5
TEST_24613,5
TEST_11051,5
TEST_10605,5
TEST_8030,5
TEST_8466,5
TEST_22568,5
TEST_23720,5
TEST_9388,5
TEST_4950,5
TEST_27763,5
TEST_20706,5
TEST_17659,5
TEST_29592,5
TEST_8979,5
TEST_4365,5
TEST_3148,5
TEST_9318,5
TEST_20469,5
TEST_15588,5
TEST_10768,5
TEST_3896,5
TEST_2199,5
TEST_13613,5
TEST_1197,5
TEST_13019,5
TEST_17901,5
TEST_22726,5
TEST_7360,5
TEST_22740,5
TEST_4426,5
TEST_14742,5
TEST_27611,5
TEST_3758,5
TEST_23479,5
TEST_4963,5
TEST_22105,5
TEST_17794,5
TEST_24424,5
TEST_5756,5
TEST_7173,5
TEST_4063,5
TEST_29187,5
TEST_3645,5
TEST_19308,5
TEST_8099,5
TEST_25118,5
TEST_3909,5
TEST_18329,5
TEST_23845,5
TEST_4333,5
TEST_26609,5
TEST_22927,5
TEST_6587,5
TEST_7041,5
TEST_26342,5
TEST_19570,5
TEST_18891,5
TEST_24843,5
TEST_23264,5
TEST_9525,5
TEST_21534,5
TEST_21888,5
TEST_6705,5
TEST_18274,5
TEST_6563,5
TEST_17845,5
TEST_20905,5
TEST_26842,5
TEST_19845,5
TEST_888,5
TEST_17683,5
TEST_13152,5
TEST_26886,5
TEST_2840,5
TEST_14463,5
TEST_10336,5
TEST_22289,5
TEST_4259,5
TEST_18615,5
TEST_23296,5
TEST_28297,5
TEST_4186,5
TEST_21007,5
TEST_16660,5
TEST_23950,5
TEST_2361,5
TEST_15824,5
TEST_2743,5
TEST_547,5
TEST_20036,5
TEST_9623,5
TEST_5837,5
TEST_8717,5
TEST_28628,5
TEST_559,5
TEST_10540,5
TEST_9104,5
TEST_25062,5
TEST_26039,5
TEST_12860,5
TEST_14927,5
TEST_3256,5
TEST_27183,5
TEST_27613,5
TEST_19045,5
TEST_982,5
TEST_15339,5
TEST_8822,5
TEST_18867,5
TEST_27190,5
TEST_1026,5
TEST_29399,5
TEST_21266,5
TEST_7896,5
TEST_12111,5
TEST_2299,5
TEST_24285,5
TEST_8506,5
TEST_25500,5
TEST_7886,5
TEST_1029,5
TEST_19863,5
TEST_3206,5
TEST_14593,5
TEST_20609,5
TEST_17148,5
TEST_7787,5
TEST_9325,5
TEST_22747,5
TEST_9772,5
TEST_1638,5
TEST_28437,5
TEST_18944,5
TEST_5580,5
TEST_12120,5
TEST_21099,5
TEST_1640,5
TEST_7153,5
TEST_28160,5
TEST_14749,5
TEST_27233,5
TEST_14684,5
TEST_2473,5
TEST_4279,5
TEST_450,5
TEST_15184,5
TEST_14551,5
TEST_12025,5
TEST_10229,5
TEST_11544,5
TEST_2260,5
TEST_3795,5
TEST_21655,5
TEST_3829,5
TEST_22876,5
TEST_17018,5
TEST_10070,5
TEST_23430,5
TEST_15183,5
TEST_25222,5
TEST_6765,5
TEST_21347,5
TEST_13560,5
TEST_23539,5
TEST_6851,5
TEST_19014,5
TEST_1097,5
TEST_25928,5
TEST_4987,5
TEST_28517,5
TEST_17163,5
TEST_23372,5
TEST_13545,5
TEST_1537,5
TEST_23802,5
TEST_21410,5
TEST_14475,5
TEST_21314,5
TEST_1089,5
TEST_10088,5
TEST_11556,5
TEST_28147,5
TEST_22837,5
TEST_21516,5
TEST_12299,5
TEST_2502,5
TEST_22506,5
TEST_12861,5
TEST_21825,5
TEST_25112,5
TEST_7182,5
TEST_9235,5
TEST_11183,5
TEST_28447,5
TEST_14462,5
TEST_4480,5
TEST_732,5
TEST_25711,5
TEST_9411,5
TEST_17002,5
TEST_9921,5
TEST_11022,5
TEST_3207,5
TEST_3223,5
TEST_26427,5
TEST_7903,5
TEST_2650,5
TEST_604,5
TEST_28993,5
TEST_10157,5
TEST_12511,5
TEST_23495,5
TEST_9032,5
TEST_14673,5
TEST_28127,5
TEST_22165,5
TEST_21434,5
TEST_25836,5
TEST_1395,5
TEST_20639,5
TEST_26961,5
TEST_12990,5
TEST_2005,5
TEST_18379,5
TEST_29956,5
TEST_27911,5
TEST_9357,5
TEST_16348,5
TEST_13078,5
TEST_21899,5
TEST_18241,5
TEST_991,5
TEST_20548,5
TEST_13667,5
TEST_1465,5
TEST_13857,5
TEST_14737,5
TEST_16472,5
TEST_16139,5
TEST_933,5
TEST_29905,5
TEST_7056,5
TEST_27087,5
TEST_27123,5
TEST_13852,5
TEST_10921,5
TEST_5104,5
TEST_17701,5
TEST_6327,5
TEST_1434,5
TEST_27578,5
TEST_26821,5
TEST_10529,5
TEST_15902,5
TEST_18807,5
TEST_26144,5
TEST_11618,5
TEST_14917,5
TEST_22785,5
TEST_24262,5
TEST_6391,5
TEST_23236,5
TEST_472,5
TEST_29862,5
TEST_3117,5
TEST_29566,5
TEST_11190,5
TEST_9308,5
TEST_19449,5
TEST_19693,5
TEST_6005,5
TEST_13585,5
TEST_5914,5
TEST_7938,5
TEST_20697,5
TEST_10841,5
TEST_12960,5
TEST_26640,5
TEST_23294,5
TEST_5562,5
TEST_25188,5
TEST_27926,5
TEST_19037,5
TEST_11863,5
TEST_21798,5
TEST_5467,5
TEST_16317,5
TEST_16695,5
TEST_2385,5
TEST_3054,5
TEST_10836,5
TEST_16854,5
TEST_12402,5
TEST_8946,5
TEST_18961,5
TEST_28063,5
TEST_10445,5
TEST_19138,5
TEST_26106,5
TEST_6309,5
TEST_22314,5
TEST_5620,5
TEST_21275,5
TEST_27158,5
TEST_4216,5
TEST_17480,5
TEST_874,5
TEST_1284,5
TEST_16227,5
TEST_9311,5
TEST_20408,5
TEST_10202,5
TEST_19441,5
TEST_8385,5
TEST_23257,5
TEST_19473,5
TEST_15073,5
TEST_20171,5
TEST_3814,5
TEST_1706,5
TEST_13282,5
TEST_8390,5
TEST_21853,5
TEST_12999,5
TEST_29588,5
TEST_12224,5
TEST_17107,5
TEST_17430,5
TEST_1037,5
TEST_5789,5
TEST_14050,5
TEST_25182,5
TEST_4833,5
TEST_1860,5
TEST_8094,5
TEST_5151,5
TEST_21889,5
TEST_20298,5
TEST_23009,5
TEST_17248,5
TEST_18024,5
TEST_9187,5
TEST_3355,5
TEST_29381,5
TEST_26727,5
TEST_16559,5
TEST_8299,5
TEST_19080,5
TEST_14394,5
TEST_342,5
TEST_17814,5
TEST_13042,5
TEST_12121,5
TEST_23071,5
TEST_4478,5
TEST_7955,5
TEST_2029,5
TEST_23352,5
TEST_10648,5
TEST_6576,5
TEST_7878,5
TEST_5484,5
TEST_11115,5
TEST_18822,5
TEST_13926,5
TEST_12506,5
TEST_12098,5
TEST_9865,5
TEST_22241,5
TEST_19027,5
TEST_19158,5
TEST_24994,5
TEST_17346,5
TEST_29824,5
TEST_20177,5
TEST_26129,5
TEST_26333,5
TEST_22763,5
TEST_24150,5
TEST_10377,5
TEST_24598,5
TEST_22913,5
TEST_7524,5
TEST_14204,5
TEST_12113,5
TEST_11838,5
TEST_8452,5
TEST_2662,5
TEST_4487,5
TEST_15481,5
TEST_6601,5
TEST_15443,5
TEST_13925,5
TEST_12009,5
TEST_1484,5
TEST_17852,5
TEST_23019,5
TEST_656,5
TEST_922,5
TEST_19695,5
TEST_13021,5
TEST_11890,5
TEST_5977,5
TEST_14312,5
TEST_26201,5
TEST_27272,5
TEST_2709,5
TEST_27057,5
TEST_6888,5
TEST_8221,5
TEST_21537,5
TEST_12336,5
TEST_7867,5
TEST_5449,5
TEST_29158,5
TEST_9810,5
TEST_9943,5
TEST_239,5
TEST_3703,5
TEST_28478,5
TEST_11049,5
TEST_25006,5
TEST_24495,5
TEST_14013,5
TEST_15157,5
TEST_21665,5
TEST_27247,5
TEST_24315,5
TEST_1008,5
TEST_4633,5
TEST_24594,5
TEST_4573,5
TEST_4383,5
TEST_22712,5
TEST_7363,5
TEST_16663,5
TEST_1128,5
TEST_21042,5
TEST_7393,5
TEST_92,5
TEST_12016,5
TEST_28283,5
TEST_12119,5
TEST_11629,5
TEST_24403,5
TEST_2418,5
TEST_3692,5
TEST_26858,5
TEST_26905,5
TEST_24654,5
TEST_9484,5
TEST_7935,5
TEST_1695,5
TEST_6493,5
TEST_7098,5
TEST_8691,5
TEST_21574,5
TEST_15924,5
TEST_4069,5
TEST_19642,5
TEST_18690,5
TEST_14617,5
TEST_5746,5
TEST_16041,5
TEST_23144,5
TEST_6708,5
TEST_7857,5
TEST_13985,5
TEST_23500,5
TEST_719,5
TEST_3858,5
TEST_4639,5
TEST_24989,5
TEST_22017,5
TEST_24729,5
TEST_455,5
TEST_23362,5
TEST_5002,5
TEST_637,5
TEST_6030,5
TEST_2102,5
TEST_9037,5
TEST_2396,5
TEST_3123,5
TEST_25834,5
TEST_14349,5
TEST_331,5
TEST_7486,5
TEST_5081,5
TEST_13022,5
TEST_10166,5
TEST_24747,5
TEST_3009,5
TEST_3847,5
TEST_1567,5
TEST_17455,5
TEST_27695,5
TEST_15156,5
TEST_17239,5
TEST_29918,5
TEST_14529,5
TEST_28808,5
TEST_5304,5
TEST_25157,5
TEST_22813,5
TEST_11117,5
TEST_17129,5
TEST_13662,5
TEST_22036,5
TEST_27359,5
TEST_9004,5
TEST_6521,5
TEST_8578,5
TEST_21445,5
TEST_2964,5
TEST_5399,5
TEST_25402,5
TEST_25659,5
TEST_27731,5
TEST_20976,5
TEST_3990,5
TEST_19771,5
TEST_4832,5
TEST_7559,5
TEST_21435,5
TEST_4392,5
TEST_25052,5
TEST_2058,5
TEST_2679,5
TEST_15326,5
TEST_19124,5
TEST_15911,5
TEST_27187,5
TEST_6908,5
TEST_13700,5
TEST_14184,5
TEST_27037,5
TEST_28761,5
TEST_12669,5
TEST_10702,5
TEST_13930,5
TEST_14087,5
TEST_1546,5
TEST_9847,5
TEST_2052,5
TEST_18646,5
TEST_29524,5
TEST_9058,5
TEST_3188,5
TEST_29403,5
TEST_4179,5
TEST_5729,5
TEST_9154,5
TEST_15783,5
TEST_10033,5
TEST_9178,5
TEST_23428,5
TEST_26408,5
TEST_12520,5
TEST_2910,5
TEST_2139,5
TEST_25431,5
TEST_21105,5
TEST_15099,5
TEST_23055,5
TEST_7279,5
TEST_21656,5
TEST_3952,5
TEST_26485,5
TEST_21406,5
TEST_6209,5
TEST_11916,5
TEST_6764,5
TEST_29298,5
TEST_12155,5
TEST_29339,5
TEST_28349,5
TEST_15671,5
TEST_23696,5
TEST_10962,5
TEST_4625,5
TEST_22103,5
TEST_16920,5
TEST_28142,5
TEST_22654,5
TEST_12173,5
TEST_3476,5
TEST_11262,5
TEST_17393,5
TEST_16511,5
TEST_19291,5
TEST_6961,5
TEST_17728,5
TEST_27876,5
TEST_12318,5
TEST_16357,5
TEST_4866,5
TEST_7472,5
TEST_22199,5
TEST_27948,5
TEST_14059,5
TEST_17436,5
TEST_16625,5
TEST_6180,5
TEST_2097,5
TEST_14517,5
TEST_12818,5
TEST_12187,5
TEST_15818,5
TEST_2663,5
TEST_12001,5
TEST_15957,5
TEST_17717,5
TEST_14491,5
TEST_17333,5
TEST_3975,5
TEST_15050,5
TEST_21795,5
TEST_4546,5
TEST_27813,5
TEST_12676,5
TEST_8967,5
TEST_9321,5
TEST_7548,5
TEST_17793,5
TEST_26610,5
TEST_15015,5
TEST_5747,5
TEST_16193,5
TEST_28289,5
TEST_17295,5
TEST_28872,5
TEST_15381,5
TEST_11705,5
TEST_10393,5
TEST_22451,5
TEST_13756,5
TEST_25600,5
TEST_19703,5
TEST_19088,5
TEST_18414,5
TEST_19434,5
TEST_15325,5
TEST_16968,5
TEST_18869,5
TEST_23160,5
TEST_26289,5
TEST_28246,5
TEST_6459,5
TEST_12089,5
TEST_5289,5
TEST_19691,5
TEST_24804,5
TEST_28947,5
TEST_22179,5
TEST_5061,5
TEST_21258,5
TEST_15474,5
TEST_19207,5
TEST_5659,5
TEST_19905,5
TEST_401,5
TEST_19979,5
TEST_2713,5
TEST_25242,5
TEST_26081,5
TEST_15123,5
TEST_5128,5
TEST_17747,5
TEST_6229,5
TEST_3449,5
TEST_16411,5
TEST_4515,5
TEST_29829,5
TEST_20616,5
TEST_1418,5
TEST_13645,5
TEST_22123,5
TEST_10521,5
TEST_7550,5
TEST_29831,5
TEST_23138,5
TEST_27425,5
TEST_18346,5
TEST_22198,5
TEST_28097,5
TEST_21506,5
TEST_7399,5
TEST_24762,5
TEST_19280,5
TEST_18332,5
TEST_14583,5
TEST_21254,5
TEST_28871,5
TEST_16776,5
TEST_27766,5
TEST_11929,5
TEST_20442,5
TEST_8763,5
TEST_9459,5
TEST_642,5
TEST_17858,5
TEST_23709,5
TEST_11812,5
TEST_1413,5
TEST_3320,5
TEST_15623,5
TEST_18021,5
TEST_28674,5
TEST_9650,5
TEST_5301,5
TEST_9336,5
TEST_15605,5
TEST_29521,5
TEST_15303,5
TEST_29754,5
TEST_26507,5
TEST_27264,5
TEST_28977,5
TEST_15785,5
TEST_29732,5
TEST_17539,5
TEST_20530,5
TEST_6157,5
TEST_12623,5
TEST_28038,5
TEST_17568,5
TEST_8925,5
TEST_6967,5
TEST_8158,5
TEST_5403,5
TEST_28610,5
TEST_1108,5
TEST_13851,5
TEST_3428,5
TEST_24593,5
TEST_20407,5
TEST_29883,5
TEST_21479,5
TEST_591,5
TEST_23093,5
TEST_4790,5
TEST_7961,5
TEST_20882,5
TEST_23042,5
TEST_15951,5
TEST_25475,5
TEST_28723,5
TEST_18872,5
TEST_14992,5
TEST_23873,5
TEST_7972,5
TEST_27393,5
TEST_13290,5
TEST_25936,5
TEST_13039,5
TEST_27718,5
TEST_952,5
TEST_14774,5
TEST_14247,5
TEST_4388,5
TEST_23623,5
TEST_14482,5
TEST_12901,5
TEST_15148,5
TEST_352,5
TEST_17159,5
TEST_26242,5
TEST_20865,5
TEST_23333,5
TEST_11524,5
TEST_18154,5
TEST_20994,5
TEST_432,5
TEST_17237,5
TEST_11318,5
TEST_21993,5
TEST_5508,5
TEST_2205,5
TEST_6158,5
TEST_21821,5
TEST_27193,5
TEST_13072,5
TEST_24589,5
TEST_27838,5
TEST_1921,5
TEST_5027,5
TEST_23827,5
TEST_22548,5
TEST_28364,5
TEST_14899,5
TEST_17578,5
TEST_23734,5
TEST_17720,5
TEST_1871,5
TEST_25851,5
TEST_26771,5
TEST_8490,5
TEST_1169,5
TEST_6045,5
TEST_22167,5
TEST_8025,5
TEST_25780,5
TEST_13310,5
TEST_130,5
TEST_13067,5
TEST_19620,5
TEST_26636,5
TEST_14195,5
TEST_22510,5
TEST_6300,5
TEST_22132,5
TEST_18059,5
TEST_4910,5
TEST_25779,5
TEST_21857,5
TEST_22353,5
TEST_13209,5
TEST_29200,5
TEST_11588,5
TEST_24929,5
TEST_22418,5
TEST_7392,5
TEST_6397,5
TEST_4269,5
TEST_26449,5
TEST_25931,5
TEST_5844,5
TEST_5847,5
TEST_28772,5
TEST_22009,5
TEST_22517,5
TEST_28051,5
TEST_17985,5
TEST_18221,5
TEST_25556,5
TEST_12169,5
TEST_25465,5
TEST_20686,5
TEST_13867,5
TEST_16331,5
TEST_15260,5
TEST_24318,5
TEST_28948,5
TEST_15885,5
TEST_12894,5
TEST_18687,5
TEST_10013,5
TEST_15654,5
TEST_24805,5
TEST_19798,5
TEST_22860,5
TEST_310,5
TEST_6232,5
TEST_28385,5
TEST_8831,5
TEST_11086,5
TEST_17207,5
TEST_12927,5
TEST_28535,5
TEST_10873,5
TEST_1038,5
TEST_24847,5
TEST_4661,5
TEST_28893,5
TEST_20405,5
TEST_24700,5
TEST_17988,5
TEST_25167,5
TEST_22217,5
TEST_21036,5
TEST_8634,5
TEST_20073,5
TEST_18340,5
TEST_2451,5
TEST_23934,5
TEST_474,5
TEST_25766,5
TEST_1400,5
TEST_22668,5
TEST_27496,5
TEST_7319,5
TEST_573,5
TEST_7314,5
TEST_7211,5
TEST_6314,5
TEST_18087,5
TEST_9836,5
TEST_1784,5
TEST_22075,5
TEST_12289,5
TEST_1607,5
TEST_22430,5
TEST_5471,5
TEST_28228,5
TEST_17562,5
TEST_4927,5
TEST_11872,5
TEST_18441,5
TEST_13092,5
TEST_3350,5
TEST_26938,5
TEST_9711,5
TEST_15425,5
TEST_20110,5
TEST_10991,5
TEST_15044,5
TEST_28866,5
TEST_12875,5
TEST_16945,5
TEST_6823,5
TEST_25722,5
TEST_4059,5
TEST_24569,5
TEST_19338,5
TEST_20118,5
TEST_21836,5
TEST_13228,5
TEST_12383,5
TEST_25564,5
TEST_13130,5
TEST_16037,5
TEST_24374,5
TEST_10811,5
TEST_11707,5
TEST_21561,5
TEST_18806,5
TEST_25637,5
TEST_19475,5
TEST_16205,5
TEST_26214,5
TEST_1581,5
TEST_19400,5
TEST_10159,5
TEST_8421,5
TEST_26345,5
TEST_2963,5
TEST_14487,5
TEST_28644,5
TEST_28255,5
TEST_4708,5
TEST_2171,5
TEST_14371,5
TEST_21581,5
TEST_13522,5
TEST_21991,5
TEST_27246,5
TEST_27659,5
TEST_17479,5
TEST_23259,5
TEST_23478,5
TEST_14997,5
TEST_3512,5
TEST_13205,5
TEST_9719,5
TEST_25502,5
TEST_1853,5
TEST_9554,5
TEST_1948,5
TEST_21132,5
TEST_138,5
TEST_10477,5
TEST_5795,5
TEST_19121,5
TEST_422,5
TEST_6236,5
TEST_20702,5
TEST_1453,5
TEST_28560,5
TEST_21417,5
TEST_16988,5
TEST_3673,5
TEST_820,5
TEST_1790,5
TEST_4272,5
TEST_21023,5
TEST_17037,5
TEST_26476,5
TEST_13044,5
TEST_6140,5
TEST_6491,5
TEST_16032,5
TEST_23306,5
TEST_2819,5
TEST_25315,5
TEST_27574,5
TEST_21497,5
TEST_26326,5
TEST_17047,5
TEST_25391,5
TEST_8247,5
TEST_10309,5
TEST_8006,5
TEST_29316,5
TEST_10021,5
TEST_10038,5
TEST_595,5
TEST_12593,5
TEST_16770,5
TEST_26402,5
TEST_848,5
TEST_16052,5
TEST_18237,5
TEST_7617,5
TEST_16138,5
TEST_15340,5
TEST_23911,5
TEST_2207,5
TEST_19048,5
TEST_9969,5
TEST_10251,5
TEST_12672,5
TEST_11542,5
TEST_15981,5
TEST_26501,5
TEST_14276,5
TEST_16211,5
TEST_13824,5
TEST_25734,5
TEST_23028,5
TEST_1582,5
TEST_11063,5
TEST_20106,5
TEST_17314,5
TEST_22843,5
TEST_4525,5
TEST_27847,5
TEST_5280,5
TEST_22402,5
TEST_25613,5
TEST_12663,5
TEST_1556,5
TEST_18037,5
TEST_29761,5
TEST_12940,5
TEST_2699,5
TEST_475,5
TEST_16970,5
TEST_5402,5
TEST_14375,5
TEST_20527,5
TEST_11050,5
TEST_16415,5
TEST_22044,5
TEST_29199,5
TEST_24149,5
TEST_14319,5
TEST_25883,5
TEST_27241,5
TEST_165,5
TEST_22122,5
TEST_21414,5
TEST_6664,5
TEST_9610,5
TEST_1711,5
TEST_16460,5
TEST_1919,5
TEST_15908,5
TEST_612,5
TEST_19521,5
TEST_11186,5
TEST_25731,5
TEST_6885,5
TEST_14026,5
TEST_17991,5
TEST_26359,5
TEST_8396,5
TEST_10294,5
TEST_11474,5
TEST_18291,5
TEST_26889,5
TEST_14014,5
TEST_1366,5
TEST_9167,5
TEST_24691,5
TEST_11559,5
TEST_11140,5
TEST_18112,5
TEST_7427,5
TEST_14331,5
TEST_11462,5
TEST_7776,5
TEST_17769,5
TEST_27966,5
TEST_29239,5
TEST_29502,5
TEST_12996,5
TEST_23798,5
TEST_11526,5
TEST_13974,5
TEST_4746,5
TEST_5897,5
TEST_7498,5
TEST_12708,5
TEST_4928,5
TEST_21704,5
TEST_24965,5
TEST_26544,5
TEST_28621,5
TEST_2508,5
TEST_28799,5
TEST_161,5
TEST_1351,5
TEST_24484,5
TEST_15404,5
TEST_3036,5
TEST_12704,5
TEST_6981,5
TEST_26633,5
TEST_19333,5
TEST_22598,5
TEST_14154,5
TEST_20339,5
TEST_21605,5
TEST_22894,5
TEST_28689,5
TEST_8109,5
TEST_21679,5
TEST_28276,5
TEST_13084,5
TEST_6296,5
TEST_27268,5
TEST_7480,5
TEST_16458,5
TEST_7075,5
TEST_2382,5
TEST_17611,5
TEST_7156,5
TEST_7788,5
TEST_6779,5
TEST_10603,5
TEST_22097,5
TEST_24164,5
TEST_26613,5
TEST_3455,5
TEST_29839,5
TEST_5539,5
TEST_14102,5
TEST_23585,5
TEST_16561,5
TEST_28641,5
TEST_8906,5
TEST_27627,5
TEST_28337,5
TEST_24093,5
TEST_28389,5
TEST_12466,5
TEST_2816,5
TEST_23819,5
TEST_15217,5
TEST_25850,5
TEST_23354,5
TEST_5632,5
TEST_2664,5
TEST_14504,5
TEST_24886,5
TEST_21359,5
TEST_17140,5
TEST_528,5
TEST_1725,5
TEST_8353,5
TEST_18215,5
TEST_4645,5
TEST_17441,5
TEST_2950,5
TEST_27591,5
TEST_22050,5
TEST_26325,5
TEST_1692,5
TEST_9009,5
TEST_25207,5
TEST_13618,5
TEST_6801,5
TEST_9624,5
TEST_6978,5
TEST_15713,5
TEST_28877,5
TEST_28081,5
TEST_29393,5
TEST_18866,5
TEST_12673,5
TEST_27118,5
TEST_4266,5
TEST_29335,5
TEST_17026,5
TEST_11601,5
TEST_11420,5
TEST_4159,5
TEST_7197,5
TEST_27652,5
TEST_13225,5
TEST_14334,5
TEST_15830,5
TEST_10035,5
TEST_25602,5
TEST_26391,5
TEST_355,5
TEST_27100,5
TEST_1336,5
TEST_4317,5
TEST_14625,5
TEST_20299,5
TEST_15427,5
TEST_23846,5
TEST_12077,5
TEST_29431,5
TEST_22259,5
TEST_29397,5
TEST_6358,5
TEST_8609,5
TEST_28976,5
TEST_13885,5
TEST_141,5
TEST_24134,5
TEST_18990,5
TEST_4209,5
TEST_19116,5
TEST_28909,5
TEST_658,5
TEST_5222,5
TEST_19716,5
TEST_10121,5
TEST_16036,5
TEST_1509,5
TEST_17005,5
TEST_10633,5
TEST_2861,5
TEST_2401,5
TEST_8559,5
TEST_13373,5
TEST_27630,5
TEST_28410,5
TEST_26857,5
TEST_18131,5
TEST_29822,5
TEST_2213,5
TEST_19898,5
TEST_14152,5
TEST_17799,5
TEST_5803,5
TEST_5535,5
TEST_1690,5
TEST_8882,5
TEST_15837,5
TEST_22063,5
TEST_7126,5
TEST_15527,5
TEST_4337,5
TEST_810,5
TEST_13285,5
TEST_23329,5
TEST_21391,5
TEST_14299,5
TEST_5930,5
TEST_13117,5
TEST_28094,5
TEST_27133,5
TEST_4080,5
TEST_14884,5
TEST_22959,5
TEST_12964,5
TEST_9627,5
TEST_28314,5
TEST_29278,5
TEST_24407,5
TEST_8098,5
TEST_9474,5
TEST_22734,5
TEST_9879,5
TEST_16605,5
TEST_23995,5
TEST_14900,5
TEST_29035,5
TEST_5226,5
TEST_6741,5
TEST_10402,5
TEST_13596,5
TEST_27507,5
TEST_7326,5
TEST_7637,5
TEST_8780,5
TEST_602,5
TEST_24157,5
TEST_7106,5
TEST_802,5
TEST_26154,5
TEST_27248,5
TEST_17409,5
TEST_23770,5
TEST_24963,5
TEST_4217,5
TEST_9598,5
TEST_11516,5
TEST_15615,5
TEST_1454,5
TEST_22126,5
TEST_29741,5
TEST_18402,5
TEST_19967,5
TEST_19951,5
TEST_20768,5
TEST_19140,5
TEST_17108,5
TEST_13670,5
TEST_24751,5
TEST_18878,5
TEST_24226,5
TEST_14286,5
TEST_14262,5
TEST_9785,5
TEST_28193,5
TEST_12685,5
TEST_21930,5
TEST_23611,5
TEST_1380,5
TEST_23948,5
TEST_695,5
TEST_6041,5
TEST_7077,5
TEST_25251,5
TEST_1464,5
TEST_15608,5
TEST_16494,5
TEST_22907,5
TEST_28876,5
TEST_17469,5
TEST_17317,5
TEST_16818,5
TEST_1588,5
TEST_28722,5
TEST_23132,5
TEST_2714,5
TEST_16433,5
TEST_21566,5
TEST_16151,5
TEST_2432,5
TEST_28837,5
TEST_24806,5
TEST_14690,5
TEST_8477,5
TEST_25938,5
TEST_10638,5
TEST_3002,5
TEST_3359,5
TEST_24532,5
TEST_10180,5
TEST_15857,5
TEST_16857,5
TEST_21461,5
TEST_3862,5
TEST_6278,5
TEST_27159,5
TEST_5473,5
TEST_27075,5
TEST_9062,5
TEST_21712,5
TEST_11404,5
TEST_21024,5
TEST_3497,5
TEST_28809,5
TEST_11092,5
TEST_21767,5
TEST_1469,5
TEST_27274,5
TEST_17267,5
TEST_14429,5
TEST_5341,5
TEST_353,5
TEST_24793,5
TEST_2925,5
TEST_14904,5
TEST_10310,5
TEST_19395,5
TEST_16720,5
TEST_2870,5
TEST_14758,5
TEST_9490,5
TEST_1218,5
TEST_28274,5
TEST_3418,5
TEST_3644,5
TEST_1078,5
TEST_8706,5
TEST_12768,5
TEST_14303,5
TEST_19745,5
TEST_26441,5
TEST_8903,5
TEST_19965,5
TEST_20385,5
TEST_1147,5
TEST_22870,5
TEST_28894,5
TEST_27459,5
TEST_2138,5
TEST_10469,5
TEST_23757,5
TEST_13948,5
TEST_10688,5
TEST_27798,5
TEST_23752,5
TEST_5943,5
TEST_14274,5
TEST_4130,5
TEST_11694,5
TEST_11052,5
TEST_27430,5
TEST_9028,5
TEST_16134,5
TEST_9236,5
TEST_14848,5
TEST_10643,5
TEST_13629,5
TEST_4727,5
TEST_13407,5
TEST_13353,5
TEST_2455,5
TEST_29787,5
TEST_5819,5
TEST_1815,5
TEST_13101,5
TEST_19713,5
TEST_27720,5
TEST_22041,5
TEST_11607,5
TEST_26555,5
TEST_3945,5
TEST_10970,5
TEST_24007,5
TEST_22503,5
TEST_28039,5
TEST_17874,5
TEST_17293,5
TEST_22787,5
TEST_17418,5
TEST_22575,5
TEST_5147,5
TEST_4822,5
TEST_29820,5
TEST_4146,5
TEST_12104,5
TEST_25829,5
TEST_17573,5
TEST_16049,5
TEST_14531,5
TEST_13635,5
TEST_6982,5
TEST_27125,5
TEST_16238,5
TEST_484,5
TEST_14645,5
TEST_28334,5
TEST_9259,5
TEST_21413,5
TEST_28677,5
TEST_8077,5
TEST_1046,5
TEST_11432,5
TEST_18429,5
TEST_23984,5
TEST_28551,5
TEST_9210,5
TEST_22302,5
TEST_15648,5
TEST_15455,5
TEST_13034,5
TEST_16792,5
TEST_18408,5
TEST_8431,5
TEST_5254,5
TEST_1594,5
TEST_21144,5
TEST_28975,5
TEST_4396,5
TEST_22978,5
TEST_22561,5
TEST_14703,5
TEST_18055,5
TEST_5648,5
TEST_22486,5
TEST_4213,5
TEST_25608,5
TEST_27096,5
TEST_16312,5
TEST_22024,5
TEST_4749,5
TEST_27216,5
TEST_11356,5
TEST_26927,5
TEST_20783,5
TEST_1714,5
TEST_22569,5
TEST_2675,5
TEST_15004,5
TEST_11119,5
TEST_3177,5
TEST_15348,5
TEST_7137,5
TEST_7612,5
TEST_14501,5
TEST_24604,5
TEST_24709,5
TEST_24999,5
TEST_22705,5
TEST_13312,5
TEST_13428,5
TEST_15211,5
TEST_5057,5
TEST_16418,5
TEST_26493,5
TEST_16972,5
TEST_9784,5
TEST_6590,5
TEST_3666,5
TEST_17194,5
TEST_22929,5
TEST_3991,5
TEST_16079,5
TEST_17301,5
TEST_24919,5
TEST_22279,5
TEST_2154,5
TEST_21877,5
TEST_27435,5
TEST_6558,5
TEST_12425,5
TEST_7733,5
TEST_18513,5
TEST_18550,5
TEST_8271,5
TEST_27156,5
TEST_21875,5
TEST_19078,5
TEST_28212,5
TEST_19767,5
TEST_2251,5
TEST_11030,5
TEST_19834,5
TEST_20680,5
TEST_16031,5
TEST_10207,5
TEST_15170,5
TEST_3489,5
TEST_1376,5
TEST_12201,5
TEST_5658,5
TEST_20955,5
TEST_14718,5
TEST_4743,5
TEST_17693,5
TEST_21280,5
TEST_21974,5
TEST_4155,5
TEST_19842,5
TEST_8990,5
TEST_24203,5
TEST_4873,5
TEST_17736,5
TEST_29065,5
TEST_25403,5
TEST_3705,5
TEST_24693,5
TEST_20591,5
TEST_22976,5
TEST_17187,5
TEST_23114,5
TEST_16097,5
TEST_11640,5
TEST_21670,5
TEST_2900,5
TEST_29249,5
TEST_8563,5
TEST_22323,5
TEST_26897,5
TEST_1548,5
TEST_28463,5
TEST_26425,5
TEST_8536,5
TEST_29244,5
TEST_18759,5
TEST_3772,5
TEST_27488,5
TEST_3557,5
TEST_8877,5
TEST_19627,5
TEST_29439,5
TEST_6614,5
TEST_7145,5
TEST_21681,5
TEST_6055,5
TEST_20791,5
TEST_20738,5
TEST_10329,5
TEST_16359,5
TEST_16244,5
TEST_11204,5
TEST_156,5
TEST_3229,5
TEST_950,5
TEST_13740,5
TEST_9421,5
TEST_25595,5
TEST_24735,5
TEST_28717,5
TEST_16180,5
TEST_3341,5
TEST_24934,5
TEST_15431,5
TEST_4042,5
TEST_7377,5
TEST_25240,5
TEST_15598,5
TEST_8735,5
TEST_23307,5
TEST_8058,5
TEST_10160,5
TEST_4165,5
TEST_9751,5
TEST_11300,5
TEST_5179,5
TEST_26550,5
TEST_12709,5
TEST_11087,5
TEST_16763,5
TEST_636,5
TEST_5722,5
TEST_7924,5
TEST_25273,5
TEST_14492,5
TEST_15087,5
TEST_15479,5
TEST_4995,5
TEST_24205,5
TEST_1121,5
TEST_8373,5
TEST_5733,5
TEST_28169,5
TEST_4934,5
TEST_26690,5
TEST_23576,5
TEST_18069,5
TEST_16477,5
TEST_26227,5
TEST_4792,5
TEST_7152,5
TEST_304,5
TEST_28163,5
TEST_5862,5
TEST_17240,5
TEST_16026,5
TEST_20624,5
TEST_24596,5
TEST_12933,5
TEST_15355,5
TEST_27163,5
TEST_15065,5
TEST_17429,5
TEST_26957,5
TEST_3786,5
TEST_1250,5
TEST_25148,5
TEST_8671,5
TEST_17332,5
TEST_3956,5
TEST_18561,5
TEST_13423,5
TEST_13736,5
TEST_4524,5
TEST_665,5
TEST_10763,5
TEST_29980,5
TEST_12949,5
TEST_3916,5
TEST_25906,5
TEST_19150,5
TEST_5609,5
TEST_1414,5
TEST_18979,5
TEST_28592,5
TEST_2796,5
TEST_17557,5
TEST_14431,5
TEST_12537,5
TEST_22057,5
TEST_446,5
TEST_12627,5
TEST_6628,5
TEST_25592,5
TEST_20274,5
TEST_15912,5
TEST_576,5
TEST_16921,5
TEST_16066,5
TEST_14922,5
TEST_988,5
TEST_27322,5
TEST_5102,5
TEST_8679,5
TEST_19493,5
TEST_309,5
TEST_2095,5
TEST_19390,5
TEST_14000,5
TEST_19799,5
TEST_13238,5
TEST_23621,5
TEST_12726,5
TEST_21659,5
TEST_12333,5
TEST_27860,5
TEST_4138,5
TEST_28069,5
TEST_24043,5
TEST_22175,5
TEST_16148,5
TEST_21334,5
TEST_7819,5
TEST_23703,5
TEST_18405,5
TEST_2520,5
TEST_11804,5
TEST_8588,5
TEST_16414,5
TEST_18096,5
TEST_3307,5
TEST_27220,5
TEST_29433,5
TEST_18092,5
TEST_2468,5
TEST_8658,5
TEST_4517,5
TEST_2585,5
TEST_9424,5
TEST_29255,5
TEST_26611,5
TEST_25080,5
TEST_27058,5
TEST_3624,5
TEST_17055,5
TEST_22142,5
TEST_28067,5
TEST_23451,5
TEST_25790,5
TEST_25544,5
TEST_5860,5
TEST_16757,5
TEST_22879,5
TEST_24830,5
TEST_20417,5
TEST_319,5
TEST_9148,5
TEST_4991,5
TEST_20924,5
TEST_21495,5
TEST_10069,5
TEST_4637,5
TEST_7914,5
TEST_7237,5
TEST_9432,5
TEST_3173,5
TEST_10143,5
TEST_5046,5
TEST_22629,5
TEST_25161,5
TEST_26634,5
TEST_12522,5
TEST_14920,5
TEST_8727,5
TEST_29288,5
TEST_20289,5
TEST_21705,5
TEST_7633,5
TEST_18660,5
TEST_28034,5
TEST_27002,5
TEST_20272,5
TEST_18798,5
TEST_17146,5
TEST_4228,5
TEST_16389,5
TEST_5325,5
TEST_3219,5
TEST_11159,5
TEST_19637,5
TEST_7694,5
TEST_23521,5
TEST_15660,5
TEST_7713,5
TEST_6591,5
TEST_12221,5
TEST_22570,5
TEST_21060,5
TEST_28445,5
TEST_8395,5
TEST_20721,5
TEST_17232,5
TEST_7489,5
TEST_11431,5
TEST_18433,5
TEST_14833,5
TEST_27073,5
TEST_15747,5
TEST_26196,5
TEST_26888,5
TEST_19009,5
TEST_28469,5
TEST_11654,5
TEST_25703,5
TEST_12455,5
TEST_174,5
TEST_19362,5
TEST_4420,5
TEST_9512,5
TEST_9383,5
TEST_11374,5
TEST_297,5
TEST_8966,5
TEST_8747,5
TEST_17523,5
TEST_17407,5
TEST_24832,5
TEST_2414,5
TEST_11471,5
TEST_27885,5
TEST_22158,5
TEST_17021,5
TEST_15327,5
TEST_6681,5
TEST_24966,5
TEST_14168,5
TEST_5625,5
TEST_70,5
TEST_9405,5
TEST_8680,5
TEST_6432,5
TEST_26334,5
TEST_7841,5
TEST_27111,5
TEST_16728,5
TEST_4724,5
TEST_12846,5
TEST_27915,5
TEST_14280,5
TEST_18152,5
TEST_11715,5
TEST_12844,5
TEST_10271,5
TEST_9944,5
TEST_21763,5
TEST_4820,5
TEST_17501,5
TEST_19484,5
TEST_1265,5
TEST_1266,5
TEST_12608,5
TEST_5041,5
TEST_4513,5
TEST_5346,5
TEST_1897,5
TEST_10261,5
TEST_15750,5
TEST_20664,5
TEST_23753,5
TEST_20792,5
TEST_4140,5
TEST_14141,5
TEST_12327,5
TEST_23439,5
TEST_21072,5
TEST_18147,5
TEST_18647,5
TEST_7546,5
TEST_23763,5
TEST_15507,5
TEST_17219,5
TEST_27787,5
TEST_29222,5
TEST_27590,5
TEST_11473,5
TEST_3516,5
TEST_10442,5
TEST_27792,5
TEST_3627,5
TEST_21695,5
TEST_16618,5
TEST_27951,5
TEST_12027,5
TEST_1368,5
TEST_3740,5
TEST_19776,5
TEST_17456,5
TEST_9196,5
TEST_9806,5
TEST_8135,5
TEST_18257,5
TEST_24371,5
TEST_22869,5
TEST_17350,5
TEST_26999,5
TEST_22830,5
TEST_6639,5
TEST_21000,5
TEST_8846,5
TEST_18035,5
TEST_5822,5
TEST_10905,5
TEST_3690,5
TEST_6600,5
TEST_27802,5
TEST_16157,5
TEST_24859,5
TEST_13005,5
TEST_28658,5
TEST_23049,5
TEST_190,5
TEST_21396,5
TEST_25143,5
TEST_9571,5
TEST_9006,5
TEST_303,5
TEST_14421,5
TEST_13518,5
TEST_10456,5
TEST_29759,5
TEST_27853,5
TEST_10525,5
TEST_14456,5
TEST_3000,5
TEST_6766,5
TEST_2127,5
TEST_24354,5
TEST_29109,5
TEST_21548,5
TEST_24410,5
TEST_18805,5
TEST_4461,5
TEST_17615,5
TEST_9427,5
TEST_7574,5
TEST_9771,5
TEST_20213,5
TEST_8419,5
TEST_18345,5
TEST_6953,5
TEST_29098,5
TEST_20912,5
TEST_19151,5
TEST_8818,5
TEST_11960,5
TEST_24680,5
TEST_19451,5
TEST_3217,5
TEST_10289,5
TEST_3571,5
TEST_3005,5
TEST_75,5
TEST_6549,5
TEST_18258,5
TEST_16044,5
TEST_19513,5
TEST_9675,5
TEST_19582,5
TEST_1300,5
TEST_8034,5
TEST_5801,5
TEST_28713,5
TEST_9529,5
TEST_25605,5
TEST_25616,5
TEST_24766,5
TEST_8402,5
TEST_16243,5
TEST_15091,5
TEST_19514,5
TEST_4883,5
TEST_3603,5
TEST_7419,5
TEST_17227,5
TEST_26170,5
TEST_21457,5
TEST_7273,5
TEST_25865,5
TEST_4338,5
TEST_11660,5
TEST_25540,5
TEST_4859,5
TEST_568,5
TEST_19133,5
TEST_19126,5
TEST_7900,5
TEST_16843,5
TEST_14068,5
TEST_9896,5
TEST_29343,5
TEST_13640,5
TEST_5099,5
TEST_13577,5
TEST_22679,5
TEST_17001,5
TEST_9980,5
TEST_15379,5
TEST_26050,5
TEST_23005,5
TEST_7310,5
TEST_22655,5
TEST_13050,5
TEST_2040,5
TEST_10830,5
TEST_16616,5
TEST_12268,5
TEST_1696,5
TEST_3921,5
TEST_18118,5
TEST_13431,5
TEST_26660,5
TEST_11345,5
TEST_26231,5
TEST_24873,5
TEST_24743,5
TEST_15770,5
TEST_22464,5
TEST_18707,5
TEST_21100,5
TEST_29018,5
TEST_10443,5
TEST_15356,5
TEST_8796,5
TEST_7872,5
TEST_19497,5
TEST_24105,5
TEST_4765,5
TEST_5430,5
TEST_29919,5
TEST_10470,5
TEST_17820,5
TEST_14123,5
TEST_9517,5
TEST_26577,5
TEST_11319,5
TEST_7625,5
TEST_20511,5
TEST_7579,5
TEST_20143,5
TEST_11666,5
TEST_9305,5
TEST_23367,5
TEST_24781,5
TEST_16736,5
TEST_2846,5
TEST_21031,5
TEST_25333,5
TEST_18070,5
TEST_21047,5
TEST_12809,5
TEST_20948,5
TEST_13473,5
TEST_21247,5
TEST_15209,5
TEST_11751,5
TEST_7367,5
TEST_29217,5
TEST_5088,5
TEST_1039,5
TEST_29599,5
TEST_2,5
TEST_275,5
TEST_9724,5
TEST_9176,5
TEST_25121,5
TEST_9478,5
TEST_17391,5
TEST_11503,5
TEST_19955,5
TEST_10565,5
TEST_12748,5
TEST_28737,5
TEST_28831,5
TEST_11411,5
TEST_10747,5
TEST_20668,5
TEST_1014,5
TEST_6255,5
TEST_14692,5
TEST_1707,5
TEST_22935,5
TEST_23481,5
TEST_10936,5
TEST_15567,5
TEST_14621,5
TEST_2723,5
TEST_607,5
TEST_16512,5
TEST_5890,5
TEST_21411,5
TEST_18709,5
TEST_29118,5
TEST_24501,5
TEST_7911,5
TEST_7921,5
TEST_20785,5
TEST_14949,5
TEST_20287,5
TEST_29512,5
TEST_26510,5
TEST_1382,5
TEST_25578,5
TEST_9503,5
TEST_12904,5
TEST_24833,5
TEST_13827,5
TEST_151,5
TEST_8233,5
TEST_10610,5
TEST_23048,5
TEST_8033,5
TEST_17046,5
TEST_399,5
TEST_7949,5
TEST_13256,5
TEST_27815,5
TEST_26608,5
TEST_17844,5
TEST_1370,5
TEST_19597,5
TEST_13461,5
TEST_17095,5
TEST_9888,5
TEST_15687,5
TEST_8940,5
TEST_27553,5
TEST_17999,5
TEST_8252,5
TEST_28683,5
TEST_9098,5
TEST_11508,5
TEST_21065,5
TEST_7011,5
TEST_24786,5
TEST_2582,5
TEST_1880,5
TEST_19413,5
TEST_1971,5
TEST_14808,5
TEST_27452,5
TEST_23910,5
TEST_6289,5
TEST_21908,5
TEST_6106,5
TEST_25748,5
TEST_15530,5
TEST_8078,5
TEST_13203,5
TEST_19108,5
TEST_13539,5
TEST_27878,5
TEST_16181,5
TEST_22329,5
TEST_17143,5
TEST_10673,5
TEST_20090,5
TEST_11387,5
TEST_998,5
TEST_9123,5
TEST_15706,5
TEST_29160,5
TEST_6224,5
TEST_2817,5
TEST_25721,5
TEST_8597,5
TEST_29262,5
TEST_4368,5
TEST_28102,5
TEST_24737,5
TEST_13384,5
TEST_15967,5
TEST_28166,5
TEST_28768,5
TEST_18305,5
TEST_15964,5
TEST_25365,5
TEST_171,5
TEST_15676,5
TEST_20766,5
TEST_16661,5
TEST_21125,5
TEST_29346,5
TEST_14089,5
TEST_7364,5
TEST_1687,5
TEST_25342,5
TEST_12056,5
TEST_10819,5
TEST_396,5
TEST_14644,5
TEST_7981,5
TEST_4238,5
TEST_27332,5
TEST_10544,5
TEST_28513,5
TEST_4445,5
TEST_11833,5
TEST_21101,5
TEST_11953,5
TEST_2026,5
TEST_13014,5
TEST_12967,5
TEST_6747,5
TEST_2915,5
TEST_25069,5
TEST_17944,5
TEST_6330,5
TEST_6048,5
TEST_7860,5
TEST_26085,5
TEST_939,5
TEST_10625,5
TEST_7431,5
TEST_10835,5
TEST_2695,5
TEST_12826,5
TEST_9005,5
TEST_17572,5
TEST_18290,5
TEST_23771,5
TEST_4134,5
TEST_10222,5
TEST_23350,5
TEST_13142,5
TEST_22069,5
TEST_17132,5
TEST_26934,5
TEST_26353,5
TEST_17305,5
TEST_25355,5
TEST_2101,5
TEST_6844,5
TEST_19608,5
TEST_7061,5
TEST_26704,5
TEST_11755,5
TEST_7591,5
TEST_27035,5
TEST_2306,5
TEST_7091,5
TEST_27619,5
TEST_15597,5
TEST_10467,5
TEST_13266,5
TEST_1635,5
TEST_2704,5
TEST_11560,5
TEST_18741,5
TEST_5628,5
TEST_1609,5
TEST_19795,5
TEST_13446,5
TEST_2847,5
TEST_15675,5
TEST_15797,5
TEST_2916,5
TEST_29726,5
TEST_8830,5
TEST_13901,5
TEST_22786,5
TEST_17848,5
TEST_19517,5
TEST_2857,5
TEST_1248,5
TEST_24523,5
TEST_4287,5
TEST_3658,5
TEST_29838,5
TEST_6177,5
TEST_3297,5
TEST_25856,5
TEST_1259,5
TEST_13519,5
TEST_9494,5
TEST_1369,5
TEST_11277,5
TEST_7009,5
TEST_13457,5
TEST_9695,5
TEST_16013,5
TEST_13955,5
TEST_25494,5
TEST_20869,5
TEST_28936,5
TEST_19345,5
TEST_3075,5
TEST_2086,5
TEST_22422,5
TEST_26969,5
TEST_13252,5
TEST_27562,5
TEST_5612,5
TEST_27018,5
TEST_10214,5
TEST_16909,5
TEST_1656,5
TEST_5388,5
TEST_13374,5
TEST_3017,5
TEST_10645,5
TEST_15072,5
TEST_23471,5
TEST_16245,5
TEST_5163,5
TEST_1675,5
TEST_19407,5
TEST_13528,5
TEST_24359,5
TEST_14620,5
TEST_23396,5
TEST_878,5
TEST_26275,5
TEST_6156,5
TEST_13672,5
TEST_15577,5
TEST_29270,5
TEST_27417,5
TEST_29402,5
TEST_20826,5
TEST_2573,5
TEST_29075,5
TEST_19313,5
TEST_19256,5
TEST_24440,5
TEST_22515,5
TEST_6717,5
TEST_7245,5
TEST_21234,5
TEST_14134,5
TEST_19868,5
TEST_27770,5
TEST_16957,5
TEST_12930,5
TEST_25921,5
TEST_9497,5
TEST_14242,5
TEST_21532,5
TEST_28196,5
TEST_23991,5
TEST_17091,5
TEST_16236,5
TEST_17714,5
TEST_23760,5
TEST_22100,5
TEST_25526,5
TEST_6119,5
TEST_9105,5
TEST_710,5
TEST_5168,5
TEST_13997,5
TEST_25838,5
TEST_9682,5
TEST_23199,5
TEST_12578,5
TEST_14552,5
TEST_12459,5
TEST_22511,5
TEST_29629,5
TEST_20019,5
TEST_5037,5
TEST_22083,5
TEST_90,5
TEST_22972,5
TEST_25031,5
TEST_29885,5
TEST_17367,5
TEST_29371,5
TEST_8592,5
TEST_16908,5
TEST_9492,5
TEST_9990,5
TEST_26708,5
TEST_8171,5
TEST_20996,5
TEST_17779,5
TEST_7729,5
TEST_4684,5
TEST_23000,5
TEST_11889,5
TEST_13549,5
TEST_4408,5
TEST_1448,5
TEST_20437,5
TEST_26752,5
TEST_13494,5
TEST_24585,5
TEST_18303,5
TEST_4731,5
TEST_27361,5
TEST_3762,5
TEST_22855,5
TEST_29934,5
TEST_28461,5
TEST_24534,5
TEST_25237,5
TEST_14329,5
TEST_18508,5
TEST_6926,5
TEST_3343,5
TEST_15288,5
TEST_6173,5
TEST_25521,5
TEST_6067,5
TEST_1344,5
TEST_19363,5
TEST_2728,5
TEST_16116,5
TEST_28488,5
TEST_5947,5
TEST_3273,5
TEST_24013,5
TEST_27997,5
TEST_76,5
TEST_7019,5
TEST_4838,5
TEST_27166,5
TEST_816,5
TEST_11041,5
TEST_22900,5
TEST_3881,5
TEST_27297,5
TEST_24498,5
TEST_6898,5
TEST_12501,5
TEST_18668,5
TEST_19710,5
TEST_22013,5
TEST_9960,5
TEST_29840,5
TEST_21909,5
TEST_14131,5
TEST_23774,5
TEST_9560,5
TEST_3931,5
TEST_8044,5
TEST_369,5
TEST_23090,5
TEST_20562,5
TEST_5375,5
TEST_6031,5
TEST_4431,5
TEST_14076,5
TEST_738,5
TEST_3226,5
TEST_18233,5
TEST_19725,5
TEST_23322,5
TEST_17176,5
TEST_16910,5
TEST_26892,5
TEST_10090,5
TEST_7565,5
TEST_29405,5
TEST_11841,5
TEST_21752,5
TEST_10983,5
TEST_22255,5
TEST_943,5
TEST_24958,5
TEST_10587,5
TEST_19853,5
TEST_8386,5
TEST_24811,5
TEST_15540,5
TEST_27843,5
TEST_17382,5
TEST_25010,5
TEST_14497,5
TEST_23608,5
TEST_6736,5
TEST_4741,5
TEST_544,5
TEST_10312,5
TEST_17303,5
TEST_16438,5
TEST_4955,5
TEST_6496,5
TEST_15001,5
TEST_19814,5
TEST_6505,5
TEST_23658,5
TEST_4507,5
TEST_8486,5
TEST_14420,5
TEST_22412,5
TEST_12274,5
TEST_18160,5
TEST_93,5
TEST_21530,5
TEST_12898,5
TEST_24716,5
TEST_6642,5
TEST_1902,5
TEST_77,5
TEST_19392,5
TEST_1876,5
TEST_29140,5
TEST_26212,5
TEST_26075,5
TEST_28324,5
TEST_18756,5
TEST_224,5
TEST_13561,5
TEST_11536,5
TEST_9375,5
TEST_6184,5
TEST_6743,5
TEST_25134,5
TEST_18802,5
TEST_3928,5
TEST_11763,5
TEST_6078,5
TEST_27821,5
TEST_2443,5
TEST_28222,5
TEST_1977,5
TEST_9170,5
TEST_10225,5
TEST_27978,5
TEST_3208,5
TEST_11222,5
TEST_8139,5
TEST_18080,5
TEST_10654,5
TEST_5407,5
TEST_1247,5
TEST_6098,5
TEST_4537,5
TEST_28919,5
TEST_14701,5
TEST_1957,5
TEST_28767,5
TEST_21194,5
TEST_11116,5
TEST_2571,5
TEST_19180,5
TEST_17276,5
TEST_13999,5
TEST_9596,5
TEST_29898,5
TEST_24649,5
TEST_13506,5
TEST_24597,5
TEST_18787,5
TEST_3045,5
TEST_3344,5
TEST_7760,5
TEST_10492,5
TEST_26845,5
TEST_212,5
TEST_10255,5
TEST_26922,5
TEST_15726,5
TEST_15629,5
TEST_13365,5
TEST_4229,5
TEST_14417,5
TEST_21226,5
TEST_2022,5
TEST_28025,5
TEST_8567,5
TEST_15434,5
TEST_25035,5
TEST_14457,5
TEST_23269,5
TEST_8437,5
TEST_16987,5
TEST_10530,5
TEST_14755,5
TEST_20507,5
TEST_23291,5
TEST_3724,5
TEST_10249,5
TEST_26612,5
TEST_7155,5
TEST_20233,5
TEST_5948,5
TEST_24509,5
TEST_23015,5
TEST_29691,5
TEST_10453,5
TEST_14695,5
TEST_16774,5
TEST_11287,5
TEST_17098,5
TEST_1518,5
TEST_27020,5
TEST_1206,5
TEST_23650,5
TEST_4030,5
TEST_19322,5
TEST_2264,5
TEST_24506,5
TEST_29600,5
TEST_21642,5
TEST_13257,5
TEST_2583,5
TEST_4612,5
TEST_29556,5
TEST_12061,5
TEST_13052,5
TEST_6155,5
TEST_25354,5
TEST_10807,5
TEST_18454,5
TEST_24352,5
TEST_18549,5
TEST_15284,5
TEST_25003,5
TEST_29261,5
TEST_29372,5
TEST_10172,5
TEST_15674,5
TEST_934,5
TEST_21682,5
TEST_8412,5
TEST_11260,5
TEST_13041,5
TEST_4846,5
TEST_4174,5
TEST_5792,5
TEST_28241,5
TEST_26537,5
TEST_11530,5
TEST_15229,5
TEST_16612,5
TEST_20859,5
TEST_18459,5
TEST_3407,5
TEST_23963,5
TEST_7280,5
TEST_2541,5
TEST_17786,5
TEST_12166,5
TEST_12134,5
TEST_9407,5
TEST_14591,5
TEST_28539,5
TEST_28915,5
TEST_16416,5
TEST_25296,5
TEST_17178,5
TEST_7688,5
TEST_28545,5
TEST_11567,5
TEST_4393,5
TEST_4240,5
TEST_26101,5
TEST_18310,5
TEST_16380,5
TEST_7883,5
TEST_13818,5
TEST_25507,5
TEST_4318,5
TEST_18524,5
TEST_12400,5
TEST_26260,5
TEST_25397,5
TEST_12802,5
TEST_21944,5
TEST_15634,5
TEST_1899,5
TEST_27288,5
TEST_13595,5
TEST_21176,5
TEST_6194,5
TEST_10697,5
TEST_20666,5
TEST_6424,5
TEST_22683,5
TEST_3046,5
TEST_15124,5
TEST_21180,5
TEST_19672,5
TEST_3245,5
TEST_22040,5
TEST_6707,5
TEST_21569,5
TEST_16342,5
TEST_21405,5
TEST_5310,5
TEST_183,5
TEST_11525,5
TEST_17033,5
TEST_28959,5
TEST_6634,5
TEST_15386,5
TEST_15851,5
TEST_9384,5
TEST_8288,5
TEST_9542,5
TEST_15965,5
TEST_9182,5
TEST_16375,5
TEST_7230,5
TEST_20366,5
TEST_22484,5
TEST_22129,5
TEST_12697,5
TEST_6375,5
TEST_7134,5
TEST_626,5
TEST_14925,5
TEST_18906,5
TEST_26515,5
TEST_1904,5
TEST_9228,5
TEST_6364,5
TEST_11573,5
TEST_3238,5
TEST_10781,5
TEST_22346,5
TEST_10734,5
TEST_21753,5
TEST_2056,5
TEST_8508,5
TEST_12575,5
TEST_21331,5
TEST_24219,5
TEST_27302,5
TEST_29858,5
TEST_28272,5
TEST_5700,5
TEST_23216,5
TEST_15661,5
TEST_18192,5
TEST_7136,5
TEST_12341,5
TEST_25464,5
TEST_18445,5
TEST_16538,5
TEST_29784,5
TEST_10842,5
TEST_10790,5
TEST_13002,5
TEST_23066,5
TEST_15385,5
TEST_25141,5
TEST_7805,5
TEST_14587,5
TEST_7130,5
TEST_3885,5
TEST_10448,5
TEST_18608,5
TEST_15513,5
TEST_4627,5
TEST_5981,5
TEST_4900,5
TEST_12381,5
TEST_1426,5
TEST_25472,5
TEST_25884,5
TEST_16014,5
TEST_9781,5
TEST_10997,5
TEST_7561,5
TEST_16682,5
TEST_23626,5
TEST_22681,5
TEST_14016,5
TEST_11517,5
TEST_14166,5
TEST_4511,5
TEST_29293,5
TEST_6769,5
TEST_20472,5
TEST_12545,5
TEST_3927,5
TEST_16204,5
TEST_29067,5
TEST_18688,5
TEST_11850,5
TEST_23419,5
TEST_3101,5
TEST_19227,5
TEST_23095,5
TEST_4725,5
TEST_28981,5
TEST_8923,5
TEST_11146,5
TEST_6240,5
TEST_26639,5
TEST_2368,5
TEST_13017,5
TEST_10999,5
TEST_20121,5
TEST_26631,5
TEST_3954,5
TEST_20743,5
TEST_10298,5
TEST_5786,5
TEST_25082,5
TEST_11023,5
TEST_23424,5
TEST_12112,5
TEST_2534,5
TEST_23926,5
TEST_1652,5
TEST_7527,5
TEST_4882,5
TEST_15509,5
TEST_18034,5
TEST_1596,5
TEST_29970,5
TEST_1709,5
TEST_15668,5
TEST_28449,5
TEST_15452,5
TEST_18780,5
TEST_23663,5
TEST_2512,5
TEST_26751,5
TEST_594,5
TEST_17696,5
TEST_2218,5
TEST_20681,5
TEST_15691,5
TEST_56,5
TEST_4636,5
TEST_22873,5
TEST_22541,5
TEST_21949,5
TEST_13417,5
TEST_20528,5
TEST_211,5
TEST_321,5
TEST_1352,5
TEST_6264,5
TEST_23683,5
TEST_14564,5
TEST_7333,5
TEST_28743,5
TEST_22244,5
TEST_14837,5
TEST_20056,5
TEST_12530,5
TEST_18657,5
TEST_12397,5
TEST_26876,5
TEST_2409,5
TEST_21210,5
TEST_26994,5
TEST_22362,5
TEST_13869,5
TEST_840,5
TEST_22237,5
TEST_11674,5
TEST_18631,5
TEST_19176,5
TEST_16090,5
TEST_10745,5
TEST_17195,5
TEST_15813,5
TEST_1346,5
TEST_13980,5
TEST_18042,5
TEST_17224,5
TEST_532,5
TEST_24968,5
TEST_19062,5
TEST_17708,5
TEST_25816,5
TEST_2908,5
TEST_24224,5
TEST_1554,5
TEST_14187,5
TEST_2808,5
TEST_12458,5
TEST_4171,5
TEST_10163,5
TEST_12797,5
TEST_27826,5
TEST_22110,5
TEST_19904,5
TEST_3032,5
TEST_13981,5
TEST_24664,5
TEST_23967,5
TEST_1569,5
TEST_26362,5
TEST_14844,5
TEST_2869,5
TEST_29032,5
TEST_8562,5
TEST_8566,5
TEST_6499,5
TEST_26478,5
TEST_8215,5
TEST_3155,5
TEST_2239,5
TEST_13921,5
TEST_7904,5
TEST_25830,5
TEST_25220,5
TEST_6532,5
TEST_19135,5
TEST_4550,5
TEST_1748,5
TEST_25278,5
TEST_18367,5
TEST_16639,5
TEST_5550,5
TEST_1619,5
TEST_536,5
TEST_22578,5
TEST_23147,5
TEST_21482,5
TEST_14995,5
TEST_5486,5
TEST_8200,5
TEST_17739,5
TEST_15051,5
TEST_3459,5
TEST_20444,5
TEST_25214,5
TEST_2732,5
TEST_29618,5
TEST_6987,5
TEST_7016,5
TEST_7707,5
TEST_24175,5
TEST_20165,5
TEST_5409,5
TEST_25681,5
TEST_27725,5
TEST_21789,5
TEST_25945,5
TEST_11793,5
TEST_26552,5
TEST_28636,5
TEST_21847,5
TEST_29148,5
TEST_22225,5
TEST_8408,5
TEST_15550,5
TEST_9368,5
TEST_10023,5
TEST_5534,5
TEST_26709,5
TEST_10161,5
TEST_20541,5
TEST_3227,5
TEST_9775,5
TEST_9647,5
TEST_1527,5
TEST_3167,5
TEST_512,5
TEST_6834,5
TEST_27345,5
TEST_18403,5
TEST_11194,5
TEST_6896,5
TEST_20116,5
TEST_2399,5
TEST_9828,5
TEST_24758,5
TEST_11288,5
TEST_1163,5
TEST_16691,5
TEST_4501,5
TEST_11143,5
TEST_5155,5
TEST_26835,5
TEST_22656,5
TEST_6165,5
TEST_25135,5
TEST_16603,5
TEST_22461,5
TEST_7847,5
TEST_16133,5
TEST_8718,5
TEST_29703,5
TEST_18496,5
TEST_9613,5
TEST_29613,5
TEST_14046,5
TEST_2174,5
TEST_972,5
TEST_10247,5
TEST_15853,5
TEST_4098,5
TEST_18873,5
TEST_9011,5
TEST_27182,5
TEST_26480,5
TEST_16529,5
TEST_4548,5
TEST_549,5
TEST_6361,5
TEST_2268,5
TEST_17161,5
TEST_18605,5
TEST_20643,5
TEST_28823,5
TEST_7021,5
TEST_26306,5
TEST_15035,5
TEST_5463,5
TEST_23076,5
TEST_23634,5
TEST_5083,5
TEST_23859,5
TEST_20176,5
TEST_6733,5
TEST_13923,5
TEST_7254,5
TEST_9853,5
TEST_3583,5
TEST_2677,5
TEST_26024,5
TEST_15234,5
TEST_11565,5
TEST_8020,5
TEST_158,5
TEST_24283,5
TEST_4504,5
TEST_16226,5
TEST_24951,5
TEST_8521,5
TEST_27369,5
TEST_24815,5
TEST_23304,5
TEST_18464,5
TEST_7359,5
TEST_25961,5
TEST_19657,5
TEST_27101,5
TEST_28989,5
TEST_28003,5
TEST_402,5
TEST_14233,5
TEST_8317,5
TEST_16516,5
TEST_13538,5
TEST_27556,5
TEST_26933,5
TEST_27820,5
TEST_13755,5
TEST_12172,5
TEST_15546,5
TEST_26468,5
TEST_11320,5
TEST_24923,5
TEST_3696,5
TEST_24443,5
TEST_21379,5
TEST_3408,5
TEST_29887,5
TEST_22826,5
TEST_8910,5
TEST_26976,5
TEST_10339,5
TEST_5992,5
TEST_29404,5
TEST_5243,5
TEST_12558,5
TEST_22491,5
TEST_15574,5
TEST_22030,5
TEST_9377,5
TEST_29523,5
TEST_8819,5
TEST_14634,5
TEST_7042,5
TEST_25964,5
TEST_14070,5
TEST_578,5
TEST_19943,5
TEST_21988,5
TEST_22494,5
TEST_13158,5
TEST_24554,5
TEST_14164,5
TEST_3442,5
TEST_15842,5
TEST_22939,5
TEST_17806,5
TEST_29797,5
TEST_24383,5
TEST_25796,5
TEST_22690,5
TEST_29052,5
TEST_11925,5
TEST_5359,5
TEST_20916,5
TEST_16876,5
TEST_6827,5
TEST_22406,5
TEST_13492,5
TEST_19566,5
TEST_8341,5
TEST_21519,5
TEST_21021,5
TEST_28068,5
TEST_20704,5
TEST_2595,5
TEST_5374,5
TEST_26998,5
TEST_298,5
TEST_23097,5
TEST_847,5
TEST_8106,5
TEST_13721,5
TEST_19545,5
TEST_20520,5
TEST_27858,5
TEST_14009,5
TEST_11027,5
TEST_6971,5
TEST_11383,5
TEST_21466,5
TEST_1374,5
TEST_16687,5
TEST_19271,5
TEST_25049,5
TEST_19249,5
TEST_14569,5
TEST_1021,5
TEST_12343,5
TEST_9520,5
TEST_21011,5
TEST_17893,5
TEST_8612,5
TEST_6420,5
TEST_20111,5
TEST_13644,5
TEST_22363,5
TEST_14682,5
TEST_17537,5
TEST_26119,5
TEST_24002,5
TEST_18324,5
TEST_26530,5
TEST_22250,5
TEST_9443,5
TEST_25799,5
TEST_7869,5
TEST_13006,5
TEST_311,5
TEST_11232,5
TEST_16560,5
TEST_10660,5
TEST_18165,5
TEST_11499,5
TEST_13775,5
TEST_26827,5
TEST_6401,5
TEST_7380,5
TEST_10368,5
TEST_15337,5
TEST_26688,5
TEST_9887,5
TEST_23957,5
TEST_5071,5
TEST_15166,5
TEST_9120,5
TEST_12110,5
TEST_1849,5
TEST_22087,5
TEST_14490,5
TEST_14893,5
TEST_4875,5
TEST_4680,5
TEST_2407,5
TEST_7843,5
TEST_14858,5
TEST_15640,5
TEST_7355,5
TEST_10609,5
TEST_15482,5
TEST_28642,5
TEST_5762,5
TEST_7587,5
TEST_25413,5
TEST_26240,5
TEST_11521,5
TEST_28740,5
TEST_11350,5
TEST_28299,5
TEST_17847,5
TEST_4307,5
TEST_9074,5
TEST_29642,5
TEST_19462,5
TEST_27648,5
TEST_19788,5
TEST_25115,5
TEST_19046,5
TEST_29679,5
TEST_575,5
TEST_26860,5
TEST_1600,5
TEST_24241,5
TEST_5907,5
TEST_15683,5
TEST_23784,5
TEST_10806,5
TEST_10204,5
TEST_10258,5
TEST_16810,5
TEST_19229,5
TEST_984,5
TEST_24860,5
TEST_5272,5
TEST_14194,5
TEST_23127,5
TEST_8741,5
TEST_7128,5
TEST_7902,5
TEST_1753,5
TEST_18999,5
TEST_3463,5
TEST_21694,5
TEST_24177,5
TEST_18000,5
TEST_8961,5
TEST_11301,5
TEST_3453,5
TEST_7581,5
TEST_9201,5
TEST_24836,5
TEST_17600,5
TEST_11261,5
TEST_12205,5
TEST_25012,5
TEST_975,5
TEST_12283,5
TEST_7974,5
TEST_16759,5
TEST_561,5
TEST_26259,5
TEST_23861,5
TEST_21169,5
TEST_24423,5
TEST_1139,5
TEST_4230,5
TEST_16496,5
TEST_2748,5
TEST_6714,5
TEST_13668,5
TEST_6487,5
TEST_24595,5
TEST_6047,5
TEST_6831,5
TEST_5190,5
TEST_11294,5
TEST_21364,5
TEST_4489,5
TEST_26336,5
TEST_22943,5
TEST_29676,5
TEST_782,5
TEST_23085,5
TEST_6863,5
TEST_16859,5
TEST_25724,5
TEST_14450,5
TEST_14296,5
TEST_21861,5
TEST_23808,5
TEST_24135,5
TEST_28581,5
TEST_27791,5
TEST_29438,5
TEST_3554,5
TEST_4286,5
TEST_28557,5
TEST_6277,5
TEST_12710,5
TEST_16271,5
TEST_11740,5
TEST_400,5
TEST_25820,5
TEST_11147,5
TEST_1069,5
TEST_28004,5
TEST_19639,5
TEST_26559,5
TEST_22918,5
TEST_26545,5
TEST_22903,5
TEST_9962,5
TEST_1150,5
TEST_28725,5
TEST_24837,5
TEST_5957,5
TEST_27364,5
TEST_4617,5
TEST_14115,5
TEST_8788,5
TEST_26137,5
TEST_3162,5
TEST_27463,5
TEST_25131,5
TEST_24780,5
TEST_19891,5
TEST_2271,5
TEST_28901,5
TEST_5185,5
TEST_25490,5
TEST_26871,5
TEST_1277,5
TEST_6671,5
TEST_27045,5
TEST_11089,5
TEST_3419,5
TEST_4145,5
TEST_27514,5
TEST_6824,5
TEST_22290,5
TEST_17594,5
TEST_963,5
TEST_3452,5
TEST_24538,5
TEST_14133,5
TEST_11166,5
TEST_14973,5
TEST_9243,5
TEST_6838,5
TEST_8366,5
TEST_5626,5
TEST_21059,5
TEST_9531,5
TEST_11457,5
TEST_24364,5
TEST_12409,5
TEST_12562,5
TEST_4771,5
TEST_2959,5
TEST_29888,5
TEST_19714,5
TEST_7758,5
TEST_24974,5
TEST_12717,5
TEST_9685,5
TEST_6937,5
TEST_3278,5
TEST_26444,5
TEST_16219,5
TEST_28235,5
TEST_29418,5
TEST_24878,5
TEST_26701,5
TEST_25624,5
TEST_22060,5
TEST_14754,5
TEST_14544,5
TEST_2765,5
TEST_7626,5
TEST_18369,5
TEST_16566,5
TEST_15201,5
TEST_18247,5
TEST_25095,5
TEST_14890,5
TEST_2779,5
TEST_19591,5
TEST_20750,5
TEST_14826,5
TEST_16508,5
TEST_5901,5
TEST_25583,5
TEST_11777,5
TEST_18325,5
TEST_17400,5
TEST_12871,5
TEST_13865,5
TEST_4864,5
TEST_15200,5
TEST_3868,5
TEST_9323,5
TEST_7316,5
TEST_20202,5
TEST_19286,5
TEST_12954,5
TEST_20331,5
TEST_12848,5
TEST_28333,5
TEST_16160,5
TEST_1020,5
TEST_9455,5
TEST_28706,5
TEST_20368,5
TEST_21895,5
TEST_17906,5
TEST_24622,5
TEST_4352,5
TEST_15441,5
TEST_14044,5
TEST_29056,5
TEST_7582,5
TEST_6917,5
TEST_22357,5
TEST_22665,5
TEST_10094,5
TEST_2302,5
TEST_15848,5
TEST_22233,5
TEST_7595,5
TEST_22542,5
TEST_4459,5
TEST_9209,5
TEST_6029,5
TEST_2651,5
TEST_22773,5
TEST_19502,5
TEST_9171,5
TEST_28595,5
TEST_16777,5
TEST_25695,5
TEST_24677,5
TEST_14750,5
TEST_20113,5
TEST_11230,5
TEST_16404,5
TEST_5656,5
TEST_5602,5
TEST_21004,5
TEST_3092,5
TEST_12761,5
TEST_23522,5
TEST_2259,5
TEST_14945,5
TEST_11157,5
TEST_8970,5
TEST_20600,5
TEST_10195,5
TEST_7784,5
TEST_28854,5
TEST_16217,5
TEST_2893,5
TEST_14015,5
TEST_20736,5
TEST_25155,5
TEST_17613,5
TEST_9691,5
TEST_23231,5
TEST_10344,5
TEST_17114,5
TEST_24711,5
TEST_19829,5
TEST_8425,5
TEST_28427,5
TEST_26103,5
TEST_19448,5
TEST_4029,5
TEST_7114,5
TEST_10622,5
TEST_27865,5
TEST_17989,5
TEST_18506,5
TEST_600,5
TEST_29577,5
TEST_8571,5
TEST_27436,5
TEST_10888,5
TEST_377,5
TEST_24552,5
TEST_16601,5
TEST_8856,5
TEST_25137,5
TEST_19849,5
TEST_18886,5
TEST_14838,5
TEST_26779,5
TEST_162,5
TEST_4773,5
TEST_7765,5
TEST_14571,5
TEST_19106,5
TEST_11934,5
TEST_27399,5
TEST_17094,5
TEST_3708,5
TEST_13234,5
TEST_22752,5
TEST_17388,5
TEST_7528,5
TEST_5601,5
TEST_19542,5
TEST_24342,5
TEST_18530,5
TEST_2923,5
TEST_13466,5
TEST_1929,5
TEST_16279,5
TEST_254,5
TEST_7221,5
TEST_24938,5
TEST_27351,5
TEST_20966,5
TEST_16485,5
TEST_25594,5
TEST_3642,5
TEST_28869,5
TEST_9081,5
TEST_14578,5
TEST_16665,5
TEST_14105,5
TEST_26376,5
TEST_3766,5
TEST_12100,5
TEST_22777,5
TEST_18558,5
TEST_6645,5
TEST_3684,5
TEST_13688,5
TEST_9825,5
TEST_25364,5
TEST_5778,5
TEST_15306,5
TEST_25344,5
TEST_24529,5
TEST_9889,5
TEST_15397,5
TEST_21302,5
TEST_6269,5
TEST_26130,5
TEST_2734,5
TEST_29565,5
TEST_29947,5
TEST_3277,5
TEST_19958,5
TEST_19379,5
TEST_26760,5
TEST_26044,5
TEST_17090,5
TEST_3136,5
TEST_25197,5
TEST_14346,5
TEST_6782,5
TEST_28005,5
TEST_21108,5
TEST_14085,5
TEST_19394,5
TEST_5029,5
TEST_17265,5
TEST_23546,5
TEST_21706,5
TEST_13649,5
TEST_25175,5
TEST_18897,5
TEST_869,5
TEST_25630,5
TEST_2628,5
TEST_27200,5
TEST_29364,5
TEST_21600,5
TEST_6952,5
TEST_12730,5
TEST_15461,5
TEST_25694,5
TEST_28376,5
TEST_18043,5
TEST_12766,5
TEST_26736,5
TEST_525,5
TEST_7369,5
TEST_14227,5
TEST_26755,5
TEST_4534,5
TEST_3143,5
TEST_5475,5
TEST_10850,5
TEST_12445,5
TEST_17798,5
TEST_22384,5
TEST_4296,5
TEST_9824,5
TEST_20584,5
TEST_23059,5
TEST_1436,5
TEST_2412,5
TEST_27920,5
TEST_6902,5
TEST_15714,5
TEST_13003,5
TEST_18904,5
TEST_8186,5
TEST_22601,5
TEST_8611,5
TEST_24252,5
TEST_15844,5
TEST_15977,5
TEST_20322,5
TEST_17868,5
TEST_15241,5
TEST_1387,5
TEST_18847,5
TEST_21001,5
TEST_535,5
TEST_12420,5
TEST_11770,5
TEST_22783,5
TEST_19768,5
TEST_15448,5
TEST_28794,5
TEST_11893,5
TEST_7167,5
TEST_23554,5
TEST_8739,5
TEST_17357,5
TEST_29301,5
TEST_1732,5
TEST_29537,5
TEST_29012,5
TEST_20526,5
TEST_16118,5
TEST_9510,5
TEST_3867,5
TEST_19320,5
TEST_26532,5
TEST_25581,5
TEST_17275,5
TEST_25773,5
TEST_16990,5
TEST_3322,5
TEST_2670,5
TEST_10535,5
TEST_27450,5
TEST_20383,5
TEST_15979,5
TEST_20662,5
TEST_8348,5
TEST_4011,5
TEST_13811,5
TEST_16572,5
TEST_13331,5
TEST_27113,5
TEST_17497,5
TEST_3026,5
TEST_9911,5
TEST_27599,5
TEST_1101,5
TEST_11113,5
TEST_14728,5
TEST_29933,5
TEST_9237,5
TEST_3007,5
TEST_10703,5
TEST_2943,5
TEST_10102,5
TEST_19310,5
TEST_11951,5
TEST_21617,5
TEST_7216,5
TEST_10093,5
TEST_23863,5
TEST_10691,5
TEST_22433,5
TEST_10575,5
TEST_27597,5
TEST_6202,5
TEST_19057,5
TEST_18808,5
TEST_6481,5
TEST_721,5
TEST_4607,5
TEST_5524,5
TEST_27582,5
TEST_12246,5
TEST_25768,5
TEST_15731,5
TEST_8615,5
TEST_21768,5
TEST_3587,5
TEST_24741,5
TEST_27286,5
TEST_25614,5
TEST_26281,5
TEST_29964,5
TEST_6510,5
TEST_24280,5
TEST_19279,5
TEST_14320,5
TEST_15218,5
TEST_9379,5
TEST_13187,5
TEST_4957,5
TEST_28769,5
TEST_2041,5
TEST_14493,5
TEST_1258,5
TEST_24457,5
TEST_20451,5
TEST_5667,5
TEST_15411,5
TEST_16412,5
TEST_25294,5
TEST_11848,5
TEST_24412,5
TEST_5434,5
TEST_2646,5
TEST_1857,5
TEST_27524,5
TEST_16532,5
TEST_18426,5
TEST_1080,5
TEST_11553,5
TEST_11643,5
TEST_11209,5
TEST_23112,5
TEST_22938,5
TEST_11600,5
TEST_8941,5
TEST_24082,5
TEST_14596,5
TEST_21283,5
TEST_5006,5
TEST_19203,5
TEST_13588,5
TEST_11539,5
TEST_8356,5
TEST_13759,5
TEST_26790,5
TEST_12566,5
TEST_16718,5
TEST_23997,5
TEST_26282,5
TEST_26572,5
TEST_6973,5
TEST_4246,5
TEST_25682,5
TEST_12006,5
TEST_29059,5
TEST_4629,5
TEST_1220,5
TEST_19579,5
TEST_15862,5
TEST_12430,5
TEST_27404,5
TEST_2532,5
TEST_9394,5
TEST_15245,5
TEST_12994,5
TEST_3477,5
TEST_5536,5
TEST_19596,5
TEST_28945,5
TEST_23904,5
TEST_9674,5
TEST_15105,5
TEST_8159,5
TEST_16515,5
TEST_10782,5
TEST_8968,5
TEST_21960,5
TEST_25179,5
TEST_12931,5
TEST_12939,5
TEST_20708,5
TEST_16719,5
TEST_2877,5
TEST_18701,5
TEST_26443,5
TEST_27050,5
TEST_11545,5
TEST_29847,5
TEST_21399,5
TEST_3908,5
TEST_28205,5
TEST_19022,5
TEST_22263,5
TEST_27001,5
TEST_11826,5
TEST_2801,5
TEST_11635,5
TEST_385,5
TEST_17780,5
TEST_8328,5
TEST_16694,5
TEST_20513,5
TEST_14607,5
TEST_26043,5
TEST_22702,5
TEST_25329,5
TEST_9985,5
TEST_8991,5
TEST_6037,5
TEST_4615,5
TEST_12359,5
TEST_13524,5
TEST_2542,5
TEST_11464,5
TEST_24891,5
TEST_23030,5
TEST_26096,5
TEST_25443,5
TEST_1578,5
TEST_19168,5
TEST_21447,5
TEST_28524,5
TEST_10777,5
TEST_29440,5
TEST_15088,5
TEST_8610,5
TEST_21193,5
TEST_3199,5
TEST_23458,5
TEST_29368,5
TEST_9034,5
TEST_7191,5
TEST_8237,5
TEST_21565,5
TEST_27505,5
TEST_6931,5
TEST_6662,5
TEST_8371,5
TEST_23932,5
TEST_15941,5
TEST_11382,5
TEST_16729,5
TEST_8623,5
TEST_24584,5
TEST_6682,5
TEST_19623,5
TEST_350,5
TEST_7964,5
TEST_2810,5
TEST_19274,5
TEST_1154,5
TEST_13551,5
TEST_17808,5
TEST_27154,5
TEST_24405,5
TEST_3508,5
TEST_16366,5
TEST_9207,5
TEST_5880,5
TEST_20505,5
TEST_9029,5
TEST_9983,5
TEST_13358,5
TEST_7089,5
TEST_2325,5
TEST_19782,5
TEST_26918,5
TEST_15725,5
TEST_21467,5
TEST_10213,5
TEST_8422,5
TEST_4561,5
TEST_15447,5
TEST_26118,5
TEST_23162,5
TEST_15609,5
TEST_15545,5
TEST_23718,5
TEST_6833,5
TEST_20539,5
TEST_4616,5
TEST_29320,5
TEST_5751,5
TEST_4669,5
TEST_3190,5
TEST_11701,5
TEST_7067,5
TEST_11845,5
TEST_11360,5
TEST_2257,5
TEST_10296,5
TEST_16235,5
TEST_28260,5
TEST_19916,5
TEST_12219,5
TEST_25569,5
TEST_25617,5
TEST_23069,5
TEST_27418,5
TEST_16470,5
TEST_1345,5
TEST_23146,5
TEST_14812,5
TEST_27797,5
TEST_12357,5
TEST_20873,5
TEST_24092,5
TEST_28120,5
TEST_13515,5
TEST_409,5
TEST_9789,5
TEST_6936,5
TEST_29538,5
TEST_4343,5
TEST_27165,5
TEST_21177,5
TEST_16058,5
TEST_27738,5
TEST_5039,5
TEST_1814,5
TEST_2666,5
TEST_10482,5
TEST_21603,5
TEST_2159,5
TEST_5679,5
TEST_20369,5
TEST_8379,5
TEST_17931,5
TEST_798,5
TEST_5698,5
TEST_15506,5
TEST_19957,5
TEST_12460,5
TEST_18795,5
TEST_5337,5
TEST_10655,5
TEST_20864,5
TEST_4896,5
TEST_9638,5
TEST_8161,5
TEST_23039,5
TEST_10136,5
TEST_8029,5
TEST_243,5
TEST_3777,5
TEST_16142,5
TEST_20689,5
TEST_2785,5
TEST_17890,5
TEST_2294,5
TEST_14559,5
TEST_29505,5
TEST_17175,5
TEST_22171,5
TEST_12222,5
TEST_15963,5
TEST_18655,5
TEST_17543,5
TEST_14138,5
TEST_24753,5
TEST_16590,5
TEST_18495,5
TEST_4268,5
TEST_27366,5
TEST_17581,5
TEST_5983,5
TEST_14746,5
TEST_862,5
TEST_7142,5
TEST_23168,5
TEST_28029,5
TEST_22333,5
TEST_15406,5
TEST_29296,5
TEST_23782,5
TEST_22718,5
TEST_7772,5
TEST_4369,5
TEST_10840,5
TEST_29886,5
TEST_4714,5
TEST_760,5
TEST_5811,5
TEST_26237,5
TEST_25050,5
TEST_15934,5
TEST_27009,5
TEST_1506,5
TEST_1036,5
TEST_4709,5
TEST_11899,5
TEST_6042,5
TEST_19846,5
TEST_26841,5
TEST_22347,5
TEST_4722,5
TEST_12851,5
TEST_22819,5
TEST_9953,5
TEST_23452,5
TEST_10363,5
TEST_4855,5
TEST_10463,5
TEST_20291,5
TEST_15633,5
TEST_18473,5
TEST_8246,5
TEST_9031,5
TEST_20284,5
TEST_24,5
TEST_10130,5
TEST_23834,5
TEST_20879,5
TEST_9270,5
TEST_7549,5
TEST_20806,5
TEST_15378,5
TEST_3287,5
TEST_7500,5
TEST_19468,5
TEST_17685,5
TEST_15309,5
TEST_5347,5
TEST_10786,5
TEST_6238,5
TEST_6969,5
TEST_8120,5
TEST_26200,5
TEST_6241,5
TEST_3403,5
TEST_12024,5
TEST_26279,5
TEST_27811,5
TEST_4806,5
TEST_6319,5
TEST_7962,5
TEST_18148,5
TEST_9626,5
TEST_22159,5
TEST_27387,5
TEST_17486,5
TEST_26349,5
TEST_3519,5
TEST_348,5
TEST_27532,5
TEST_24521,5
TEST_28330,5
TEST_7453,5
TEST_11071,5
TEST_27655,5
TEST_27679,5
TEST_26078,5
TEST_14878,5
TEST_29275,5
TEST_11264,5
TEST_22195,5
TEST_16314,5
TEST_10769,5
TEST_11445,5
TEST_6545,5
TEST_8645,5
TEST_14004,5
TEST_28927,5
TEST_20218,5
TEST_5555,5
TEST_13223,5
TEST_23282,5
TEST_17577,5
TEST_18825,5
TEST_29494,5
TEST_8069,5
TEST_15667,5
TEST_1754,5
TEST_16441,5
TEST_15407,5
TEST_19204,5
TEST_27236,5
TEST_8035,5
TEST_18768,5
TEST_196,5
TEST_19772,5
TEST_22181,5
TEST_19791,5
TEST_3072,5
TEST_11764,5
TEST_19306,5
TEST_23642,5
TEST_8083,5
TEST_28770,5
TEST_4665,5
TEST_13794,5
TEST_8776,5
TEST_5490,5
TEST_6080,5
TEST_7523,5
TEST_28122,5
TEST_7288,5
TEST_8824,5
TEST_6857,5
TEST_4311,5
TEST_23213,5
TEST_995,5
TEST_25831,5
TEST_18300,5
TEST_12058,5
TEST_8338,5
TEST_18357,5
TEST_25621,5
TEST_28606,5
TEST_10376,5
TEST_17812,5
TEST_1493,5
TEST_7554,5
TEST_28076,5
TEST_23558,5
TEST_9040,5
TEST_26046,5
TEST_19532,5
TEST_15549,5
TEST_29019,5
TEST_1498,5
TEST_14986,5
TEST_11339,5
TEST_22428,5
TEST_12633,5
TEST_11595,5
TEST_8137,5
TEST_20943,5
TEST_10076,5
TEST_13711,5
TEST_12563,5
TEST_8675,5
TEST_5639,5
TEST_5706,5
TEST_2721,5
TEST_17112,5
TEST_2388,5
TEST_11482,5
TEST_23530,5
TEST_23260,5
TEST_34,5
TEST_14008,5
TEST_2217,5
TEST_453,5
TEST_1211,5
TEST_23229,5
TEST_2133,5
TEST_11211,5
TEST_24377,5
TEST_1901,5
TEST_6855,5
TEST_10760,5
TEST_17520,5
TEST_13429,5
TEST_808,5
TEST_25821,5
TEST_28709,5
TEST_967,5
TEST_4058,5
TEST_1151,5
TEST_24062,5
TEST_2657,5
TEST_14049,5
TEST_6635,5
TEST_25620,5
TEST_29102,5
TEST_18967,5
TEST_29226,5
TEST_26585,5
TEST_26909,5
TEST_19861,5
TEST_14024,5
TEST_25373,5
TEST_10243,5
TEST_23661,5
TEST_28494,5
TEST_11132,5
TEST_18761,5
TEST_15315,5
TEST_27677,5
TEST_3793,5
TEST_697,5
TEST_5421,5
TEST_26440,5
TEST_16306,5
TEST_18915,5
TEST_26286,5
TEST_675,5
TEST_16413,5
TEST_12572,5
TEST_4788,5
TEST_24723,5
TEST_28571,5
TEST_9582,5
TEST_2518,5
TEST_8721,5
TEST_13355,5
TEST_25833,5
TEST_1956,5
TEST_15095,5
TEST_5396,5
TEST_4207,5
TEST_21820,5
TEST_16285,5
TEST_3505,5
TEST_13760,5
TEST_22001,5
TEST_16067,5
TEST_2428,5
TEST_18985,5
TEST_28800,5
TEST_25801,5
TEST_17342,5
TEST_19929,5
TEST_9322,5
TEST_28703,5
TEST_28480,5
TEST_28266,5
TEST_6920,5
TEST_16966,5
TEST_2853,5
TEST_2617,5
TEST_18855,5
TEST_15277,5
TEST_26972,5
TEST_13631,5
TEST_15257,5
TEST_9942,5
TEST_14347,5
TEST_3109,5
TEST_29770,5
TEST_13922,5
TEST_14886,5
TEST_2461,5
TEST_24426,5
TEST_24697,5
TEST_8418,5
TEST_28499,5
TEST_277,5
TEST_24233,5
TEST_23553,5
TEST_947,5
TEST_21826,5
TEST_11184,5
TEST_16018,5
TEST_12135,5
TEST_10931,5
TEST_28182,5
TEST_25778,5
TEST_13089,5
TEST_25034,5
TEST_7873,5
TEST_23455,5
TEST_255,5
TEST_25292,5
TEST_8551,5
TEST_10317,5
TEST_5520,5
TEST_5003,5
TEST_1737,5
TEST_1177,5
TEST_7861,5
TEST_394,5
TEST_6448,5
TEST_25900,5
TEST_25918,5
TEST_207,5
TEST_1228,5
TEST_2494,5
TEST_4150,5
TEST_21683,5
TEST_10478,5
TEST_26228,5
TEST_25129,5
TEST_21027,5
TEST_9221,5
TEST_27495,5
TEST_91,5
TEST_3886,5
TEST_3517,5
TEST_15798,5
TEST_2537,5
TEST_16362,5
TEST_20778,5
TEST_13235,5
TEST_17869,5
TEST_26364,5
TEST_334,5
TEST_7117,5
TEST_10209,5
TEST_23804,5
TEST_26384,5
TEST_26720,5
TEST_20196,5
TEST_9761,5
TEST_16706,5
TEST_21608,5
TEST_19879,5
TEST_19668,5
TEST_21868,5
TEST_11710,5
TEST_11533,5
TEST_14378,5
TEST_27014,5
TEST_10968,5
TEST_8148,5
TEST_13795,5
TEST_17629,5
TEST_21077,5
TEST_12427,5
TEST_2232,5
TEST_22769,5
TEST_12819,5
TEST_27833,5
TEST_12852,5
TEST_16303,5
TEST_25263,5
TEST_6433,5
TEST_7809,5
TEST_21185,5
TEST_4310,5
TEST_6168,5
TEST_27511,5
TEST_20473,5
TEST_3232,5
TEST_10945,5
TEST_5208,5
TEST_26301,5
TEST_24411,5
TEST_20243,5
TEST_13133,5
TEST_2718,5
TEST_20022,5
TEST_12297,5
TEST_503,5
TEST_731,5
TEST_22299,5
TEST_12000,5
TEST_9923,5
TEST_18638,5
TEST_8060,5
TEST_10710,5
TEST_851,5
TEST_22821,5
TEST_27148,5
TEST_16208,5
TEST_18817,5
TEST_17838,5
TEST_11805,5
TEST_12144,5
TEST_22701,5
TEST_11746,5
TEST_5447,5
TEST_15329,5
TEST_18039,5
TEST_15591,5
TEST_22253,5
TEST_7960,5
TEST_16064,5
TEST_10690,5
TEST_1513,5
TEST_8040,5
TEST_22692,5
TEST_14588,5
TEST_28579,5
TEST_8399,5
TEST_29124,5
TEST_407,5
TEST_13863,5
TEST_23013,5
TEST_2886,5
TEST_108,5
TEST_16301,5
TEST_15252,5
TEST_21972,5
TEST_6744,5
TEST_26258,5
TEST_16608,5
TEST_12307,5
TEST_804,5
TEST_23385,5
TEST_27804,5
TEST_1385,5
TEST_24272,5
TEST_12373,5
TEST_12302,5
TEST_181,5
TEST_16837,5
TEST_14473,5
TEST_850,5
TEST_16963,5
TEST_3234,5
TEST_18833,5
TEST_15594,5
TEST_4689,5
TEST_27474,5
TEST_18957,5
TEST_26490,5
TEST_10937,5
TEST_22760,5
TEST_23983,5
TEST_629,5
TEST_23286,5
TEST_9049,5
TEST_15230,5
TEST_6230,5
TEST_20819,5
TEST_23902,5
TEST_14978,5
TEST_13335,5
TEST_13120,5
TEST_25549,5
TEST_28165,5
TEST_28699,5
TEST_23864,5
TEST_205,5
TEST_18406,5
TEST_27621,5
TEST_9900,5
TEST_1809,5
TEST_26379,5
TEST_10730,5
TEST_14391,5
TEST_10400,5
TEST_17964,5
TEST_22723,5
TEST_19179,5
TEST_8914,5
TEST_18750,5
TEST_29746,5
TEST_12255,5
TEST_2045,5
TEST_22163,5
TEST_24471,5
TEST_6811,5
TEST_29097,5
TEST_6934,5
TEST_19276,5
TEST_24948,5
TEST_3604,5
TEST_16896,5
TEST_25259,5
TEST_3683,5
TEST_21634,5
TEST_8355,5
TEST_4558,5
TEST_137,5
TEST_5690,5
TEST_28106,5
TEST_27924,5
TEST_24624,5
TEST_25792,5
TEST_14382,5
TEST_1323,5
TEST_4113,5
TEST_21151,5
TEST_18285,5
TEST_14951,5
TEST_24244,5
TEST_11888,5
TEST_7315,5
TEST_23597,5
TEST_23516,5
TEST_19980,5
TEST_20392,5
TEST_16499,5
TEST_24266,5
TEST_23946,5
TEST_27501,5
TEST_13895,5
TEST_12507,5
TEST_19172,5
TEST_18682,5
TEST_17370,5
TEST_806,5
TEST_2070,5
TEST_14327,5
TEST_27572,5
TEST_3340,5
TEST_24904,5
TEST_2286,5
TEST_11313,5
TEST_5431,5
TEST_4935,5
TEST_8117,5
TEST_14486,5
TEST_23917,5
TEST_10578,5
TEST_24204,5
TEST_11175,5
TEST_1185,5
TEST_25330,5
TEST_22928,5
TEST_15016,5
TEST_13581,5
TEST_5577,5
TEST_16318,5
TEST_3591,5
TEST_12956,5
TEST_14658,5
TEST_24270,5
TEST_969,5
TEST_15328,5
TEST_20175,5
TEST_6171,5
TEST_26853,5
TEST_6567,5
TEST_13111,5
TEST_20183,5
TEST_18412,5
TEST_9533,5
TEST_6960,5
TEST_968,5
TEST_120,5
TEST_17371,5
TEST_18075,5
TEST_3056,5
TEST_27290,5
TEST_26370,5
TEST_11444,5
TEST_246,5
TEST_5752,5
TEST_27618,5
TEST_7437,5
TEST_26125,5
TEST_10437,5
TEST_17867,5
TEST_15752,5
TEST_9550,5
TEST_4195,5
TEST_26684,5
TEST_29842,5
TEST_29506,5
TEST_5734,5
TEST_28818,5
TEST_4895,5
TEST_23729,5
TEST_1118,5
TEST_2370,5
TEST_5487,5
TEST_11095,5
TEST_19711,5
TEST_5511,5
TEST_10607,5
TEST_6574,5
TEST_10330,5
TEST_20647,5
TEST_4346,5
TEST_4122,5
TEST_12758,5
TEST_16740,5
TEST_10241,5
TEST_28972,5
TEST_21690,5
TEST_17675,5
TEST_2408,5
TEST_17025,5
TEST_23221,5
TEST_16732,5
TEST_12004,5
TEST_2158,5
TEST_18422,5
TEST_24213,5
TEST_25412,5
TEST_29094,5
TEST_16621,5
TEST_26578,5
TEST_27927,5
TEST_28028,5
TEST_9110,5
TEST_7644,5
TEST_15206,5
TEST_15779,5
TEST_29666,5
TEST_3422,5
TEST_6666,5
TEST_19016,5
TEST_9439,5
TEST_13590,5
TEST_21471,5
TEST_1824,5
TEST_16114,5
TEST_7928,5
TEST_20813,5
TEST_25991,5
TEST_7124,5
TEST_18811,5
TEST_9016,5
TEST_21609,5
TEST_26329,5
TEST_2851,5
TEST_16295,5
TEST_28775,5
TEST_7476,5
TEST_20236,5
TEST_29860,5
TEST_2931,5
TEST_10072,5
TEST_21260,5
TEST_27306,5
TEST_3898,5
TEST_24892,5
TEST_24108,5
TEST_17013,5
TEST_7485,5
TEST_10924,5
TEST_3695,5
TEST_9465,5
TEST_25718,5
TEST_24326,5
TEST_20971,5
TEST_27674,5
TEST_4595,5
TEST_7773,5
TEST_9614,5
TEST_7299,5
TEST_7175,5
TEST_10509,5
TEST_6268,5
TEST_4381,5
TEST_10671,5
TEST_21678,5
TEST_22328,5
TEST_3334,5
TEST_647,5
TEST_3111,5
TEST_28685,5
TEST_25382,5
TEST_22398,5
TEST_27696,5
TEST_9134,5
TEST_17289,5
TEST_16712,5
TEST_4941,5
TEST_14657,5
TEST_13959,5
TEST_11430,5
TEST_25701,5
TEST_28961,5
TEST_12918,5
TEST_24615,5
TEST_23865,5
TEST_24818,5
TEST_4308,5
TEST_12518,5
TEST_21905,5
TEST_26740,5
TEST_19811,5
TEST_1667,5
TEST_24688,5
TEST_23692,5
TEST_19178,5
TEST_6912,5
TEST_12792,5
TEST_21277,5
TEST_4522,5
TEST_15029,5
TEST_10668,5
TEST_9930,5
TEST_18368,5
TEST_5537,5
TEST_4303,5
TEST_12508,5
TEST_6145,5
TEST_24176,5
TEST_12534,5
TEST_26426,5
TEST_10987,5
TEST_941,5
TEST_26906,5
TEST_18762,5
TEST_858,5
TEST_29310,5
TEST_16078,5
TEST_8165,5
TEST_16291,5
TEST_11407,5
TEST_8635,5
TEST_9774,5
TEST_22273,5
TEST_4355,5
TEST_14887,5
TEST_13856,5
TEST_2024,5
TEST_13251,5
TEST_9313,5
TEST_7139,5
TEST_11744,5
TEST_2042,5
TEST_28941,5
TEST_19735,5
TEST_3774,5
TEST_21008,5
TEST_518,5
TEST_26830,5
TEST_27453,5
TEST_7877,5
TEST_27428,5
TEST_18541,5
TEST_29182,5
TEST_15007,5
TEST_9952,5
TEST_28287,5
TEST_24794,5
TEST_27536,5
TEST_7405,5
TEST_3846,5
TEST_10141,5
TEST_29409,5
TEST_11974,5
TEST_19953,5
TEST_14253,5
TEST_6249,5
TEST_19396,5
TEST_27724,5
TEST_23662,5
TEST_4906,5
TEST_7064,5
TEST_23111,5
TEST_21785,5
TEST_2529,5
TEST_14425,5
TEST_6370,5
TEST_6218,5
TEST_7806,5
TEST_17124,5
TEST_8216,5
TEST_21502,5
TEST_9399,5
TEST_16324,5
TEST_24546,5
TEST_16050,5
TEST_6849,5
TEST_462,5
TEST_10037,5
TEST_8557,5
TEST_6797,5
TEST_15516,5
TEST_7519,5
TEST_29234,5
TEST_29889,5
TEST_3395,5
TEST_15458,5
TEST_2875,5
TEST_11598,5
TEST_25729,5
TEST_3524,5
TEST_12227,5
TEST_16756,5
TEST_29896,5
TEST_25336,5
TEST_1415,5
TEST_699,5
TEST_23629,5
TEST_23603,5
TEST_16918,5
TEST_17509,5
TEST_29517,5
TEST_16333,5
TEST_18003,5
TEST_23247,5
TEST_17339,5
TEST_14521,5
TEST_4938,5
TEST_12305,5
TEST_26788,5
TEST_8324,5
TEST_8000,5
TEST_19993,5
TEST_5352,5
TEST_13045,5
TEST_8911,5
TEST_28126,5
TEST_21894,5
TEST_10717,5
TEST_20658,5
TEST_1729,5
TEST_744,5
TEST_15005,5
TEST_21332,5
TEST_28411,5
TEST_22309,5
TEST_5038,5
TEST_19337,5
TEST_22652,5
TEST_3441,5
TEST_13931,5
TEST_24755,5
TEST_19873,5
TEST_2130,5
TEST_231,5
TEST_28214,5
TEST_28089,5
TEST_19643,5
TEST_4158,5
TEST_26880,5
TEST_19646,5
TEST_23826,5
TEST_13611,5
TEST_6723,5
TEST_28666,5
TEST_22135,5
TEST_14563,5
TEST_1077,5
TEST_24779,5
TEST_26369,5
TEST_5924,5
TEST_4658,5
TEST_27722,5
TEST_11768,5
TEST_7590,5
TEST_21464,5
TEST_902,5
TEST_12377,5
TEST_13893,5
TEST_986,5
TEST_8807,5
TEST_17526,5
TEST_8757,5
TEST_2454,5
TEST_14924,5
TEST_17705,5
TEST_13970,5
TEST_5875,5
TEST_26013,5
TEST_25429,5
TEST_29162,5
TEST_17354,5
TEST_23940,5
TEST_13846,5
TEST_17904,5
TEST_5972,5
TEST_18202,5
TEST_19808,5
TEST_12280,5
TEST_21744,5
TEST_4914,5
TEST_27409,5
TEST_2480,5
TEST_4520,5
TEST_14855,5
TEST_9963,5
TEST_13135,5
TEST_9773,5
TEST_790,5
TEST_10901,5
TEST_1390,5
TEST_24282,5
TEST_20871,5
TEST_20364,5
TEST_6221,5
TEST_11992,5
TEST_13471,5
TEST_16982,5
TEST_18011,5
TEST_10091,5
TEST_25553,5
TEST_8720,5
TEST_7374,5
TEST_9948,5
TEST_3022,5
TEST_4948,5
TEST_25615,5
TEST_8438,5
TEST_25787,5
TEST_11470,5
TEST_15188,5
TEST_22982,5
TEST_15916,5
TEST_1715,5
TEST_7648,5
TEST_7262,5
TEST_19433,5
TEST_16772,5
TEST_13184,5
TEST_567,5
TEST_27693,5
TEST_22429,5
TEST_9280,5
TEST_4860,5
TEST_19031,5
TEST_25807,5
TEST_4599,5
TEST_14081,5
TEST_7157,5
TEST_20498,5
TEST_7241,5
TEST_23212,5
TEST_7636,5
TEST_9444,5
TEST_16761,5
TEST_1213,5
TEST_29250,5
TEST_6093,5
TEST_5791,5
TEST_6450,5
TEST_17862,5
TEST_28290,5
TEST_21315,5
TEST_5481,5
TEST_26670,5
TEST_6965,5
TEST_5995,5
TEST_19245,5
TEST_13249,5
TEST_14033,5
TEST_24977,5
TEST_19105,5
TEST_794,5
TEST_18993,5
TEST_6780,5
TEST_14003,5
TEST_4786,5
TEST_23052,5
TEST_28257,5
TEST_15009,5
TEST_13208,5
TEST_1750,5
TEST_15125,5
TEST_21113,5
TEST_15464,5
TEST_29609,5
TEST_11971,5
TEST_22761,5
TEST_16432,5
TEST_13109,5
TEST_17527,5
TEST_23404,5
TEST_12096,5
TEST_9528,5
TEST_7641,5
TEST_24447,5
TEST_10604,5
TEST_22212,5
TEST_12618,5
TEST_17895,5
TEST_16307,5
TEST_6923,5
TEST_14173,5
TEST_18598,5
TEST_10382,5
TEST_15733,5
TEST_10347,5
TEST_6393,5
TEST_26396,5
TEST_15754,5
TEST_26970,5
TEST_15110,5
TEST_18478,5
TEST_3430,5
TEST_9652,5
TEST_9663,5
TEST_17086,5
TEST_29903,5
TEST_9841,5
TEST_13892,5
TEST_7188,5
TEST_28135,5
TEST_17582,5
TEST_12165,5
TEST_8504,5
TEST_15401,5
TEST_26210,5
TEST_8157,5
TEST_16652,5
TEST_262,5
TEST_14581,5
TEST_6301,5
TEST_7881,5
TEST_20553,5
TEST_19963,5
TEST_21756,5
TEST_24651,5
TEST_20824,5
TEST_8118,5
TEST_10439,5
TEST_441,5
TEST_6548,5
TEST_26393,5
TEST_28760,5
TEST_19607,5
TEST_28065,5
TEST_133,5
TEST_29449,5
TEST_29499,5
TEST_15057,5
TEST_388,5
TEST_4829,5
TEST_2162,5
TEST_16812,5
TEST_5149,5
TEST_14063,5
TEST_9113,5
TEST_27558,5
TEST_530,5
TEST_28727,5
TEST_24565,5
TEST_23241,5
TEST_5673,5
TEST_2129,5
TEST_3971,5
TEST_24035,5
TEST_2775,5
TEST_24669,5
TEST_20657,5
TEST_5389,5
TEST_22002,5
TEST_14255,5
TEST_13240,5
TEST_17435,5
TEST_15774,5
TEST_1424,5
TEST_18670,5
TEST_26863,5
TEST_22236,5
TEST_26026,5
TEST_17216,5
TEST_21075,5
TEST_24912,5
TEST_24267,5
TEST_15151,5
TEST_18644,5
TEST_16369,5
TEST_9634,5
TEST_13413,5
TEST_9059,5
TEST_9535,5
TEST_24690,5
TEST_26658,5
TEST_26346,5
TEST_7082,5
TEST_15141,5
TEST_28882,5
TEST_24812,5
TEST_21929,5
TEST_22948,5
TEST_5330,5
TEST_14650,5
TEST_8451,5
TEST_22640,5
TEST_19412,5
TEST_28203,5
TEST_500,5
TEST_29551,5
TEST_5165,5
TEST_2756,5
TEST_21866,5
TEST_333,5
TEST_27451,5
TEST_20088,5
TEST_4235,5
TEST_19325,5
TEST_2880,5
TEST_5997,5
TEST_3028,5
TEST_10683,5
TEST_14017,5
TEST_14045,5
TEST_17068,5
TEST_16469,5
TEST_27391,5
TEST_16431,5
TEST_7118,5
TEST_299,5
TEST_25776,5
TEST_23701,5
TEST_26172,5
TEST_4488,5
TEST_27937,5
TEST_7836,5
TEST_11803,5
TEST_14146,5
TEST_28111,5
TEST_24449,5
TEST_24621,5
TEST_20629,5
TEST_27786,5
TEST_8750,5
TEST_24679,5
TEST_23477,5
TEST_15778,5
TEST_29849,5
TEST_18,5
TEST_22710,5
TEST_23647,5
TEST_13337,5
TEST_3456,5
TEST_9092,5
TEST_9600,5
TEST_19914,5
TEST_10369,5
TEST_10502,5
TEST_3933,5
TEST_127,5
TEST_14967,5
TEST_29756,5
TEST_9636,5
TEST_28820,5
TEST_13678,5
TEST_1846,5
TEST_443,5
TEST_25441,5
TEST_5766,5
TEST_29954,5
TEST_3457,5
TEST_28110,5
TEST_27901,5
TEST_14201,5
TEST_25922,5
TEST_19020,5
TEST_29612,5
TEST_10375,5
TEST_18581,5
TEST_22415,5
TEST_23143,5
TEST_4675,5
TEST_7604,5
TEST_13263,5
TEST_15496,5
TEST_18050,5
TEST_4373,5
TEST_10335,5
TEST_28473,5
TEST_18517,5
TEST_17653,5
TEST_5007,5
TEST_12390,5
TEST_8301,5
TEST_10674,5
TEST_29890,5
TEST_1062,5
TEST_28530,5
TEST_10062,5
TEST_4169,5
TEST_23601,5
TEST_4830,5
TEST_27705,5
TEST_28440,5
TEST_25497,5
TEST_6948,5
TEST_2688,5
TEST_6690,5
TEST_28870,5
TEST_26123,5
TEST_28566,5
TEST_11150,5
TEST_28354,5
TEST_8997,5
TEST_7228,5
TEST_8715,5
TEST_2708,5
TEST_1006,5
TEST_13723,5
TEST_28099,5
TEST_2773,5
TEST_5833,5
TEST_3584,5
TEST_584,5
TEST_23171,5
TEST_4644,5
TEST_23318,5
TEST_25191,5
TEST_22445,5
TEST_14257,5
TEST_19467,5
TEST_21874,5
TEST_6835,5
TEST_25304,5
TEST_9873,5
TEST_14557,5
TEST_520,5
TEST_19301,5
TEST_23369,5
TEST_26907,5
TEST_26646,5
TEST_16613,5
TEST_10537,5
TEST_3068,5
TEST_18260,5
TEST_27374,5
TEST_28880,5
TEST_29906,5
TEST_27230,5
TEST_6050,5
TEST_26016,5
TEST_14875,5
TEST_27077,5
TEST_1855,5
TEST_24659,5
TEST_13040,5
TEST_18307,5
TEST_12559,5
TEST_12895,5
TEST_4813,5
TEST_20720,5
TEST_7450,5
TEST_29627,5
TEST_10852,5
TEST_24926,5
TEST_12850,5
TEST_21547,5
TEST_24400,5
TEST_23136,5
TEST_28789,5
TEST_10705,5
TEST_15018,5
TEST_4473,5
TEST_18262,5
TEST_11696,5
TEST_23006,5
TEST_19906,5
TEST_11039,5
TEST_22425,5
TEST_7937,5
TEST_20374,5
TEST_26645,5
TEST_29014,5
TEST_11772,5
TEST_3467,5
TEST_1832,5
TEST_15898,5
TEST_2160,5
TEST_6134,5
TEST_16241,5
TEST_29103,5
TEST_21439,5
TEST_28903,5
TEST_26017,5
TEST_3035,5
TEST_28476,5
TEST_25665,5
TEST_29241,5
TEST_3802,5
TEST_25898,5
TEST_10433,5
TEST_27617,5
TEST_6239,5
TEST_21618,5
TEST_17772,5
TEST_565,5
TEST_16938,5
TEST_4320,5
TEST_3267,5
TEST_8845,5
TEST_8360,5
TEST_2737,5
TEST_16788,5
TEST_25968,5
TEST_25631,5
TEST_28687,5
TEST_3303,5
TEST_7420,5
TEST_5114,5
TEST_15943,5
TEST_2722,5
TEST_22341,5
TEST_420,5
TEST_24617,5
TEST_5728,5
TEST_13173,5
TEST_28786,5
TEST_6260,5
TEST_20080,5
TEST_25103,5
TEST_25976,5
TEST_2749,5
TEST_19017,5
TEST_29996,5
TEST_18717,5
TEST_20214,5
TEST_20753,5
TEST_25653,5
TEST_28910,5
TEST_5298,5
TEST_13462,5
TEST_26813,5
TEST_9925,5
TEST_28049,5
TEST_25395,5
TEST_11972,5
TEST_21990,5
TEST_27947,5
TEST_20167,5
TEST_1744,5
TEST_5563,5
TEST_8017,5
TEST_8410,5
TEST_7503,5
TEST_21063,5
TEST_19915,5
TEST_10386,5
TEST_22791,5
TEST_24038,5
TEST_12963,5
TEST_16089,5
TEST_29115,5
TEST_14877,5
TEST_25565,5
TEST_27601,5
TEST_1974,5
TEST_28774,5
TEST_4085,5
TEST_173,5
TEST_28412,5
TEST_20655,5
TEST_9250,5
TEST_19164,5
TEST_22336,5
TEST_6693,5
TEST_14147,5
TEST_553,5
TEST_9858,5
TEST_21610,5
TEST_19402,5
TEST_8127,5
TEST_26655,5
TEST_12674,5
TEST_15589,5
TEST_11844,5
TEST_24399,5
TEST_23930,5
TEST_23673,5
TEST_19113,5
TEST_10188,5
TEST_21922,5
TEST_19588,5
TEST_2395,5
TEST_17348,5
TEST_21050,5
TEST_1441,5
TEST_22465,5
TEST_410,5
TEST_19258,5
TEST_17983,5
TEST_9023,5
TEST_28655,5
TEST_8593,5
TEST_12323,5
TEST_524,5
TEST_28273,5
TEST_5772,5
TEST_22689,5
TEST_12589,5
TEST_21924,5
TEST_12863,5
TEST_2317,5
TEST_7069,5
TEST_17147,5
TEST_79,5
TEST_7560,5
TEST_13927,5
TEST_18658,5
TEST_15436,5
TEST_26594,5
TEST_24329,5
TEST_22070,5
TEST_1207,5
TEST_15649,5
TEST_11283,5
TEST_18894,5
TEST_10743,5
TEST_8053,5
TEST_13734,5
TEST_19084,5
TEST_5089,5
TEST_11856,5
TEST_23646,5
TEST_28267,5
TEST_5189,5
TEST_10591,5
TEST_24033,5
TEST_826,5
TEST_17268,5
TEST_3948,5
TEST_18595,5
TEST_8890,5
TEST_4112,5
TEST_6791,5
TEST_17813,5
TEST_12915,5
TEST_491,5
TEST_5371,5
TEST_23205,5
TEST_25917,5
TEST_17938,5
TEST_17718,5
TEST_27921,5
TEST_1632,5
TEST_6022,5
TEST_19477,5
TEST_26178,5
TEST_13559,5
TEST_18981,5
TEST_15744,5
TEST_29728,5
TEST_1903,5
TEST_7387,5
TEST_4474,5
TEST_21724,5
TEST_3750,5
TEST_24362,5
TEST_21865,5
TEST_27530,5
TEST_26194,5
TEST_3222,5
TEST_22600,5
TEST_14358,5
TEST_23284,5
TEST_13273,5
TEST_8460,5
TEST_26832,5
TEST_11766,5
TEST_25169,5
TEST_7462,5
TEST_28891,5
TEST_11514,5
TEST_7619,5
TEST_8839,5
TEST_27999,5
TEST_24925,5
TEST_29192,5
TEST_13836,5
TEST_8579,5
TEST_12512,5
TEST_11370,5
TEST_1152,5
TEST_26433,5
TEST_29139,5
TEST_4856,5
TEST_15066,5
TEST_7102,5
TEST_287,5
TEST_23283,5
TEST_25757,5
TEST_5042,5
TEST_28491,5
TEST_9749,5
TEST_27431,5
TEST_13141,5
TEST_25171,5
TEST_1733,5
TEST_6272,5
TEST_18672,5
TEST_22842,5
TEST_4698,5
TEST_27734,5
TEST_5868,5
TEST_7184,5
TEST_26891,5
TEST_15064,5
TEST_17083,5
TEST_7830,5
TEST_10404,5
TEST_12874,5
TEST_29539,5
TEST_21647,5
TEST_26375,5
TEST_18852,5
TEST_2188,5
TEST_28419,5
TEST_8131,5
TEST_22713,5
TEST_22670,5
TEST_23700,5
TEST_13360,5
TEST_15544,5
TEST_2111,5
TEST_26816,5
TEST_678,5
TEST_17810,5
TEST_22192,5
TEST_4495,5
TEST_29904,5
TEST_23951,5
TEST_12913,5
TEST_3884,5
TEST_27131,5
TEST_2397,5
TEST_21511,5
TEST_21758,5
TEST_6796,5
TEST_11297,5
TEST_8873,5
TEST_20324,5
TEST_29657,5
TEST_16886,5
TEST_15175,5
TEST_13402,5
TEST_5743,5
TEST_14923,5
TEST_26095,5
TEST_8014,5
TEST_2367,5
TEST_7440,5
TEST_18739,5
TEST_4677,5
TEST_9737,5
TEST_3563,5
TEST_18559,5
TEST_5697,5
TEST_10050,5
TEST_26295,5
TEST_23341,5
TEST_24998,5
TEST_19910,5
TEST_12495,5
TEST_10284,5
TEST_16146,5
TEST_10238,5
TEST_8858,5
TEST_13787,5
TEST_15396,5
TEST_18418,5
TEST_19491,5
TEST_9140,5
TEST_25250,5
TEST_4802,5
TEST_22792,5
TEST_15440,5
TEST_9914,5
TEST_9950,5
TEST_11244,5
TEST_2771,5
TEST_23612,5
TEST_25102,5
TEST_26679,5
TEST_19895,5
TEST_25346,5
TEST_12921,5
TEST_8744,5
TEST_22005,5
TEST_6750,5
TEST_29212,5
TEST_875,5
TEST_22186,5
TEST_3348,5
TEST_12688,5
TEST_8113,5
TEST_13704,5
TEST_26945,5
TEST_5173,5
TEST_27250,5
TEST_22183,5
TEST_21527,5
TEST_1460,5
TEST_9660,5
TEST_13315,5
TEST_13750,5
TEST_21089,5
TEST_21284,5
TEST_13741,5
TEST_374,5
TEST_2186,5
TEST_4411,5
TEST_8840,5
TEST_6046,5
TEST_18486,5
TEST_14448,5
TEST_20376,5
TEST_17153,5
TEST_23698,5
TEST_8688,5
TEST_19757,5
TEST_2806,5
TEST_2960,5
TEST_9779,5
TEST_28830,5
TEST_21517,5
TEST_27943,5
TEST_19217,5
TEST_2983,5
TEST_4275,5
TEST_2116,5
TEST_18045,5
TEST_1973,5
TEST_2644,5
TEST_25646,5
TEST_2668,5
TEST_8287,5
TEST_26956,5
TEST_17861,5
TEST_18470,5
TEST_6883,5
TEST_21508,5
TEST_3275,5
TEST_9823,5
TEST_7096,5
TEST_19884,5
TEST_4818,5
TEST_12439,5
TEST_1468,5
TEST_11481,5
TEST_10796,5
TEST_23730,5
TEST_12734,5
TEST_5608,5
TEST_10196,5
TEST_9536,5
TEST_25449,5
TEST_13558,5
TEST_3983,5
TEST_29038,5
TEST_18107,5
TEST_3119,5
TEST_24147,5
TEST_3242,5
TEST_11927,5
TEST_14766,5
TEST_8931,5
TEST_1203,5
TEST_28247,5
TEST_17571,5
TEST_13987,5
TEST_11788,5
TEST_397,5
TEST_7044,5
TEST_8276,5
TEST_27841,5
TEST_20691,5
TEST_27179,5
TEST_1263,5
TEST_12375,5
TEST_7510,5
TEST_7915,5
TEST_8198,5
TEST_25908,5
TEST_4033,5
TEST_26036,5
TEST_15273,5
TEST_14348,5
TEST_7240,5
TEST_10880,5
TEST_18099,5
TEST_1998,5
TEST_11504,5
TEST_23705,5
TEST_3324,5
TEST_20059,5
TEST_24809,5
TEST_27280,5
TEST_4803,5
TEST_24528,5
TEST_7658,5
TEST_6016,5
TEST_29557,5
TEST_23631,5
TEST_12832,5
TEST_23036,5
TEST_14660,5
TEST_3416,5
TEST_6909,5
TEST_2544,5
TEST_15490,5
TEST_6066,5
TEST_24211,5
TEST_11548,5
TEST_15063,5
TEST_26049,5
TEST_21478,5
TEST_13364,5
TEST_11424,5
TEST_12727,5
TEST_4509,5
TEST_12642,5
TEST_5357,5
TEST_20105,5
TEST_2892,5
TEST_11001,5
TEST_29246,5
TEST_20357,5
TEST_10416,5
TEST_10722,5
TEST_15102,5
TEST_2392,5
TEST_13305,5
TEST_16742,5
TEST_14150,5
TEST_29998,5
TEST_18446,5
TEST_1304,5
TEST_5482,5
TEST_4001,5
TEST_26878,5
TEST_4857,5
TEST_24017,5
TEST_9811,5
TEST_20005,5
TEST_143,5
TEST_7460,5
TEST_21633,5
TEST_12695,5
TEST_29145,5
TEST_24490,5
TEST_17205,5
TEST_1512,5
TEST_11314,5
TEST_27778,5
TEST_16578,5
TEST_23344,5
TEST_28124,5
TEST_29154,5
TEST_14284,5
TEST_24106,5
TEST_9656,5
TEST_676,5
TEST_22941,5
TEST_11884,5
TEST_7373,5
TEST_3474,5
TEST_8362,5
TEST_8668,5
TEST_25324,5
TEST_25177,5
TEST_8951,5
TEST_26174,5
TEST_12415,5
TEST_17470,5
TEST_3831,5
TEST_18321,5
TEST_19610,5
TEST_538,5
TEST_26903,5
TEST_6672,5
TEST_20220,5
TEST_4878,5
TEST_3982,5
TEST_16055,5
TEST_23491,5
TEST_20384,5
TEST_325,5
TEST_24500,5
TEST_14873,5
TEST_18219,5
TEST_28828,5
TEST_10804,5
TEST_27998,5
TEST_9224,5
TEST_17651,5
TEST_3806,5
TEST_3514,5
TEST_16775,5
TEST_14474,5
TEST_19053,5
TEST_28852,5
TEST_25416,5
TEST_10481,5
TEST_29131,5
TEST_19790,5
TEST_28918,5
TEST_3963,5
TEST_11416,5
TEST_26759,5
TEST_25619,5
TEST_27456,5
TEST_14603,5
TEST_17619,5
TEST_17966,5
TEST_15593,5
TEST_17054,5
TEST_7442,5
TEST_7676,5
TEST_6357,5
TEST_29437,5
TEST_1067,5
TEST_20901,5
TEST_863,5
TEST_3349,5
TEST_23982,5
TEST_15831,5
TEST_10672,5
TEST_19886,5
TEST_6537,5
TEST_29641,5
TEST_26652,5
TEST_616,5
TEST_18590,5
TEST_7113,5
TEST_22184,5
TEST_4682,5
TEST_16752,5
TEST_28134,5
TEST_11994,5
TEST_638,5
TEST_20973,5
TEST_8737,5
TEST_6540,5
TEST_2360,5
TEST_18588,5
TEST_16737,5
TEST_24997,5
TEST_12609,5
TEST_5693,5
TEST_10584,5
TEST_20015,5
TEST_18145,5
TEST_16155,5
TEST_28748,5
TEST_24644,5
TEST_18810,5
TEST_26735,5
TEST_25231,5
TEST_15773,5
TEST_25039,5
TEST_4181,5
TEST_2831,5
TEST_16685,5
TEST_6197,5
TEST_13716,5
TEST_1972,5
TEST_23086,5
TEST_1930,5
TEST_8682,5
TEST_6868,5
TEST_20254,5
TEST_19349,5
TEST_26080,5
TEST_17850,5
TEST_24309,5
TEST_55,5
TEST_6124,5
TEST_12303,5
TEST_13441,5
TEST_7034,5
TEST_21838,5
TEST_1193,5
TEST_2509,5
TEST_1727,5
TEST_6802,5
TEST_9759,5
TEST_17138,5
TEST_14994,5
TEST_866,5
TEST_25688,5
TEST_27993,5
TEST_9103,5
TEST_21241,5
TEST_9972,5
TEST_25057,5
TEST_21639,5
TEST_29688,5
TEST_23633,5
TEST_22307,5
TEST_11623,5
TEST_27198,5
TEST_24576,5
TEST_12787,5
TEST_14322,5
TEST_26598,5
TEST_17935,5
TEST_16853,5
TEST_19347,5
TEST_15758,5
TEST_9870,5
TEST_12965,5
TEST_10718,5
TEST_14422,5
TEST_26826,5
TEST_20822,5
TEST_16402,5
TEST_13607,5
TEST_12449,5
TEST_13843,5
TEST_16677,5
TEST_14302,5
TEST_29474,5
TEST_22693,5
TEST_23532,5
TEST_24080,5
TEST_22423,5
TEST_2148,5
TEST_6142,5
TEST_10619,5
TEST_6006,5
TEST_5220,5
TEST_23505,5
TEST_19567,5
TEST_26159,5
TEST_6113,5
TEST_11941,5
TEST_21360,5
TEST_16453,5
TEST_13752,5
TEST_11858,5
TEST_21230,5
TEST_26332,5
TEST_23012,5
TEST_13463,5
TEST_1820,5
TEST_8071,5
TEST_11156,5
TEST_29480,5
TEST_26770,5
TEST_3401,5
TEST_13231,5
TEST_28611,5
TEST_18306,5
TEST_3718,5
TEST_5012,5
TEST_29096,5
TEST_28899,5
TEST_5077,5
TEST_27518,5
TEST_9102,5
TEST_11506,5
TEST_21729,5
TEST_19181,5
TEST_1624,5
TEST_18212,5
TEST_16628,5
TEST_5353,5
TEST_27990,5
TEST_9975,5
TEST_2984,5
TEST_5809,5
TEST_14963,5
TEST_7428,5
TEST_11270,5
TEST_2567,5
TEST_13788,5
TEST_28032,5
TEST_7796,5
TEST_27284,5
TEST_3929,5
TEST_9077,5
TEST_18322,5
TEST_6479,5
TEST_411,5
TEST_18686,5
TEST_15562,5
TEST_12880,5
TEST_12059,5
TEST_10461,5
TEST_28047,5
TEST_24525,5
TEST_6964,5
TEST_26204,5
TEST_28543,5
TEST_27138,5
TEST_29594,5
TEST_2341,5
TEST_4136,5
TEST_11585,5
TEST_20761,5
TEST_18292,5
TEST_24678,5
TEST_10719,5
TEST_23580,5
TEST_19645,5
TEST_9838,5
TEST_17710,5
TEST_22580,5
TEST_28501,5
TEST_6378,5
TEST_7954,5
TEST_20958,5
TEST_11224,5
TEST_14777,5
TEST_29841,5
TEST_25287,5
TEST_12099,5
TEST_25202,5
TEST_1031,5
TEST_12774,5
TEST_28931,5
TEST_23992,5
TEST_17748,5
TEST_8335,5
TEST_4916,5
TEST_23768,5
TEST_13126,5
TEST_23099,5
TEST_29647,5
TEST_817,5
TEST_10577,5
TEST_26840,5
TEST_14974,5
TEST_9662,5
TEST_18689,5
TEST_24844,5
TEST_25525,5
TEST_9946,5
TEST_3761,5
TEST_25405,5
TEST_25212,5
TEST_5275,5
TEST_24293,5
TEST_5998,5
TEST_27414,5
TEST_20045,5
TEST_22564,5
TEST_15134,5
TEST_9255,5
TEST_15812,5
TEST_18730,5
TEST_14780,5
TEST_9901,5
TEST_16016,5
TEST_15534,5
TEST_13786,5
TEST_9147,5
TEST_24351,5
TEST_21742,5
TEST_26133,5
TEST_2811,5
TEST_11364,5
TEST_15769,5
TEST_10032,5
TEST_18031,5
TEST_10516,5
TEST_2701,5
TEST_5654,5
TEST_27044,5
TEST_29283,5
TEST_27353,5
TEST_14759,5
TEST_11392,5
TEST_1283,5
TEST_1075,5
TEST_20436,5
TEST_17331,5
TEST_25183,5
TEST_4804,5
TEST_14683,5
TEST_29384,5
TEST_29338,5
TEST_2720,5
TEST_27612,5
TEST_23051,5
TEST_14960,5
TEST_18955,5
TEST_20875,5
TEST_25654,5
TEST_26654,5
TEST_25597,5
TEST_18752,5
TEST_1968,5
TEST_16490,5
TEST_17238,5
TEST_11317,5
TEST_27961,5
TEST_6324,5
TEST_29621,5
TEST_10150,5
TEST_9762,5
TEST_26574,5
TEST_12398,5
TEST_1138,5
TEST_5056,5
TEST_5818,5
TEST_22020,5
TEST_21426,5
TEST_20126,5
TEST_23096,5
TEST_24031,5
TEST_4312,5
TEST_26939,5
TEST_1761,5
TEST_17465,5
TEST_7174,5
TEST_2821,5
TEST_16407,5
TEST_11787,5
TEST_5174,5
TEST_3937,5
TEST_11603,5
TEST_19167,5
TEST_198,5
TEST_6485,5
TEST_10517,5
TEST_23290,5
TEST_18746,5
TEST_12723,5
TEST_6237,5
TEST_12382,5
TEST_6641,5
TEST_11033,5
TEST_25319,5
TEST_24145,5
TEST_16259,5
TEST_17257,5
TEST_16093,5
TEST_15680,5
TEST_25517,5
TEST_23408,5
TEST_12728,5
TEST_27331,5
TEST_20269,5
TEST_7441,5
TEST_19026,5
TEST_7445,5
TEST_10896,5
TEST_10182,5
TEST_23045,5
TEST_11241,5
TEST_27762,5
TEST_17588,5
TEST_613,5
TEST_18073,5
TEST_10601,5
TEST_26528,5
TEST_22650,5
TEST_18614,5
TEST_1924,5
TEST_26599,5
TEST_580,5
TEST_9767,5
TEST_19298,5
TEST_18536,5
TEST_21738,5
TEST_6,5
TEST_18971,5
TEST_10847,5
TEST_22554,5
TEST_23110,5
TEST_27175,5
TEST_6026,5
TEST_20055,5
TEST_5192,5
TEST_9813,5
TEST_19406,5
TEST_16786,5
TEST_3767,5
TEST_29508,5
TEST_16486,5
TEST_12266,5
TEST_17383,5
TEST_26291,5
TEST_15547,5
TEST_23850,5
TEST_18098,5
TEST_22504,5
TEST_11007,5
TEST_28215,5
TEST_19184,5
TEST_20724,5
TEST_8644,5
TEST_2849,5
TEST_28577,5
TEST_22493,5
TEST_757,5
TEST_12886,5
TEST_5689,5
TEST_18020,5
TEST_6234,5
TEST_5781,5
TEST_1836,5
TEST_5188,5
TEST_15008,5
TEST_11513,5
TEST_6466,5
TEST_20906,5
TEST_11453,5
TEST_16999,5
TEST_1384,5
TEST_14056,5
TEST_29727,5
TEST_16649,5
TEST_22661,5
TEST_24760,5
TEST_22051,5
TEST_7537,5
TEST_7482,5
TEST_20007,5
TEST_11599,5
TEST_20534,5
TEST_18695,5
TEST_27844,5
TEST_15985,5
TEST_14761,5
TEST_1542,5
TEST_5808,5
TEST_5224,5
TEST_16188,5
TEST_28544,5
TEST_11298,5
TEST_7083,5
TEST_21389,5
TEST_17345,5
TEST_24324,5
TEST_2098,5
TEST_18580,5
TEST_29487,5
TEST_16396,5
TEST_5008,5
TEST_25445,5
TEST_10579,5
TEST_26179,5
TEST_12046,5
TEST_25586,5
TEST_17128,5
TEST_25113,5
TEST_24020,5
TEST_27237,5
TEST_28534,5
TEST_17709,5
TEST_19454,5
TEST_9329,5
TEST_1807,5
TEST_15179,5
TEST_7307,5
TEST_20215,5
TEST_9414,5
TEST_811,5
TEST_8742,5
TEST_29971,5
TEST_29375,5
TEST_22114,5
TEST_13347,5
TEST_15572,5
TEST_23080,5
TEST_1605,5
TEST_9574,5
TEST_21627,5
TEST_28252,5
TEST_28227,5
TEST_27817,5
TEST_3993,5
TEST_14629,5
TEST_13459,5
TEST_12403,5
TEST_7345,5
TEST_21538,5
TEST_15485,5
TEST_17081,5
TEST_6270,5
TEST_8785,5
TEST_16487,5
TEST_22478,5
TEST_8656,5
TEST_15119,5
TEST_12959,5
TEST_18666,5
TEST_9694,5
TEST_10916,5
TEST_26386,5
TEST_58,5
TEST_8336,5
TEST_12801,5
TEST_26152,5
TEST_12399,5
TEST_29144,5
TEST_27335,5
TEST_1087,5
TEST_12214,5
TEST_6997,5
TEST_27132,5
TEST_27862,5
TEST_9435,5
TEST_18779,5
TEST_19924,5
TEST_24393,5
TEST_24360,5
TEST_22166,5
TEST_27411,5
TEST_22028,5
TEST_4581,5
TEST_29370,5
TEST_26482,5
TEST_9401,5
TEST_26777,5
TEST_26457,5
TEST_26224,5
TEST_4936,5
TEST_7863,5
TEST_326,5
TEST_11730,5
TEST_1085,5
TEST_7252,5
TEST_19739,5
TEST_7781,5
TEST_21775,5
TEST_11520,5
TEST_22351,5
TEST_1201,5
TEST_13340,5
TEST_10133,5
TEST_9093,5
TEST_3639,5
TEST_8435,5
TEST_7422,5
TEST_15216,5
TEST_8992,5
TEST_9606,5
TEST_2835,5
TEST_25036,5
TEST_19134,5
TEST_26057,5
TEST_14789,5
TEST_12330,5
TEST_20962,5
TEST_22108,5
TEST_29893,5
TEST_3431,5
TEST_7244,5
TEST_10357,5
TEST_11722,5
TEST_2150,5
TEST_749,5
TEST_1148,5
TEST_1697,5
TEST_23195,5
TEST_3446,5
TEST_23228,5
TEST_25823,5
TEST_1274,5
TEST_6530,5
TEST_7973,5
TEST_24944,5
TEST_26874,5
TEST_14239,5
TEST_10319,5
TEST_21554,5
TEST_4598,5
TEST_19103,5
TEST_20880,5
TEST_189,5
TEST_28886,5
TEST_20838,5
TEST_18926,5
TEST_11808,5
TEST_20843,5
TEST_23955,5
TEST_28716,5
TEST_22092,5
TEST_15811,5
TEST_10149,5
TEST_2226,5
TEST_29215,5
TEST_16156,5
TEST_6572,5
TEST_27741,5
TEST_3804,5
TEST_18150,5
TEST_10602,5
TEST_8322,5
TEST_6053,5
TEST_7514,5
TEST_12261,5
TEST_8716,5
TEST_5075,5
TEST_7810,5
TEST_6333,5
TEST_12612,5
TEST_25669,5
TEST_15101,5
TEST_19111,5
TEST_25380,5
TEST_16119,5
TEST_17698,5
TEST_249,5
TEST_3185,5
TEST_29424,5
TEST_26768,5
TEST_5413,5
TEST_4793,5
TEST_5712,5
TEST_29806,5
TEST_18989,5
TEST_22078,5
TEST_12647,5
TEST_4604,5
TEST_19539,5
TEST_18953,5
TEST_14618,5
TEST_9290,5
TEST_21568,5
TEST_8146,5
TEST_23075,5
TEST_5153,5
TEST_14768,5
TEST_17500,5
TEST_6999,5
TEST_16020,5
TEST_17555,5
TEST_10839,5
TEST_2656,5
TEST_18917,5
TEST_10308,5
TEST_24286,5
TEST_27189,5
TEST_12551,5
TEST_6187,5
TEST_22272,5
TEST_10954,5
TEST_9543,5
TEST_18599,5
TEST_5285,5
TEST_6077,5
TEST_29495,5
TEST_12541,5
TEST_1599,5
TEST_22086,5
TEST_6603,5
TEST_9277,5
TEST_5074,5
TEST_29617,5
TEST_1255,5
TEST_24788,5
TEST_672,5
TEST_19708,5
TEST_21265,5
TEST_27893,5
TEST_17886,5
TEST_25607,5
TEST_11921,5
TEST_21308,5
TEST_12793,5
TEST_10680,5
TEST_29645,5
TEST_16785,5
TEST_29169,5
TEST_22571,5
TEST_11849,5
TEST_20731,5
TEST_24236,5
TEST_12531,5
TEST_28824,5
TEST_3506,5
TEST_12942,5
TEST_12080,5
TEST_1618,5
TEST_9578,5
TEST_6305,5
TEST_5605,5
TEST_22643,5
TEST_25418,5
TEST_8307,5
TEST_29037,5
TEST_1583,5
TEST_9486,5
TEST_15128,5
TEST_20883,5
TEST_20754,5
TEST_7223,5
TEST_22416,5
TEST_22330,5
TEST_6860,5
TEST_2075,5
TEST_1471,5
TEST_16553,5
TEST_24635,5
TEST_19753,5
TEST_1180,5
TEST_6144,5
TEST_19240,5
TEST_25552,5
TEST_19068,5
TEST_14804,5
TEST_3525,5
TEST_22042,5
TEST_4237,5
TEST_17515,5
TEST_27983,5
TEST_29515,5
TEST_13578,5
TEST_17336,5
TEST_25584,5
TEST_13956,5
TEST_28112,5
TEST_17832,5
TEST_10236,5
TEST_22282,5
TEST_20446,5
TEST_12291,5
TEST_16401,5
TEST_18029,5
TEST_23900,5
TEST_16386,5
TEST_24553,5
TEST_20066,5
TEST_12684,5
TEST_18733,5
TEST_2878,5
TEST_8211,5
TEST_14523,5
TEST_9354,5
TEST_20627,5
TEST_8755,5
TEST_28622,5
TEST_28665,5
TEST_25574,5
TEST_4929,5
TEST_18157,5
TEST_1490,5
TEST_4006,5
TEST_1452,5
TEST_13615,5
TEST_5009,5
TEST_9458,5
TEST_5158,5
TEST_28605,5
TEST_23041,5
TEST_20938,5
TEST_22796,5
TEST_1328,5
TEST_20577,5
TEST_570,5
TEST_14091,5
TEST_6215,5
TEST_13707,5
TEST_5133,5
TEST_8904,5
TEST_759,5
TEST_20499,5
TEST_7521,5
TEST_17978,5
TEST_1865,5
TEST_17830,5
TEST_12882,5
TEST_20221,5
TEST_8308,5
TEST_23999,5
TEST_4912,5
TEST_22209,5
TEST_28839,5
TEST_4358,5
TEST_4764,5
TEST_16575,5
TEST_12462,5
TEST_7066,5
TEST_25227,5
TEST_22932,5
TEST_28764,5
TEST_1769,5
TEST_16615,5
TEST_20109,5
TEST_19594,5
TEST_25408,5
TEST_23945,5
TEST_16806,5
TEST_8895,5
TEST_18185,5
TEST_1684,5
TEST_6150,5
TEST_22801,5
TEST_19432,5
TEST_24933,5
TEST_25772,5
TEST_14449,5
TEST_16229,5
TEST_6725,5
TEST_10438,5
TEST_25089,5
TEST_19982,5
TEST_20039,5
TEST_8415,5
TEST_3485,5
TEST_15677,5
TEST_9590,5
TEST_27899,5
TEST_10230,5
TEST_16816,5
TEST_8405,5
TEST_9467,5
TEST_14198,5
TEST_25007,5
TEST_16535,5
TEST_28701,5
TEST_2678,5
TEST_19611,5
TEST_23800,5
TEST_11693,5
TEST_20877,5
TEST_29852,5
TEST_6151,5
TEST_24567,5
TEST_21110,5
TEST_7381,5
TEST_18399,5
TEST_9998,5
TEST_16593,5
TEST_9075,5
TEST_12325,5
TEST_29897,5
TEST_8544,5
TEST_14721,5
TEST_3115,5
TEST_14300,5
TEST_17057,5
TEST_6817,5
TEST_20604,5
TEST_13859,5
TEST_362,5
TEST_20419,5
TEST_22645,5
TEST_26290,5
TEST_8357,5
TEST_1252,5
TEST_15155,5
TEST_10826,5
TEST_15421,5
TEST_28346,5
TEST_28905,5
TEST_21688,5
TEST_29219,5
TEST_7552,5
TEST_4021,5
TEST_14846,5
TEST_10626,5
TEST_25959,5
TEST_19862,5
TEST_24516,5
TEST_24348,5
TEST_11219,5
TEST_16304,5
TEST_13933,5
TEST_6456,5
TEST_26451,5
TEST_7112,5
TEST_18038,5
TEST_12090,5
TEST_22303,5
TEST_23442,5
TEST_5770,5
TEST_15302,5
TEST_8063,5
TEST_13204,5
TEST_2453,5
TEST_29834,5
TEST_26176,5
TEST_10549,5
TEST_18239,5
TEST_13692,5
TEST_20095,5
TEST_15191,5
TEST_9538,5
TEST_15467,5
TEST_4994,5
TEST_20608,5
TEST_29150,5
TEST_2110,5
TEST_2933,5
TEST_28552,5
TEST_26124,5
TEST_5062,5
TEST_9216,5
TEST_13749,5
TEST_17490,5
TEST_18009,5
TEST_20728,5
TEST_16299,5
TEST_24863,5
TEST_19201,5
TEST_1096,5
TEST_21227,5
TEST_26699,5
TEST_18110,5
TEST_18564,5
TEST_9111,5
TEST_17423,5
TEST_22283,5
TEST_994,5
TEST_17765,5
TEST_3836,5
TEST_19723,5
TEST_2241,5
TEST_16136,5
TEST_6226,5
TEST_23755,5
TEST_1127,5
TEST_26321,5
TEST_2064,5
TEST_26983,5
TEST_12548,5
TEST_24810,5
TEST_24138,5
TEST_16799,5
TEST_9861,5
TEST_29385,5
TEST_17158,5
TEST_805,5
TEST_22187,5
TEST_25924,5
TEST_18428,5
TEST_100,5
TEST_23721,5
TEST_15776,5
TEST_10014,5
TEST_15884,5
TEST_6208,5
TEST_29902,5
TEST_3518,5
TEST_24361,5
TEST_20397,5
TEST_6511,5
TEST_22361,5
TEST_26012,5
TEST_1296,5
TEST_4406,5
TEST_1710,5
TEST_5854,5
TEST_15285,5
TEST_26677,5
TEST_7286,5
TEST_8388,5
TEST_20897,5
TEST_19901,5
TEST_14484,5
TEST_22891,5
TEST_14183,5
TEST_22023,5
TEST_21969,5
TEST_15647,5
TEST_12480,5
TEST_17445,5
TEST_23907,5
TEST_26627,5
TEST_23776,5
TEST_7321,5
TEST_27939,5
TEST_6498,5
TEST_10273,5
TEST_26447,5
TEST_13309,5
TEST_15358,5
TEST_20091,5
TEST_28957,5
TEST_12803,5
TEST_2079,5
TEST_23256,5
TEST_3179,5
TEST_3577,5
TEST_8447,5
TEST_25568,5
TEST_7256,5
TEST_15876,5
TEST_14822,5
TEST_16381,5
TEST_11749,5
TEST_2947,5
TEST_17302,5
TEST_16557,5
TEST_9586,5
TEST_25606,5
TEST_5645,5
TEST_6445,5
TEST_18712,5
TEST_3753,5
TEST_20011,5
TEST_16598,5
TEST_9602,5
TEST_22641,5
TEST_20537,5
TEST_22354,5
TEST_26601,5
TEST_26494,5
TEST_1916,5
TEST_17538,5
TEST_21862,5
TEST_8248,5
TEST_12361,5
TEST_2126,5
TEST_27184,5
TEST_16040,5
TEST_9890,5
TEST_19007,5
TEST_14699,5
TEST_13197,5
TEST_9454,5
TEST_24782,5
TEST_24725,5
TEST_3163,5
TEST_9807,5
TEST_27214,5
TEST_27957,5
TEST_27642,5
TEST_7575,5
TEST_2717,5
TEST_7790,5
TEST_27,5
TEST_159,5
TEST_18922,5
TEST_10636,5
TEST_4652,5
TEST_20902,5
TEST_9631,5
TEST_16240,5
TEST_23174,5
TEST_10821,5
TEST_16643,5
TEST_19624,5
TEST_9659,5
TEST_29611,5
TEST_15505,5
TEST_15305,5
TEST_6730,5
TEST_29189,5
TEST_11058,5
TEST_18662,5
TEST_28924,5
TEST_23654,5
TEST_19749,5
TEST_4184,5
TEST_13178,5
TEST_6136,5
TEST_26895,5
TEST_29607,5
TEST_20288,5
TEST_9442,5
TEST_16980,5
TEST_23518,5
TEST_26419,5
TEST_10112,5
TEST_28394,5
TEST_27653,5
TEST_17416,5
TEST_29141,5
TEST_25172,5
TEST_14849,5
TEST_20096,5
TEST_27566,5
TEST_9568,5
TEST_14606,5
TEST_22440,5
TEST_14256,5
TEST_13387,5
TEST_27962,5
TEST_26354,5
TEST_20012,5
TEST_20456,5
TEST_4057,5
TEST_28922,5
TEST_20531,5
TEST_17951,5
TEST_19821,5
TEST_16057,5
TEST_13902,5
TEST_19843,5
TEST_26531,5
TEST_20950,5
TEST_25022,5
TEST_24044,5
TEST_12300,5
TEST_1358,5
TEST_27941,5
TEST_12812,5
TEST_25015,5
TEST_13677,5
TEST_19305,5
TEST_3357,5
TEST_26638,5
TEST_1875,5
TEST_25635,5
TEST_3988,5
TEST_23862,5
TEST_9755,5
TEST_15242,5
TEST_17671,5
TEST_20995,5
TEST_19243,5
TEST_29020,5
TEST_16332,5
TEST_23953,5
TEST_28848,5
TEST_1364,5
TEST_24061,5
TEST_13710,5
TEST_10118,5
TEST_28072,5
TEST_14254,5
TEST_1517,5
TEST_18449,5
TEST_19380,5
TEST_24632,5
TEST_864,5
TEST_3845,5
TEST_12864,5
TEST_18304,5
TEST_5290,5
TEST_23614,5
TEST_3104,5
TEST_10948,5
TEST_11252,5
TEST_2574,5
TEST_23483,5
TEST_26721,5
TEST_24954,5
TEST_17818,5
TEST_6821,5
TEST_8119,5
TEST_5793,5
TEST_6543,5
TEST_20876,5
TEST_14638,5
TEST_15684,5
TEST_14025,5
TEST_11231,5
TEST_28538,5
TEST_27573,5
TEST_27486,5
TEST_13509,5
TEST_1752,5
TEST_27801,5
TEST_17821,5
TEST_6704,5
TEST_24638,5
TEST_15424,5
TEST_13602,5
TEST_20142,5
TEST_29309,5
TEST_23398,5
TEST_11752,5
TEST_27025,5
TEST_29526,5
TEST_1615,5
TEST_13105,5
TEST_13298,5
TEST_5259,5
TEST_17713,5
TEST_11511,5
TEST_9862,5
TEST_9039,5
TEST_5926,5
TEST_19548,5
TEST_4848,5
TEST_6727,5
TEST_7172,5
TEST_28663,5
TEST_7682,5
TEST_1000,5
TEST_1273,5
TEST_11180,5
TEST_5167,5
TEST_14678,5
TEST_24851,5
TEST_16074,5
TEST_9222,5
TEST_19114,5
TEST_2031,5
TEST_16075,5
TEST_10574,5
TEST_25655,5
TEST_7127,5
TEST_17937,5
TEST_21598,5
TEST_1114,5
TEST_8070,5
TEST_8087,5
TEST_27440,5
TEST_27740,5
TEST_28754,5
TEST_9068,5
TEST_3623,5
TEST_8937,5
TEST_19216,5
TEST_28639,5
TEST_20496,5
TEST_9787,5
TEST_7052,5
TEST_22462,5
TEST_10277,5
TEST_14989,5
TEST_6580,5
TEST_2265,5
TEST_27337,5
TEST_26184,5
TEST_13943,5
TEST_27278,5
TEST_7868,5
TEST_16464,5
TEST_25716,5
TEST_28123,5
TEST_24662,5
TEST_24827,5
TEST_11759,5
TEST_12331,5
TEST_6248,5
TEST_20735,5
TEST_28347,5
TEST_1023,5
TEST_19939,5
TEST_26733,5
TEST_25104,5
TEST_19336,5
TEST_22711,5
TEST_29922,5
TEST_5279,5
TEST_7447,5
TEST_26442,5
TEST_4851,5
TEST_14412,5
TEST_28676,5
TEST_28779,5
TEST_24425,5
TEST_1628,5
TEST_11365,5
TEST_29983,5
TEST_25300,5
TEST_7597,5
TEST_9534,5
TEST_10949,5
TEST_26104,5
TEST_26911,5
TEST_2233,5
TEST_9299,5
TEST_21782,5
TEST_1818,5
TEST_8219,5
TEST_20993,5
TEST_24258,5
TEST_27231,5
TEST_13300,5
TEST_26341,5
TEST_4566,5
TEST_12584,5
TEST_12355,5
TEST_6846,5
TEST_20416,5
TEST_18908,5
TEST_357,5
TEST_29451,5
TEST_2166,5
TEST_16962,5
TEST_6816,5
TEST_21029,5
TEST_16444,5
TEST_3066,5
TEST_9795,5
TEST_28331,5
TEST_14520,5
TEST_23704,5
TEST_25219,5
TEST_6746,5
TEST_4951,5
TEST_10764,5
TEST_19090,5
TEST_2374,5
TEST_26377,5
TEST_23652,5
TEST_14985,5
TEST_10809,5
TEST_25611,5
TEST_23316,5
TEST_27692,5
TEST_9389,5
TEST_27932,5
TEST_7750,5
TEST_16025,5
TEST_15410,5
TEST_20567,5
TEST_11351,5
TEST_21245,5
TEST_23382,5
TEST_28485,5
TEST_21322,5
TEST_26533,5
TEST_23273,5
TEST_3805,5
TEST_29304,5
TEST_12243,5
TEST_3501,5
TEST_19200,5
TEST_28793,5
TEST_26121,5
TEST_5621,5
TEST_14157,5
TEST_27555,5
TEST_14874,5
TEST_14039,5
TEST_14824,5
TEST_340,5
TEST_8743,5
TEST_18800,5
TEST_8622,5
TEST_29668,5
TEST_12958,5
TEST_3174,5
TEST_12066,5
TEST_15974,5
TEST_4816,5
TEST_26203,5
TEST_1774,5
TEST_10181,5
TEST_12906,5
TEST_5872,5
TEST_25843,5
TEST_3053,5
TEST_26068,5
TEST_4909,5
TEST_2137,5
TEST_9136,5
TEST_15027,5
TEST_29507,5
TEST_6125,5
TEST_19087,5
TEST_19866,5
TEST_3161,5
TEST_8057,5
TEST_10656,5
TEST_27681,5
TEST_5585,5
TEST_6217,5
TEST_22062,5
TEST_27991,5
TEST_29714,5
TEST_13961,5
TEST_21999,5
TEST_11221,5
TEST_1575,5
TEST_13272,5
TEST_29773,5
TEST_25955,5
TEST_17828,5
TEST_21978,5
TEST_7998,5
TEST_4424,5
TEST_16766,5
TEST_6199,5
TEST_28533,5
TEST_10543,5
TEST_22404,5
TEST_10105,5
TEST_9819,5
TEST_26202,5
TEST_20602,5
TEST_797,5
TEST_5828,5
TEST_19677,5
TEST_16115,5
TEST_24217,5
TEST_17392,5
TEST_3543,5
TEST_19162,5
TEST_6117,5
TEST_15094,5
TEST_22748,5
TEST_14165,5
TEST_4064,5
TEST_26232,5
TEST_9161,5
TEST_11813,5
TEST_1093,5
TEST_20150,5
TEST_11303,5
TEST_22838,5
TEST_13544,5
TEST_3579,5
TEST_3681,5
TEST_21098,5
TEST_10977,5
TEST_18998,5
TEST_3710,5
TEST_12763,5
TEST_12824,5
TEST_713,5
TEST_27683,5
TEST_21083,5
TEST_5564,5
TEST_12167,5
TEST_3532,5
TEST_6368,5
TEST_4044,5
TEST_14576,5
TEST_11986,5
TEST_29073,5
TEST_26885,5
TEST_23415,5
TEST_23836,5
TEST_2872,5
TEST_18086,5
TEST_19487,5
TEST_5322,5
TEST_24083,5
TEST_29871,5
TEST_17889,5
TEST_20648,5
TEST_29878,5
TEST_18476,5
TEST_22435,5
TEST_2891,5
TEST_11167,5
TEST_8583,5
TEST_21867,5
TEST_3061,5
TEST_24140,5
TEST_13318,5
TEST_17547,5
TEST_16847,5
TEST_5182,5
TEST_1558,5
TEST_29071,5
TEST_20337,5
TEST_16372,5
TEST_23777,5
TEST_20153,5
TEST_26723,5
TEST_17691,5
TEST_30,5
TEST_1552,5
TEST_14632,5
TEST_8302,5
TEST_26991,5
TEST_1801,5
TEST_18673,5
TEST_21650,5
TEST_23717,5
TEST_19361,5
TEST_5784,5
TEST_9932,5
TEST_29622,5
TEST_9175,5
TEST_2220,5
TEST_19263,5
TEST_7606,5
TEST_27003,5
TEST_11842,5
TEST_8225,5
TEST_22016,5
TEST_7409,5
TEST_1233,5
TEST_23227,5
TEST_3304,5
TEST_9802,5
TEST_9616,5
TEST_16805,5
TEST_21802,5
TEST_26764,5
TEST_4017,5
TEST_19170,5
TEST_4610,5
TEST_24774,5
TEST_22715,5
TEST_6825,5
TEST_6304,5
TEST_6993,5
TEST_24125,5
TEST_15519,5
TEST_6267,5
TEST_136,5
TEST_17948,5
TEST_16565,5
TEST_11332,5
TEST_12125,5
TEST_5918,5
TEST_16819,5
TEST_27379,5
TEST_7058,5
TEST_16813,5
TEST_21686,5
TEST_10872,5
TEST_10576,5
TEST_2375,5
TEST_26008,5
TEST_4898,5
TEST_480,5
TEST_2705,5
TEST_19781,5
TEST_11352,5
TEST_27114,5
TEST_8514,5
TEST_21823,5
TEST_3958,5
TEST_14856,5
TEST_20829,5
TEST_27757,5
TEST_23103,5
TEST_2632,5
TEST_26925,5
TEST_3749,5
TEST_8054,5
TEST_11226,5
TEST_4664,5
TEST_6483,5
TEST_22967,5
TEST_29549,5
TEST_20687,5
TEST_26930,5
TEST_22922,5
TEST_10651,5
TEST_4885,5
TEST_12379,5
TEST_4000,5
TEST_27810,5
TEST_12392,5
TEST_20722,5
TEST_24141,5
TEST_26819,5
TEST_15077,5
TEST_3491,5
TEST_13845,5
TEST_25192,5
TEST_19857,5
TEST_1874,5
TEST_26997,5
TEST_26780,5
TEST_5765,5
TEST_12453,5
TEST_24540,5
TEST_15189,5
TEST_9199,5
TEST_19208,5
TEST_23665,5
TEST_8179,5
TEST_29374,5
TEST_4344,5
TEST_18136,5
TEST_12760,5
TEST_15133,5
TEST_14200,5
TEST_18149,5
TEST_26215,5
TEST_26714,5
TEST_2866,5
TEST_29870,5
TEST_5681,5
TEST_20361,5
TEST_5236,5
TEST_27635,5
TEST_19450,5
TEST_24024,5
TEST_4655,5
TEST_24029,5
TEST_19815,5
TEST_18016,5
TEST_20580,5
TEST_18044,5
TEST_13938,5
TEST_23400,5
TEST_18179,5
TEST_9769,5
TEST_7178,5
TEST_2804,5
TEST_27521,5
TEST_11708,5
TEST_8664,5
TEST_24931,5
TEST_22318,5
TEST_18140,5
TEST_24572,5
TEST_11472,5
TEST_14891,5
TEST_1010,5
TEST_12496,5
TEST_3142,5
TEST_15651,5
TEST_26904,5
TEST_10120,5
TEST_10524,5
TEST_13136,5
TEST_14176,5
TEST_28804,5
TEST_11914,5
TEST_17360,5
TEST_3855,5
TEST_28504,5
TEST_19316,5
TEST_11478,5
TEST_21243,5
TEST_3757,5
TEST_26823,5
TEST_10371,5
TEST_28139,5
TEST_24413,5
TEST_7709,5
TEST_4415,5
TEST_11076,5
TEST_14125,5
TEST_2805,5
TEST_10974,5
TEST_17071,5
TEST_13147,5
TEST_1943,5
TEST_13735,5
TEST_17411,5
TEST_1505,5
TEST_10767,5
TEST_20013,5
TEST_25723,5
TEST_28254,5
TEST_26674,5
TEST_8704,5
TEST_26786,5
TEST_25241,5
TEST_11385,5
TEST_22915,5
TEST_18685,5
TEST_26935,5
TEST_29678,5
TEST_8912,5
TEST_18603,5
TEST_3052,5
TEST_5519,5
TEST_2132,5
TEST_27392,5
TEST_19112,5
TEST_21939,5
TEST_9263,5
TEST_22377,5
TEST_2504,5
TEST_15946,5
TEST_23961,5
TEST_23034,5
TEST_6905,5
TEST_13850,5
TEST_28232,5
TEST_26255,5
TEST_15253,5
TEST_1319,5
TEST_12014,5
TEST_16340,5
TEST_25168,5
TEST_4075,5
TEST_14958,5
TEST_14912,5
TEST_17199,5
TEST_19522,5
TEST_7844,5
TEST_2965,5
TEST_15161,5
TEST_29715,5
TEST_9332,5
TEST_2135,5
TEST_26431,5
TEST_4555,5
TEST_29157,5
TEST_8156,5
TEST_1925,5
TEST_856,5
TEST_4734,5
TEST_22507,5
TEST_12798,5
TEST_14751,5
TEST_22189,5
TEST_26284,5
TEST_8815,5
TEST_28840,5
TEST_4810,5
TEST_28956,5
TEST_20649,5
TEST_23141,5
TEST_12207,5
TEST_4587,5
TEST_9376,5
TEST_5517,5
TEST_1011,5
TEST_29500,5
TEST_25560,5
TEST_29302,5
TEST_6509,5
TEST_18425,5
TEST_9920,5
TEST_18785,5
TEST_22945,5
TEST_9937,5
TEST_27292,5
TEST_28007,5
TEST_14972,5
TEST_28194,5
TEST_29498,5
TEST_21965,5
TEST_21521,5
TEST_29959,5
TEST_2619,5
TEST_13383,5
TEST_3938,5
TEST_24736,5
TEST_12514,5
TEST_19456,5
TEST_17439,5
TEST_14525,5
TEST_18856,5
TEST_12795,5
TEST_19998,5
TEST_295,5
TEST_11876,5
TEST_11271,5
TEST_15174,5
TEST_10384,5
TEST_15621,5
TEST_19765,5
TEST_470,5
TEST_3393,5
TEST_20359,5
TEST_5380,5
TEST_17963,5
TEST_2725,5
TEST_26511,5
TEST_11896,5
TEST_19163,5
TEST_13584,5
TEST_23604,5
TEST_24848,5
TEST_12035,5
TEST_3947,5
TEST_25943,5
TEST_21344,5
TEST_27178,5
TEST_8752,5
TEST_20249,5
TEST_19329,5
TEST_19960,5
TEST_27689,5
TEST_12686,5
TEST_23749,5
TEST_25341,5
TEST_5771,5
TEST_11272,5
TEST_392,5
TEST_26622,5
TEST_29043,5
TEST_13550,5
TEST_15372,5
TEST_17474,5
TEST_2247,5
TEST_1406,5
TEST_19257,5
TEST_3269,5
TEST_16597,5
TEST_24846,5
TEST_11682,5
TEST_21053,5
TEST_10550,5
TEST_6410,5
TEST_917,5
TEST_27654,5
TEST_19626,5
TEST_28944,5
TEST_10057,5
TEST_28251,5
TEST_22684,5
TEST_14438,5
TEST_22193,5
TEST_2087,5
TEST_8383,5
TEST_18465,5
TEST_25091,5
TEST_15719,5
TEST_15409,5
TEST_23860,5
TEST_4808,5
TEST_9129,5
TEST_28452,5
TEST_50,5
TEST_21830,5
TEST_13529,5
TEST_14556,5
TEST_10233,5
TEST_27646,5
TEST_82,5
TEST_15042,5
TEST_24110,5
TEST_23903,5
TEST_6758,5
TEST_6935,5
TEST_11265,5
TEST_19612,5
TEST_25966,5
TEST_18355,5
TEST_10996,5
TEST_3133,5
TEST_22666,5
TEST_1012,5
TEST_29365,5
TEST_1389,5
TEST_16224,5
TEST_2009,5
TEST_28335,5
TEST_19343,5
TEST_18697,5
TEST_26949,5
TEST_20122,5
TEST_8238,5
TEST_1837,5
TEST_3302,5
TEST_8719,5
TEST_26219,5
TEST_22456,5
TEST_9010,5
TEST_26464,5
TEST_14144,5
TEST_6252,5
TEST_28053,5
TEST_16501,5
TEST_22755,5
TEST_29974,5
TEST_29560,5
TEST_10545,5
TEST_11996,5
TEST_24789,5
TEST_10667,5
TEST_26177,5
TEST_20855,5
TEST_11205,5
TEST_25590,5
TEST_25946,5
TEST_26350,5
TEST_4730,5
TEST_8231,5
TEST_26185,5
TEST_19411,5
TEST_8239,5
TEST_2907,5
TEST_27029,5
TEST_13230,5
TEST_25228,5
TEST_14119,5
TEST_29598,5
TEST_3102,5
TEST_22133,5
TEST_23368,5
TEST_1125,5
TEST_18236,5
TEST_8655,5
TEST_24089,5
TEST_16624,5
TEST_2330,5
TEST_8773,5
TEST_24580,5
TEST_14633,5
TEST_10073,5
TEST_26023,5
TEST_13972,5
TEST_20899,5
TEST_1408,5
TEST_19269,5
TEST_7371,5
TEST_25503,5
TEST_4977,5
TEST_22686,5
TEST_15243,5
TEST_3180,5
TEST_17855,5
TEST_7942,5
TEST_23418,5
TEST_21204,5
TEST_4267,5
TEST_11438,5
TEST_23588,5
TEST_21550,5
TEST_18263,5
TEST_10861,5
TEST_27883,5
TEST_11427,5
TEST_20641,5
TEST_10239,5
TEST_29788,5
TEST_17618,5
TEST_16747,5
TEST_12564,5
TEST_13430,5
TEST_24699,5
TEST_2814,5
TEST_17681,5
TEST_22270,5
TEST_14342,5
TEST_24172,5
TEST_27424,5
TEST_29263,5
TEST_2390,5
TEST_7247,5
TEST_23923,5
TEST_19715,5
TEST_25322,5
TEST_10600,5
TEST_8942,5
TEST_11907,5
TEST_24499,5
TEST_2844,5
TEST_19746,5
TEST_25666,5
TEST_23065,5
TEST_1428,5
TEST_10670,5
TEST_15800,5
TEST_25041,5
TEST_29326,5
TEST_27145,5
TEST_29697,5
TEST_20266,5
TEST_22338,5
TEST_17597,5
TEST_23890,5
TEST_8129,5
TEST_6070,5
TEST_16530,5
TEST_13626,5
TEST_21030,5
TEST_26315,5
TEST_7770,5
TEST_12365,5
TEST_2540,5
TEST_27761,5
TEST_20231,5
TEST_21235,5
TEST_6560,5
TEST_11090,5
TEST_24127,5
TEST_14104,5
TEST_12631,5
TEST_22138,5
TEST_2889,5
TEST_6019,5
TEST_17035,5
TEST_1219,5
TEST_2124,5
TEST_26959,5
TEST_10644,5
TEST_8210,5
TEST_1073,5
TEST_26850,5
TEST_21025,5
TEST_12544,5
TEST_17715,5
TEST_14191,5
TEST_1850,5
TEST_16258,5
TEST_17936,5
TEST_28897,5
TEST_19609,5
TEST_4127,5
TEST_23184,5
TEST_23387,5
TEST_19652,5
TEST_29221,5
TEST_688,5
TEST_2707,5
TEST_13592,5
TEST_7737,5
TEST_14850,5
TEST_18973,5
TEST_25981,5
TEST_24187,5
TEST_7959,5
TEST_17960,5
TEST_13939,5
TEST_19558,5
TEST_185,5
TEST_17451,5
TEST_7814,5
TEST_8080,5
TEST_955,5
TEST_29601,5
TEST_1131,5
TEST_6573,5
TEST_21723,5
TEST_26554,5
TEST_1318,5
TEST_18326,5
TEST_27673,5
TEST_13171,5
TEST_6712,5
TEST_17551,5
TEST_20100,5
TEST_11947,5
TEST_6468,5
TEST_25312,5
TEST_16708,5
TEST_2416,5
TEST_15563,5
TEST_25368,5
TEST_29636,5
TEST_13802,5
TEST_11685,5
TEST_8218,5
TEST_13697,5
TEST_6137,5
TEST_9577,5
TEST_15298,5
TEST_23555,5
TEST_10171,5
TEST_14203,5
TEST_14955,5
TEST_4124,5
TEST_9867,5
TEST_26900,5
TEST_29999,5
TEST_12540,5
TEST_24468,5
TEST_15672,5
TEST_25256,5
TEST_21401,5
TEST_6090,5
TEST_20195,5
TEST_7283,5
TEST_21737,5
TEST_14190,5
TEST_7849,5
TEST_14720,5
TEST_13081,5
TEST_12393,5
TEST_16308,5
TEST_6559,5
TEST_13035,5
TEST_25194,5
TEST_10853,5
TEST_8281,5
TEST_21345,5
TEST_23643,5
TEST_14393,5
TEST_5127,5
TEST_29587,5
TEST_11950,5
TEST_17649,5
TEST_323,5
TEST_19104,5
TEST_2694,5
TEST_9482,5
TEST_12339,5
TEST_85,5
TEST_22029,5
TEST_493,5
TEST_22216,5
TEST_17266,5
TEST_17883,5
TEST_8398,5
TEST_735,5
TEST_22229,5
TEST_4214,5
TEST_10146,5
TEST_692,5
TEST_19867,5
TEST_11681,5
TEST_12569,5
TEST_1175,5
TEST_10863,5
TEST_2702,5
TEST_24171,5
TEST_17184,5
TEST_24090,5
TEST_18400,5
TEST_8411,5
TEST_27735,5
TEST_15318,5
TEST_2478,5
TEST_21606,5
TEST_26538,5
TEST_7808,5
TEST_23295,5
TEST_16417,5
TEST_18790,5
TEST_16944,5
TEST_27691,5
TEST_21783,5
TEST_26143,5
TEST_8181,5
TEST_14936,5
TEST_8503,5
TEST_29799,5
TEST_3279,5
TEST_12412,5
TEST_177,5
TEST_8162,5
TEST_22431,5
TEST_3248,5
TEST_2359,5
TEST_7111,5
TEST_11977,5
TEST_10169,5
TEST_12680,5
TEST_22117,5
TEST_6924,5
TEST_21209,5
TEST_2998,5
TEST_5221,5
TEST_28896,5
TEST_11558,5
TEST_16942,5
TEST_29807,5
TEST_3801,5
TEST_6627,5
TEST_10810,5
TEST_27499,5
TEST_8002,5
TEST_12203,5
TEST_953,5
TEST_13864,5
TEST_3739,5
TEST_1298,5
TEST_4135,5
TEST_3585,5
TEST_21770,5
TEST_10110,5
TEST_2145,5
TEST_27768,5
TEST_16915,5
TEST_27666,5
TEST_26862,5
TEST_4361,5
TEST_101,5
TEST_4959,5
TEST_16365,5
TEST_19260,5
TEST_940,5
TEST_7698,5
TEST_7797,5
TEST_8254,5
TEST_17291,5
TEST_17450,5
TEST_13227,5
TEST_23003,5
TEST_17891,5
TEST_16690,5
TEST_3531,5
TEST_8651,5
TEST_18477,5
TEST_23498,5
TEST_20631,5
TEST_28055,5
TEST_27460,5
TEST_25978,5
TEST_1782,5
TEST_13167,5
TEST_18493,5
TEST_29064,5
TEST_9521,5
TEST_19327,5
TEST_8245,5
TEST_19294,5
TEST_24902,5
TEST_292,5
TEST_258,5
TEST_14598,5
TEST_19262,5
TEST_18766,5
TEST_16475,5
TEST_24444,5
TEST_18443,5
TEST_23666,5
TEST_27176,5
TEST_19481,5
TEST_23818,5
TEST_25074,5
TEST_22182,5
TEST_13455,5
TEST_1934,5
TEST_15558,5
TEST_718,5
TEST_7629,5
TEST_5641,5
TEST_5095,5
TEST_9185,5
TEST_28313,5
TEST_24887,5
TEST_12690,5
TEST_19656,5
TEST_27441,5
TEST_16000,5
TEST_19374,5
TEST_15244,5
TEST_18927,5
TEST_17447,5
TEST_8909,5
TEST_423,5
TEST_15264,5
TEST_22538,5
TEST_7036,5
TEST_17636,5
TEST_13505,5
TEST_27481,5
TEST_19549,5
TEST_10859,5
TEST_2001,5
TEST_28233,5
TEST_15342,5
TEST_3224,5
TEST_1933,5
TEST_19368,5
TEST_5570,5
TEST_1522,5
TEST_7320,5
TEST_28686,5
TEST_17223,5
TEST_13903,5
TEST_2834,5
TEST_15261,5
TEST_24995,5
TEST_12440,5
TEST_15845,5
TEST_4574,5
TEST_19919,5
TEST_26617,5
TEST_13708,5
TEST_14281,5
TEST_21928,5
TEST_18026,5
TEST_28916,5
TEST_391,5
TEST_7603,5
TEST_26910,5
TEST_29475,5
TEST_3788,5
TEST_13701,5
TEST_28860,5
TEST_23803,5
TEST_26549,5
TEST_5515,5
TEST_242,5
TEST_27162,5
TEST_843,5
TEST_7601,5
TEST_14434,5
TEST_4047,5
TEST_1643,5
TEST_9777,5
TEST_15628,5
TEST_21220,5
TEST_24331,5
TEST_4149,5
TEST_6547,5
TEST_11368,5
TEST_13114,5
TEST_11210,5
TEST_4087,5
TEST_23968,5
TEST_5092,5
TEST_11836,5
TEST_16827,5
TEST_15765,5
TEST_2858,5
TEST_4538,5
TEST_22678,5
TEST_11326,5
TEST_12028,5
TEST_12189,5
TEST_26619,5
TEST_28739,5
TEST_4609,5
TEST_9452,5
TEST_7401,5
TEST_5385,5
TEST_19925,5
TEST_10957,5
TEST_6160,5
TEST_15686,5
TEST_6452,5
TEST_28303,5
TEST_24398,5
TEST_19273,5
TEST_8043,5
TEST_7508,5
TEST_22252,5
TEST_6638,5
TEST_20858,5
TEST_25746,5
TEST_29604,5
TEST_8417,5
TEST_19190,5
TEST_27403,5
TEST_21488,5
TEST_8527,5
TEST_3548,5
TEST_19921,5
TEST_5721,5
TEST_10918,5
TEST_9271,5
TEST_12405,5
TEST_18596,5
TEST_18597,5
TEST_24777,5
TEST_16045,5
TEST_23153,5
TEST_8183,5
TEST_1676,5
TEST_24173,5
TEST_833,5
TEST_19011,5
TEST_19577,5
TEST_10116,5
TEST_15460,5
TEST_5140,5
TEST_26575,5
TEST_20974,5
TEST_25136,5
TEST_27522,5
TEST_25990,5
TEST_9522,5
TEST_2252,5
TEST_28108,5
TEST_23020,5
TEST_13113,5
TEST_21493,5
TEST_8012,5
TEST_17478,5
TEST_29545,5
TEST_19356,5
TEST_12286,5
TEST_4923,5
TEST_18853,5
TEST_10682,5
TEST_15833,5
TEST_11955,5
TEST_23334,5
TEST_1115,5
TEST_16586,5
TEST_19469,5
TEST_20375,5
TEST_7543,5
TEST_7005,5
TEST_23972,5
TEST_21415,5
TEST_3651,5
TEST_7435,5
TEST_25819,5
TEST_1486,5
TEST_23976,5
TEST_16166,5
TEST_16253,5
TEST_20851,5
TEST_15152,5
TEST_21058,5
TEST_21418,5
TEST_25317,5
TEST_4154,5
TEST_1316,5
TEST_1310,5
TEST_21446,5
TEST_12888,5
TEST_12743,5
TEST_3122,5
TEST_2322,5
TEST_10749,5
TEST_21465,5
TEST_26576,5
TEST_16395,5
TEST_4862,5
TEST_10468,5
TEST_23175,5
TEST_11562,5
TEST_26300,5
TEST_4945,5
TEST_11397,5
TEST_16583,5
TEST_14919,5
TEST_29361,5
TEST_29355,5
TEST_22636,5
TEST_28098,5
TEST_11605,5
TEST_22962,5
TEST_13568,5
TEST_24396,5
TEST_4222,5
TEST_338,5
TEST_12260,5
TEST_14582,5
TEST_5176,5
TEST_202,5
TEST_20378,5
TEST_4170,5
TEST_3130,5
TEST_7424,5
TEST_27421,5
TEST_4850,5
TEST_27370,5
TEST_25675,5
TEST_726,5
TEST_23711,5
TEST_29763,5
TEST_15888,5
TEST_17593,5
TEST_3059,5
TEST_6837,5
TEST_2356,5
TEST_10860,5
TEST_14636,5
TEST_29228,5
TEST_16321,5
TEST_28465,5
TEST_11038,5
TEST_27208,5
TEST_1691,5
TEST_19289,5
TEST_24069,5
TEST_22072,5
TEST_4483,5
TEST_18942,5
TEST_26079,5
TEST_26818,5
TEST_28026,5
TEST_22904,5
TEST_25270,5
TEST_7501,5
TEST_8472,5
TEST_2465,5
TEST_5971,5
TEST_1339,5
TEST_13246,5
TEST_12063,5
TEST_21103,5
TEST_7335,5
TEST_2920,5
TEST_21407,5
TEST_6724,5
TEST_25738,5
TEST_16474,5
TEST_12517,5
TEST_11111,5
TEST_24666,5
TEST_25626,5
TEST_26483,5
TEST_27919,5
TEST_20032,5
TEST_23182,5
TEST_3949,5
TEST_26239,5
TEST_18423,5
TEST_4198,5
TEST_6130,5
TEST_4016,5
TEST_27287,5
TEST_7864,5
TEST_8995,5
TEST_14426,5
TEST_7965,5
TEST_27645,5
TEST_6480,5
TEST_27868,5
TEST_15999,5
TEST_24512,5
TEST_3711,5
TEST_18104,5
TEST_26460,5
TEST_25573,5
TEST_25670,5
TEST_22319,5
TEST_5474,5
TEST_15622,5
TEST_7169,5
TEST_23091,5
TEST_17915,5
TEST_15086,5
TEST_2274,5
TEST_28396,5
TEST_7899,5
TEST_615,5
TEST_3654,5
TEST_1736,5
TEST_4078,5
TEST_20936,5
TEST_17218,5
TEST_8554,5
TEST_14374,5
TEST_15484,5
TEST_5597,5
TEST_27279,5
TEST_14054,5
TEST_25668,5
TEST_18434,5
TEST_8049,5
TEST_14240,5
TEST_21637,5
TEST_3980,5
TEST_16679,5
TEST_4542,5
TEST_28634,5
TEST_7950,5
TEST_29957,5
TEST_27221,5
TEST_8926,5
TEST_22956,5
TEST_17117,5
TEST_5319,5
TEST_13582,5
TEST_11962,5
TEST_18171,5
TEST_17064,5
TEST_6678,5
TEST_25965,5
TEST_22477,5
TEST_17556,5
TEST_14685,5
TEST_16440,5
TEST_21140,5
TEST_1476,5
TEST_26002,5
TEST_12957,5
TEST_20723,5
TEST_22214,5
TEST_3959,5
TEST_19226,5
TEST_5438,5
TEST_27097,5
TEST_28678,5
TEST_15891,5
TEST_25582,5
TEST_20621,5
TEST_10912,5
TEST_28523,5
TEST_23330,5
TEST_2071,5
TEST_7093,5
TEST_22737,5
TEST_25697,5
TEST_11181,5
TEST_7647,5
TEST_4342,5
TEST_19348,5
TEST_18624,5
TEST_15121,5
TEST_26267,5
TEST_27103,5
TEST_12380,5
TEST_14489,5
TEST_28312,5
TEST_5282,5
TEST_5252,5
TEST_13875,5
TEST_26657,5
TEST_27589,5
TEST_20301,5
TEST_24483,5
TEST_13345,5
TEST_2288,5
TEST_15275,5
TEST_12749,5
TEST_14214,5
TEST_26558,5
TEST_25158,5
TEST_25873,5
TEST_7624,5
TEST_28321,5
TEST_13554,5
TEST_22293,5
TEST_11376,5
TEST_9434,5
TEST_4760,5
TEST_21953,5
TEST_24247,5
TEST_28322,5
TEST_1120,5
TEST_2337,5
TEST_20447,5
TEST_8175,5
TEST_28074,5
TEST_1295,5
TEST_29045,5
TEST_14938,5
TEST_20393,5
TEST_279,5
TEST_27769,5
TEST_1712,5
TEST_1430,5
TEST_19317,5
TEST_15413,5
TEST_22535,5
TEST_19734,5
TEST_24520,5
TEST_11931,5
TEST_21644,5
TEST_6365,5
TEST_7945,5
TEST_11380,5
TEST_26395,5
TEST_26403,5
TEST_28679,5
TEST_5796,5
TEST_18747,5
TEST_11344,5
TEST_25396,5
TEST_8629,5
TEST_17358,5
TEST_22332,5
TEST_22382,5
TEST_19978,5
TEST_12370,5
TEST_23123,5
TEST_4479,5
TEST_13350,5
TEST_17940,5
TEST_2193,5
TEST_7227,5
TEST_12639,5
TEST_16094,5
TEST_1611,5
TEST_17077,5
TEST_24420,5
TEST_3978,5
TEST_19144,5
TEST_29287,5
TEST_16280,5
TEST_24821,5
TEST_26563,5
TEST_24121,5
TEST_18623,5
TEST_27283,5
TEST_1997,5
TEST_16351,5
TEST_1222,5
TEST_19193,5
TEST_20429,5
TEST_28175,5
TEST_13565,5
TEST_9670,5
TEST_9072,5
TEST_18457,5
TEST_22196,5
TEST_3140,5
TEST_22834,5
TEST_23702,5
TEST_24441,5
TEST_5106,5
TEST_12215,5
TEST_20596,5
TEST_27091,5
TEST_1419,5
TEST_3404,5
TEST_28937,5
TEST_21139,5
TEST_18272,5
TEST_646,5
TEST_685,5
TEST_26728,5
TEST_13440,5
TEST_18871,5
TEST_21664,5
TEST_20588,5
TEST_166,5
TEST_11492,5
TEST_670,5
TEST_12932,5
TEST_28078,5
TEST_3973,5
TEST_16106,5
TEST_5949,5
TEST_19287,5
TEST_21557,5
TEST_17553,5
TEST_5459,5
TEST_27466,5
TEST_9350,5
TEST_13503,5
TEST_586,5
TEST_14863,5
TEST_11009,5
TEST_19092,5
TEST_14862,5
TEST_1840,5
TEST_27341,5
TEST_5787,5
TEST_15899,5
TEST_4679,5
TEST_12943,5
TEST_18792,5
TEST_3760,5
TEST_16256,5
TEST_28472,5
TEST_12161,5
TEST_5377,5
TEST_9910,5
TEST_21290,5
TEST_24686,5
TEST_20718,5
TEST_7891,5
TEST_19259,5
TEST_1877,5
TEST_26090,5
TEST_27884,5
TEST_13129,5
TEST_1564,5
TEST_26990,5
TEST_17110,5
TEST_11676,5
TEST_27059,5
TEST_14622,5
TEST_19422,5
TEST_19793,5
TEST_4073,5
TEST_10618,5
TEST_10301,5
TEST_18316,5
TEST_20148,5
TEST_12123,5
TEST_18141,5
TEST_28421,5
TEST_17973,5
TEST_27818,5
TEST_24511,5
TEST_1980,5
TEST_14926,5
TEST_24745,5
TEST_24338,5
TEST_21883,5
TEST_18499,5
TEST_7700,5
TEST_5109,5
TEST_15909,5
TEST_14515,5
TEST_6331,5
TEST_20515,5
TEST_18485,5
TEST_27215,5
TEST_330,5
TEST_14330,5
TEST_15373,5
TEST_25284,5
TEST_29809,5
TEST_7298,5
TEST_28167,5
TEST_13947,5
TEST_11246,5
TEST_15936,5
TEST_29311,5
TEST_21626,5
TEST_22102,5
TEST_24807,5
TEST_10596,5
TEST_20799,5
TEST_1703,5
TEST_10473,5
TEST_18198,5
TEST_22011,5
TEST_26149,5
TEST_1890,5
TEST_19452,5
TEST_28842,5
TEST_24503,5
TEST_27800,5
TEST_720,5
TEST_11304,5
TEST_1246,5
TEST_18813,5
TEST_11363,5
TEST_23365,5
TEST_28121,5
TEST_24353,5
TEST_379,5
TEST_13416,5
TEST_22994,5
TEST_8316,5
TEST_9956,5
TEST_17208,5
TEST_14325,5
TEST_13874,5
TEST_22971,5
TEST_8885,5
TEST_2313,5
TEST_23472,5
TEST_27543,5
TEST_9707,5
TEST_6895,5
TEST_12582,5
TEST_20713,5
TEST_23561,5
TEST_27313,5
TEST_20497,5
TEST_11865,5
TEST_7870,5
TEST_10943,5
TEST_15069,5
TEST_11547,5
TEST_26025,5
TEST_14136,5
TEST_13283,5
TEST_27744,5
TEST_20169,5
TEST_22131,5
TEST_15367,5
TEST_3106,5
TEST_7696,5
TEST_5538,5
TEST_27022,5
TEST_7509,5
TEST_17206,5
TEST_11391,5
TEST_9743,5
TEST_24390,5
TEST_6133,5
TEST_25725,5
TEST_21225,5
TEST_25085,5
TEST_5201,5
TEST_21136,5
TEST_13589,5
TEST_3776,5
TEST_27508,5
TEST_11988,5
TEST_6655,5
TEST_16170,5
TEST_24202,5
TEST_29133,5
TEST_4854,5
TEST_5956,5
TEST_2522,5
TEST_315,5
TEST_9479,5
TEST_7589,5
TEST_10647,5
TEST_25747,5
TEST_17877,5
TEST_3999,5
TEST_7692,5
TEST_18683,5
TEST_18462,5
TEST_7654,5
TEST_21885,5
TEST_1996,5
TEST_27352,5
TEST_10119,5
TEST_7465,5
TEST_2487,5
TEST_28218,5
TEST_18925,5
TEST_21760,5
TEST_8205,5
TEST_20981,5
TEST_20749,5
TEST_22906,5
TEST_2521,5
TEST_27008,5
TEST_6974,5
TEST_1811,5
TEST_3924,5
TEST_11055,5
TEST_28787,5
TEST_86,5
TEST_21153,5
TEST_14843,5
TEST_23676,5
TEST_23409,5
TEST_20544,5
TEST_10422,5
TEST_29803,5
TEST_29188,5
TEST_24248,5
TEST_26705,5
TEST_8601,5
TEST_24609,5
TEST_6163,5
TEST_20622,5
TEST_4704,5
TEST_26020,5
TEST_12284,5
TEST_2489,5
TEST_7253,5
TEST_27588,5
TEST_14871,5
TEST_2654,5
TEST_20574,5
TEST_14522,5
TEST_15439,5
TEST_12071,5
TEST_6437,5
TEST_16622,5
TEST_2240,5
TEST_15641,5
TEST_27628,5
TEST_17993,5
TEST_26849,5
TEST_20493,5
TEST_14821,5
TEST_24216,5
TEST_6373,5
TEST_24733,5
TEST_625,5
TEST_8683,5
TEST_10158,5
TEST_15867,5
TEST_14019,5
TEST_15208,5
TEST_10597,5
TEST_27869,5
TEST_17296,5
TEST_2013,5
TEST_19375,5
TEST_27955,5
TEST_8584,5
TEST_2564,5
TEST_25926,5
TEST_7852,5
TEST_5587,5
TEST_1237,5
TEST_18117,5
TEST_3873,5
TEST_26122,5
TEST_27576,5
TEST_7215,5
TEST_18681,5
TEST_21152,5
TEST_28980,5
TEST_26365,5
TEST_4666,5
TEST_22471,5
TEST_22026,5
TEST_8500,5
TEST_2336,5
TEST_29928,5
TEST_6597,5
TEST_28399,5
TEST_23484,5
TEST_6422,5
TEST_8803,5
TEST_3838,5
TEST_29708,5
TEST_10275,5
TEST_15746,5
TEST_14505,5
TEST_4232,5
TEST_17719,5
TEST_19526,5
TEST_13288,5
TEST_22892,5
TEST_3379,5
TEST_6535,5
TEST_25676,5
TEST_8855,5
TEST_5824,5
TEST_29796,5
TEST_6523,5
TEST_25496,5
TEST_2777,5
TEST_26139,5
TEST_1595,5
TEST_20317,5
TEST_24469,5
TEST_17678,5
TEST_22778,5
TEST_29457,5
TEST_12003,5
TEST_8443,5
TEST_22492,5
TEST_29978,5
TEST_21544,5
TEST_10092,5
TEST_13033,5
TEST_24563,5
TEST_21372,5
TEST_11671,5
TEST_28430,5
TEST_23795,5
TEST_7569,5
TEST_20830,5
TEST_6273,5
TEST_2470,5
TEST_2726,5
TEST_25714,5
TEST_15836,5
TEST_25862,5
TEST_8028,5
TEST_20017,5
TEST_14679,5
TEST_25247,5
TEST_26158,5
TEST_24269,5
TEST_17012,5
TEST_4334,5
TEST_6343,5
TEST_19364,5
TEST_27581,5
TEST_22896,5
TEST_19823,5
TEST_2004,5
TEST_1178,5
TEST_18639,5
TEST_5921,5
TEST_6562,5
TEST_13495,5
TEST_4992,5
TEST_12655,5
TEST_22901,5
TEST_25700,5
TEST_6656,5
TEST_14990,5
TEST_21190,5
TEST_3194,5
TEST_5052,5
TEST_8086,5
TEST_9780,5
TEST_13063,5
TEST_8726,5
TEST_28711,5
TEST_17378,5
TEST_18643,5
TEST_21846,5
TEST_21456,5
TEST_25392,5
TEST_10800,5
TEST_15962,5
TEST_29077,5
TEST_16376,5
TEST_26607,5
TEST_5557,5
TEST_15643,5
TEST_25399,5
TEST_16379,5
TEST_10639,5
TEST_28448,5
TEST_17052,5
TEST_17753,5
TEST_7076,5
TEST_14094,5
TEST_7163,5
TEST_8817,5
TEST_24234,5
TEST_16614,5
TEST_6442,5
TEST_9320,5
TEST_12396,5
TEST_25244,5
TEST_1678,5
TEST_11809,5
TEST_13096,5
TEST_25751,5
TEST_13091,5
TEST_478,5
TEST_24607,5
TEST_4429,5
TEST_29907,5
TEST_29856,5
TEST_26946,5
TEST_21350,5
TEST_21689,5
TEST_9951,5
TEST_14738,5
TEST_13924,5
TEST_9393,5
TEST_22047,5
TEST_14305,5
TEST_25423,5
TEST_5303,5
TEST_22790,5
TEST_25657,5
TEST_18006,5
TEST_14800,5
TEST_26737,5
TEST_15555,5
TEST_6350,5
TEST_11134,5
TEST_13420,5
TEST_24284,5
TEST_26487,5
TEST_18773,5
TEST_3853,5
TEST_25893,5
TEST_26625,5
TEST_26810,5
TEST_2484,5
TEST_24345,5
TEST_14613,5
TEST_20861,5
TEST_23200,5
TEST_935,5
TEST_1532,5
TEST_16428,5
TEST_3987,5
TEST_21936,5
TEST_23822,5
TEST_18226,5
TEST_25720,5
TEST_21592,5
TEST_16184,5
TEST_26717,5
TEST_7986,5
TEST_2572,5
TEST_26868,5
TEST_26475,5
TEST_18583,5
TEST_920,5
TEST_13327,5
TEST_1412,5
TEST_16213,5
TEST_11892,5
TEST_12668,5
TEST_8114,5
TEST_13190,5
TEST_23363,5
TEST_17972,5
TEST_18840,5
TEST_26248,5
TEST_22495,5
TEST_22662,5
TEST_26923,5
TEST_2215,5
TEST_9430,5
TEST_5855,5
TEST_11723,5
TEST_9548,5
TEST_26323,5
TEST_8263,5
TEST_6425,5
TEST_23384,5
TEST_1200,5
TEST_14841,5
TEST_24037,5
TEST_290,5
TEST_29196,5
TEST_5492,5
TEST_7026,5
TEST_29429,5
TEST_16471,5
TEST_22376,5
TEST_12757,5
TEST_9231,5
TEST_28691,5
TEST_15834,5
TEST_23578,5
TEST_9071,5
TEST_17781,5
TEST_22888,5
TEST_16449,5
TEST_14880,5
TEST_13367,5
TEST_5297,5
TEST_4603,5
TEST_10367,5
TEST_26508,5
TEST_15041,5
TEST_19381,5
TEST_2884,5
TEST_20918,5
TEST_13088,5
TEST_610,5
TEST_4961,5
TEST_22112,5
TEST_17741,5
TEST_10733,5
TEST_944,5
TEST_4690,5
TEST_18048,5
TEST_12195,5
TEST_20552,5
TEST_29877,5
TEST_10364,5
TEST_16132,5
TEST_16894,5
TEST_2547,5
TEST_27483,5
TEST_15359,5
TEST_20002,5
TEST_6667,5
TEST_7898,5
TEST_13898,5
TEST_8556,5
TEST_7888,5
TEST_2873,5
TEST_26216,5
TEST_7207,5
TEST_4716,5
TEST_5455,5
TEST_10814,5
TEST_7670,5
TEST_11735,5
TEST_13722,5
TEST_8495,5
TEST_5499,5
TEST_1803,5
TEST_17174,5
TEST_6943,5
TEST_23811,5
TEST_13339,5
TEST_19478,5
TEST_24952,5
TEST_9403,5
TEST_20308,5
TEST_23866,5
TEST_19707,5
TEST_23308,5
TEST_18364,5
TEST_23081,5
TEST_19803,5
TEST_3599,5
TEST_17866,5
TEST_14771,5
TEST_24581,5
TEST_14151,5
TEST_10165,5
TEST_9629,5
TEST_13076,5
TEST_180,5
TEST_21660,5
TEST_3255,5
TEST_13603,5
TEST_22380,5
TEST_25527,5
TEST_7204,5
TEST_118,5
TEST_24314,5
TEST_21691,5
TEST_12190,5
TEST_29738,5
TEST_15852,5
TEST_23598,5
TEST_12519,5
TEST_23913,5
TEST_29430,5
TEST_10824,5
TEST_15838,5
TEST_14885,5
TEST_26014,5
TEST_9704,5
TEST_15865,5
TEST_8989,5
TEST_3095,5
TEST_10256,5
TEST_16916,5
TEST_7370,5
TEST_1586,5
TEST_8457,5
TEST_6783,5
TEST_19648,5
TEST_27188,5
TEST_29413,5
TEST_28305,5
TEST_29804,5
TEST_19732,5
TEST_19578,5
TEST_24639,5
TEST_29243,5
TEST_13491,5
TEST_28637,5
TEST_22480,5
TEST_16707,5
TEST_16001,5
TEST_26525,5
TEST_4780,5
TEST_5186,5
TEST_13447,5
TEST_15488,5
TEST_6091,5
TEST_24502,5
TEST_819,5
TEST_17045,5
TEST_28311,5
TEST_4919,5
TEST_14680,5
TEST_2350,5
TEST_26590,5
TEST_1951,5
TEST_18951,5
TEST_1986,5
TEST_7540,5
TEST_8898,5
TEST_4518,5
TEST_29698,5
TEST_26952,5
TEST_29894,5
TEST_28216,5
TEST_28508,5
TEST_4188,5
TEST_22934,5
TEST_2411,5
TEST_9840,5
TEST_10430,5
TEST_22986,5
TEST_8482,5
TEST_7775,5
TEST_9400,5
TEST_29692,5
TEST_17684,5
TEST_1449,5
TEST_22911,5
TEST_4356,5
TEST_22052,5
TEST_13221,5
TEST_23371,5
TEST_12718,5
TEST_5646,5
TEST_4978,5
TEST_2039,5
TEST_11966,5
TEST_4979,5
TEST_28650,5
TEST_3260,5
TEST_22413,5
TEST_3529,5
TEST_28400,5
TEST_13442,5
TEST_12050,5
TEST_22003,5
TEST_6349,5
TEST_2245,5
TEST_19530,5
TEST_24382,5
TEST_24852,5
TEST_29939,5
TEST_23224,5
TEST_13059,5
TEST_27949,5
TEST_20350,5
TEST_3139,5
TEST_3099,5
TEST_17913,5
TEST_21963,5
TEST_13219,5
TEST_10447,5
TEST_12345,5
TEST_650,5
TEST_28964,5
TEST_11047,5
TEST_23639,5
TEST_965,5
TEST_9852,5
TEST_11928,5
TEST_26169,5
TEST_21622,5
TEST_18311,5
TEST_21696,5
TEST_6206,5
TEST_20911,5
TEST_16451,5
TEST_16727,5
TEST_28902,5
TEST_5144,5
TEST_11659,5
TEST_12573,5
TEST_20909,5
TEST_4852,5
TEST_21473,5
TEST_14665,5
TEST_29736,5
TEST_29937,5
TEST_7730,5
TEST_2613,5
TEST_16145,5
TEST_24908,5
TEST_26141,5
TEST_29408,5
TEST_15132,5
TEST_24056,5
TEST_1913,5
TEST_11959,5
TEST_29379,5
TEST_25282,5
TEST_771,5
TEST_23465,5
TEST_7351,5
TEST_6949,5
TEST_465,5
TEST_10138,5
TEST_9203,5
TEST_210,5
TEST_7827,5
TEST_28253,5
TEST_27261,5
TEST_21985,5
TEST_29932,5
TEST_28778,5
TEST_14842,5
TEST_18046,5
TEST_24153,5
TEST_376,5
TEST_24245,5
TEST_3265,5
TEST_9527,5
TEST_28292,5
TEST_11753,5
TEST_22952,5
TEST_23697,5
TEST_23449,5
TEST_4827,5
TEST_8456,5
TEST_10922,5
TEST_6169,5
TEST_15796,5
TEST_19809,5
TEST_4705,5
TEST_8414,5
TEST_21749,5
TEST_5858,5
TEST_20784,5
TEST_6513,5
TEST_29247,5
TEST_18244,5
TEST_5748,5
TEST_5684,5
TEST_18229,5
TEST_20482,5
TEST_15768,5
TEST_9977,5
TEST_5887,5
TEST_29039,5
TEST_9756,5
TEST_16437,5
TEST_10080,5
TEST_14401,5
TEST_19640,5
TEST_18718,5
TEST_14845,5
TEST_22617,5
TEST_27275,5
TEST_2194,5
TEST_25788,5
TEST_22340,5
TEST_4933,5
TEST_15787,5
TEST_23426,5
TEST_29946,5
TEST_1778,5
TEST_889,5
TEST_11945,5
TEST_28082,5
TEST_13507,5
TEST_27552,5
TEST_11502,5
TEST_2906,5
TEST_351,5
TEST_6356,5
TEST_3821,5
TEST_8018,5
TEST_3984,5
TEST_24916,5
TEST_24773,5
TEST_17981,5
TEST_28521,5
TEST_14083,5
TEST_9829,5
TEST_15476,5
TEST_25667,5
TEST_20968,5
TEST_25232,5
TEST_13940,5
TEST_19527,5
TEST_24418,5
TEST_14244,5
TEST_22998,5
TEST_7104,5
TEST_15036,5
TEST_17706,5
TEST_26731,5
TEST_14066,5
TEST_24730,5
TEST_20889,5
TEST_11709,5
TEST_9265,5
TEST_15538,5
TEST_23726,5
TEST_3567,5
TEST_1762,5
TEST_19277,5
TEST_16986,5
TEST_3768,5
TEST_13747,5
TEST_13348,5
TEST_12017,5
TEST_2345,5
TEST_6127,5
TEST_467,5
TEST_9233,5
TEST_6842,5
TEST_8547,5
TEST_14011,5
TEST_19288,5
TEST_15239,5
TEST_9194,5
TEST_25073,5
TEST_24605,5
TEST_15704,5
TEST_16758,5
TEST_11381,5
TEST_2033,5
TEST_26898,5
TEST_16305,5
TEST_27971,5
TEST_20564,5
TEST_10963,5
TEST_15307,5
TEST_20979,5
TEST_27083,5
TEST_14787,5
TEST_3137,5
TEST_27777,5
TEST_18218,5
TEST_4787,5
TEST_12043,5
TEST_7829,5
TEST_9353,5
TEST_17992,5
TEST_17099,5
TEST_14717,5
TEST_13489,5
TEST_3076,5
TEST_13357,5
TEST_1033,5
TEST_24281,5
TEST_13767,5
TEST_20117,5
TEST_27031,5
TEST_5643,5
TEST_9621,5
TEST_9565,5
TEST_19128,5
TEST_12385,5
TEST_6405,5
TEST_25523,5
TEST_16875,5
TEST_3656,5
TEST_11458,5
TEST_5896,5
TEST_13115,5
TEST_23311,5
TEST_19169,5
TEST_743,5
TEST_10479,5
TEST_6374,5
TEST_29122,5
TEST_9988,5
TEST_21796,5
TEST_27700,5
TEST_29785,5
TEST_17027,5
TEST_7922,5
TEST_29268,5
TEST_15970,5
TEST_9145,5
TEST_22,5
TEST_29853,5
TEST_20773,5
TEST_655,5
TEST_19705,5
TEST_5916,5
TEST_2563,5
TEST_7979,5
TEST_9050,5
TEST_29085,5
TEST_12079,5
TEST_14730,5
TEST_12603,5
TEST_14510,5
TEST_3411,5
TEST_1378,5
TEST_5927,5
TEST_7734,5
TEST_23577,5
TEST_4988,5
TEST_21195,5
TEST_23050,5
TEST_23837,5
TEST_12358,5
TEST_15019,5
TEST_25347,5
TEST_25404,5
TEST_22150,5
TEST_12152,5
TEST_959,5
TEST_7850,5
TEST_3997,5
TEST_14561,5
TEST_16656,5
TEST_8517,5
TEST_8016,5
TEST_25451,5
TEST_9730,5
TEST_15920,5
TEST_19684,5
TEST_21765,5
TEST_11717,5
TEST_11915,5
TEST_19870,5
TEST_20475,5
TEST_10794,5
TEST_11692,5
TEST_17552,5
TEST_13904,5
TEST_28384,5
TEST_19946,5
TEST_25004,5
TEST_21441,5
TEST_26400,5
TEST_23121,5
TEST_28664,5
TEST_442,5
TEST_6435,5
TEST_27213,5
TEST_16137,5
TEST_12226,5
TEST_12011,5
TEST_3031,5
TEST_8481,5
TEST_857,5
TEST_20860,5
TEST_8478,5
TEST_19613,5
TEST_15210,5
TEST_23724,5
TEST_24474,5
TEST_23531,5
TEST_9500,5
TEST_11597,5
TEST_23210,5
TEST_21645,5
TEST_16425,5
TEST_10573,5
TEST_14567,5
TEST_3373,5
TEST_4005,5
TEST_18082,5
TEST_2842,5
TEST_3147,5
TEST_25253,5
TEST_22438,5
TEST_25447,5
TEST_27429,5
TEST_18126,5
TEST_29104,5
TEST_20850,5
TEST_14663,5
TEST_28984,5
TEST_1042,5
TEST_140,5
TEST_27378,5
TEST_21701,5
TEST_26220,5
TEST_3247,5
TEST_17843,5
TEST_18962,5
TEST_17134,5
TEST_24184,5
TEST_13085,5
TEST_24767,5
TEST_29279,5
TEST_564,5
TEST_18945,5
TEST_16753,5
TEST_7327,5
TEST_13623,5
TEST_24003,5
TEST_24739,5
TEST_18977,5
TEST_5267,5
TEST_5521,5
TEST_18521,5
TEST_8342,5
TEST_16513,5
TEST_14932,5
TEST_13276,5
TEST_5584,5
TEST_26471,5
TEST_27607,5
TEST_10191,5
TEST_25005,5
TEST_23191,5
TEST_6740,5
TEST_17853,5
TEST_4277,5
TEST_14615,5
TEST_19850,5
TEST_15059,5
TEST_22673,5
TEST_25997,5
TEST_19697,5
TEST_20280,5
TEST_18796,5
TEST_17361,5
TEST_13855,5
TEST_22140,5
TEST_26844,5
TEST_23990,5
TEST_1627,5
TEST_22360,5
TEST_6526,5
TEST_2211,5
TEST_281,5
TEST_11422,5
TEST_23915,5
TEST_29794,5
TEST_2961,5
TEST_15701,5
TEST_14708,5
TEST_3636,5
TEST_23102,5
TEST_2475,5
TEST_8224,5
TEST_11151,5
TEST_4210,5
TEST_1064,5
TEST_4737,5
TEST_15387,5
TEST_11072,5
TEST_25826,5
TEST_19805,5
TEST_24740,5
TEST_15552,5
TEST_12577,5
TEST_17603,5
TEST_16445,5
TEST_28862,5
TEST_12929,5
TEST_9495,5
TEST_3809,5
TEST_21828,5
TEST_26418,5
TEST_2364,5
TEST_23476,5
TEST_2381,5
TEST_11648,5
TEST_26413,5
TEST_28359,5
TEST_8661,5
TEST_15523,5
TEST_1793,5
TEST_21685,5
TEST_21646,5
TEST_9073,5
TEST_23706,5
TEST_21635,5
TEST_10669,5
TEST_18155,5
TEST_23524,5
TEST_28978,5
TEST_11714,5
TEST_15478,5
TEST_18587,5
TEST_20707,5
TEST_22447,5
TEST_16140,5
TEST_9184,5
TEST_26064,5
TEST_13661,5
TEST_17297,5
TEST_8866,5
TEST_29272,5
TEST_28105,5
TEST_27256,5
TEST_1663,5
TEST_13779,5
TEST_19592,5
TEST_9665,5
TEST_21,5
TEST_16755,5
TEST_13641,5
TEST_16836,5
TEST_25302,5
TEST_28813,5
TEST_12842,5
TEST_13151,5
TEST_8202,5
TEST_15163,5
TEST_29696,5
TEST_21297,5
TEST_20759,5
TEST_4330,5
TEST_8705,5
TEST_15489,5
TEST_15658,5
TEST_26749,5
TEST_18659,5
TEST_26697,5
TEST_7497,5
TEST_5821,5
TEST_28630,5
TEST_27545,5
TEST_9297,5
TEST_22990,5
TEST_17316,5
TEST_20582,5
TEST_9559,5
TEST_5879,5
TEST_22467,5
TEST_27269,5
TEST_16315,5
TEST_11703,5
TEST_4904,5
TEST_3085,5
TEST_11748,5
TEST_10595,5
TEST_2986,5
TEST_5960,5
TEST_9152,5
TEST_9319,5
TEST_6649,5
TEST_8241,5
TEST_12429,5
TEST_8960,5
TEST_17968,5
TEST_22850,5
TEST_620,5
TEST_16309,5
TEST_16514,5
TEST_13338,5
TEST_1488,5
TEST_11074,5
TEST_14452,5
TEST_16198,5
TEST_27788,5
TEST_770,5
TEST_26666,5
TEST_17642,5
TEST_10307,5
TEST_1565,5
TEST_11136,5
TEST_14404,5
TEST_6807,5
TEST_19089,5
TEST_18535,5
TEST_23238,5
TEST_21791,5
TEST_14430,5
TEST_11255,5
TEST_23954,5
TEST_13919,5
TEST_2932,5
TEST_24018,5
TEST_25340,5
TEST_24750,5
TEST_16293,5
TEST_23821,5
TEST_14664,5
TEST_28718,5
TEST_23166,5
TEST_9551,5
TEST_12739,5
TEST_16370,5
TEST_8769,5
TEST_20394,5
TEST_5154,5
TEST_18860,5
TEST_10950,5
TEST_1172,5
TEST_27155,5
TEST_16669,5
TEST_12650,5
TEST_20509,5
TEST_25454,5
TEST_10485,5
TEST_16673,5
TEST_930,5
TEST_13934,5
TEST_2384,5
TEST_12553,5
TEST_14032,5
TEST_7022,5
TEST_8429,5
TEST_21200,5
TEST_26217,5
TEST_13265,5
TEST_18593,5
TEST_8346,5
TEST_22732,5
TEST_5444,5
TEST_3020,5
TEST_21850,5
TEST_8523,5
TEST_10001,5
TEST_24872,5
TEST_17286,5
TEST_26161,5
TEST_12855,5
TEST_8476,5
TEST_13634,5
TEST_16388,5
TEST_17602,5
TEST_21181,5
TEST_21507,5
TEST_22823,5
TEST_14798,5
TEST_19741,5
TEST_28213,5
TEST_26806,5
TEST_1489,5
TEST_11125,5
TEST_25225,5
TEST_24296,5
TEST_23649,5
TEST_22432,5
TEST_19830,5
TEST_20295,5
TEST_9620,5
TEST_16316,5
TEST_356,5
TEST_24464,5
TEST_8439,5
TEST_451,5
TEST_28220,5
TEST_7293,5
TEST_15147,5
TEST_25733,5
TEST_28885,5
TEST_1848,5
TEST_24839,5
TEST_23267,5
TEST_15690,5
TEST_17542,5
TEST_8449,5
TEST_21232,5
TEST_17811,5
TEST_9753,5
TEST_284,5
TEST_23941,5
TEST_7135,5
TEST_26033,5
TEST_21468,5
TEST_10372,5
TEST_20208,5
TEST_7966,5
TEST_17366,5
TEST_22141,5
TEST_19369,5
TEST_20983,5
TEST_9337,5
TEST_20081,5
TEST_2010,5
TEST_23016,5
TEST_3547,5
TEST_16686,5
TEST_18264,5
TEST_25548,5
TEST_21068,5
TEST_7622,5
TEST_29479,5
TEST_11754,5
TEST_9696,5
TEST_20685,5
TEST_10122,5
TEST_8669,5
TEST_14911,5
TEST_5937,5
TEST_23167,5
TEST_12294,5
TEST_4801,5
TEST_1308,5
TEST_8930,5
TEST_28771,5
TEST_426,5
TEST_3421,5
TEST_21033,5
TEST_23434,5
TEST_17061,5
TEST_13366,5
TEST_4789,5
TEST_17605,5
TEST_14361,5
TEST_809,5
TEST_3468,5
TEST_14038,5
TEST_9832,5
TEST_26272,5
TEST_27110,5
TEST_29734,5
TEST_10039,5
TEST_7331,5
TEST_5206,5
TEST_10471,5
TEST_26663,5
TEST_7406,5
TEST_19553,5
TEST_17485,5
TEST_27048,5
TEST_12955,5
TEST_12973,5
TEST_17115,5
TEST_13164,5
TEST_11786,5
TEST_14686,5
TEST_22735,5
TEST_7791,5
TEST_14896,5
TEST_24507,5
TEST_2281,5
TEST_2763,5
TEST_26859,5
TEST_23695,5
TEST_23435,5
TEST_27244,5
TEST_24459,5
TEST_22961,5
TEST_27358,5
TEST_22524,5
TEST_6446,5
TEST_26238,5
TEST_27443,5
TEST_11670,5
TEST_5839,5
TEST_639,5
TEST_10666,5
TEST_15793,5
TEST_9863,5
TEST_29874,5
TEST_8351,5
TEST_23958,5
TEST_10048,5
TEST_16895,5
TEST_2750,5
TEST_28949,5
TEST_11615,5
TEST_21662,5
TEST_29975,5
TEST_25013,5
TEST_29300,5
TEST_8693,5
TEST_7006,5
TEST_1254,5
TEST_12751,5
TEST_23187,5
TEST_6120,5
TEST_24291,5
TEST_8226,5
TEST_3386,5
TEST_8007,5
TEST_22073,5
TEST_11014,5
TEST_9822,5
TEST_15554,5
TEST_4258,5
TEST_8132,5
TEST_13093,5
TEST_9198,5
TEST_8939,5
TEST_18834,5
TEST_821,5
TEST_12883,5
TEST_16715,5
TEST_2938,5
TEST_24671,5
TEST_25079,5
TEST_6181,5
TEST_6527,5
TEST_3444,5
TEST_19576,5
TEST_20211,5
TEST_25279,5
TEST_3941,5
TEST_19492,5
TEST_2238,5
TEST_1960,5
TEST_6274,5
TEST_4263,5
TEST_10098,5
TEST_9690,5
TEST_23313,5
TEST_9913,5
TEST_18714,5
TEST_17251,5
TEST_2865,5
TEST_12948,5
TEST_14162,5
TEST_18388,5
TEST_14839,5
TEST_22191,5
TEST_6763,5
TEST_21244,5
TEST_4726,5
TEST_1438,5
TEST_265,5
TEST_18607,5
TEST_22483,5
TEST_17050,5
TEST_13000,5
TEST_23364,5
TEST_1485,5
TEST_27314,5
TEST_14444,5
TEST_11662,5
TEST_9849,5
TEST_10046,5
TEST_22311,5
TEST_14031,5
TEST_11034,5
TEST_26518,5
TEST_3270,5
TEST_21104,5
TEST_17192,5
TEST_12823,5
TEST_5624,5
TEST_24257,5
TEST_20679,5
TEST_20705,5
TEST_25998,5
TEST_24535,5
TEST_22234,5
TEST_4872,5
TEST_19836,5
TEST_9214,5
TEST_22820,5
TEST_7158,5
TEST_16335,5
TEST_19472,5
TEST_25891,5
TEST_25974,5
TEST_9508,5
TEST_16589,5
TEST_5763,5
TEST_21256,5
TEST_5525,5
TEST_10128,5
TEST_22076,5
TEST_10491,5
TEST_12885,5
TEST_3907,5
TEST_194,5
TEST_26896,5
TEST_14714,5
TEST_28646,5
TEST_12859,5
TEST_29428,5
TEST_18296,5
TEST_9355,5
TEST_5148,5
TEST_29357,5
TEST_2517,5
TEST_11188,5
TEST_1743,5
TEST_8624,5
TEST_24416,5
TEST_4840,5
TEST_16789,5
TEST_11019,5
TEST_27959,5
TEST_18341,5
TEST_22647,5
TEST_16891,5
TEST_4450,5
TEST_6602,5
TEST_5507,5
TEST_7454,5
TEST_17446,5
TEST_3616,5
TEST_3335,5
TEST_24287,5
TEST_9585,5
TEST_19101,5
TEST_12828,5
TEST_21520,5
TEST_8816,5
TEST_4151,5
TEST_9369,5
TEST_449,5
TEST_23914,5
TEST_13624,5
TEST_29180,5
TEST_19233,5
TEST_9700,5
TEST_10017,5
TEST_19654,5
TEST_7971,5
TEST_4777,5
TEST_29685,5
TEST_9396,5
TEST_23536,5
TEST_27854,5
TEST_14697,5
TEST_19779,5
TEST_17185,5
TEST_2793,5
TEST_24898,5
TEST_7038,5
TEST_2437,5
TEST_10829,5
TEST_15531,5
TEST_7720,5
TEST_19197,5
TEST_17652,5
TEST_20732,5
TEST_7533,5
TEST_8170,5
TEST_14376,5
TEST_1166,5
TEST_992,5
TEST_13983,5
TEST_7536,5
TEST_485,5
TEST_5084,5
TEST_21182,5
TEST_1256,5
TEST_5491,5
TEST_10569,5
TEST_17171,5
TEST_25295,5
TEST_20898,5
TEST_23410,5
TEST_18057,5
TEST_2035,5
TEST_23181,5
TEST_26620,5
TEST_28459,5
TEST_2883,5
TEST_20425,5
TEST_23687,5
TEST_2065,5
TEST_17859,5
TEST_17923,5
TEST_21374,5
TEST_26846,5
TEST_7444,5
TEST_5846,5
TEST_15966,5
TEST_1492,5
TEST_28930,5
TEST_5704,5
TEST_11818,5
TEST_900,5
TEST_26499,5
TEST_9218,5
TEST_18543,5
TEST_29191,5
TEST_15679,5
TEST_15905,5
TEST_1360,5
TEST_20619,5
TEST_2227,5
TEST_10944,5
TEST_11823,5
TEST_6101,5
TEST_29912,5
TEST_29063,5
TEST_6063,5
TEST_23326,5
TEST_10805,5
TEST_5228,5
TEST_6488,5
TEST_11305,5
TEST_21203,5
TEST_13891,5
TEST_29930,5
TEST_13831,5
TEST_22094,5
TEST_9447,5
TEST_4359,5
TEST_11729,5
TEST_24012,5
TEST_7893,5
TEST_1411,5
TEST_11541,5
TEST_27321,5
TEST_25468,5
TEST_20632,5
TEST_10332,5
TEST_19875,5
TEST_29184,5
TEST_23279,5
TEST_7759,5
TEST_6335,5
TEST_12598,5
TEST_18184,5
TEST_6806,5
TEST_23186,5
TEST_12372,5
TEST_4224,5
TEST_12737,5
TEST_13632,5
TEST_21092,5
TEST_1173,5
TEST_26040,5
TEST_10568,5
TEST_237,5
TEST_29081,5
TEST_13476,5
TEST_18719,5
TEST_7596,5
TEST_28477,5
TEST_21980,5
TEST_6337,5
TEST_17962,5
TEST_26157,5
TEST_1746,5
TEST_15392,5
TEST_3237,5
TEST_701,5
TEST_23694,5
TEST_20083,5
TEST_4008,5
TEST_23145,5
TEST_25406,5
TEST_4027,5
TEST_29638,5
TEST_5572,5
TEST_9298,5
TEST_372,5
TEST_16158,5
TEST_27910,5
TEST_11274,5
TEST_6787,5
TEST_5314,5
TEST_8167,5
TEST_26522,5
TEST_2603,5
TEST_2282,5
TEST_9754,5
TEST_14461,5
TEST_19096,5
TEST_25537,5
TEST_21652,5
TEST_12829,5
TEST_29867,5
TEST_3049,5
TEST_22475,5
TEST_7919,5
TEST_8823,5
TEST_8893,5
TEST_27571,5
TEST_12843,5
TEST_8093,5
TEST_19604,5
TEST_21255,5
TEST_5623,5
TEST_11721,5
TEST_16216,5
TEST_2552,5
TEST_19220,5
TEST_8169,5
TEST_13654,5
TEST_8406,5
TEST_24930,5
TEST_17496,5
TEST_17167,5
TEST_25641,5
TEST_25570,5
TEST_29541,5
TEST_6415,5
TEST_12171,5
TEST_10501,5
TEST_10776,5
TEST_9871,5
TEST_10927,5
TEST_1305,5
TEST_6772,5
TEST_9723,5
TEST_28271,5
TEST_22910,5
TEST_22356,5
TEST_26784,5
TEST_2988,5
TEST_25967,5
TEST_7572,5
TEST_706,5
TEST_28168,5
TEST_464,5
TEST_25410,5
TEST_11197,5
TEST_10148,5
TEST_18702,5
TEST_13009,5
TEST_24156,5
TEST_19882,5
TEST_2620,5
TEST_9699,5
TEST_29359,5
TEST_12467,5
TEST_27016,5
TEST_9742,5
TEST_11484,5
TEST_27712,5
TEST_27608,5
TEST_11853,5
TEST_5096,5
TEST_19212,5
TEST_16270,5
TEST_8905,5
TEST_28623,5
TEST_10381,5
TEST_16399,5
TEST_886,5
TEST_22695,5
TEST_22731,5
TEST_13993,5
TEST_28420,5
TEST_17404,5
TEST_10183,5
TEST_26584,5
TEST_6383,5
TEST_21458,5
TEST_12713,5
TEST_29420,5
TEST_27870,5
TEST_5368,5
TEST_20468,5
TEST_22585,5
TEST_9372,5
TEST_12619,5
TEST_19043,5
TEST_11250,5
TEST_14061,5
TEST_18698,5
TEST_17561,5
TEST_6336,5
TEST_17353,5
TEST_25353,5
TEST_13946,5
TEST_727,5
TEST_22624,5
TEST_6340,5
TEST_6372,5
TEST_9915,5
TEST_9736,5
TEST_7000,5
TEST_1603,5
TEST_12884,5
TEST_15742,5
TEST_24769,5
TEST_20540,5
TEST_1723,5
TEST_11641,5
TEST_25555,5
TEST_3800,5
TEST_7665,5
TEST_12592,5
TEST_7125,5
TEST_6233,5
TEST_4054,5
TEST_8105,5
TEST_21555,5
TEST_6893,5
TEST_21003,5
TEST_11192,5
TEST_4117,5
TEST_122,5
TEST_209,5
TEST_25152,5
TEST_17677,5
TEST_14851,5
TEST_2405,5
TEST_668,5
TEST_6122,5
TEST_19034,5
TEST_3127,5
TEST_6315,5
TEST_28892,5
TEST_3892,5
TEST_1386,5
TEST_23589,5
TEST_17905,5
TEST_7851,5
TEST_17155,5
TEST_12068,5
TEST_22434,5
TEST_5720,5
TEST_18769,5
TEST_8436,5
TEST_9108,5
TEST_12404,5
TEST_13862,5
TEST_4121,5
TEST_9539,5
TEST_23824,5
TEST_923,5
TEST_29654,5
TEST_4243,5
TEST_5703,5
TEST_516,5
TEST_25749,5
TEST_9477,5
TEST_15314,5
TEST_12231,5
TEST_29653,5
TEST_8881,5
TEST_24707,5
TEST_20831,5
TEST_16087,5
TEST_29155,5
TEST_28373,5
TEST_3617,5
TEST_8603,5
TEST_15450,5
TEST_18952,5
TEST_9119,5
TEST_4670,5
TEST_5452,5
TEST_14823,5
TEST_23088,5
TEST_18162,5
TEST_1791,5
TEST_22118,5
TEST_16400,5
TEST_22331,5
TEST_10885,5
TEST_3572,5
TEST_19552,5
TEST_24026,5
TEST_3470,5
TEST_1313,5
TEST_19214,5
TEST_10279,5
TEST_17060,5
TEST_21340,5
TEST_2016,5
TEST_6406,5
TEST_19557,5
TEST_18373,5
TEST_9100,5
TEST_21954,5
TEST_16564,5
TEST_11123,5
TEST_22964,5
TEST_24979,5
TEST_25705,5
TEST_21409,5
TEST_1094,5
TEST_18528,5
TEST_4175,5
TEST_17017,5
TEST_23492,5
TEST_10115,5
TEST_3153,5
TEST_9395,5
TEST_8130,5
TEST_24182,5
TEST_26233,5
TEST_18612,5
TEST_8528,5
TEST_365,5
TEST_26312,5
TEST_8318,5
TEST_14370,5
TEST_27319,5
TEST_10614,5
TEST_20261,5
TEST_10632,5
TEST_20041,5
TEST_25709,5
TEST_22703,5
TEST_21312,5
TEST_5677,5
TEST_691,5
TEST_21657,5
TEST_11891,5
TEST_4535,5
TEST_19773,5
TEST_14704,5
TEST_16844,5
TEST_13,5
TEST_15512,5
TEST_23474,5
TEST_10000,5
TEST_10735,5
TEST_26982,5
TEST_23728,5
TEST_13890,5
TEST_6862,5
TEST_5493,5
TEST_18640,5
TEST_28016,5
TEST_17088,5
TEST_15983,5
TEST_14931,5
TEST_19942,5
TEST_1779,5
TEST_22442,5
TEST_28080,5
TEST_22977,5
TEST_9815,5
TEST_26668,5
TEST_7936,5
TEST_27069,5
TEST_10935,5
TEST_21428,5
TEST_26151,5
TEST_7588,5
TEST_13671,5
TEST_1636,5
TEST_3733,5
TEST_11645,5
TEST_24914,5
TEST_25140,5
TEST_12989,5
TEST_20006,5
TEST_24288,5
TEST_257,5
TEST_27462,5
TEST_24731,5
TEST_26713,5
TEST_2987,5
TEST_5253,5
TEST_24388,5
TEST_8223,5
TEST_3008,5
TEST_4377,5
TEST_12065,5
TEST_16476,5
TEST_24222,5
TEST_7832,5
TEST_12421,5
TEST_22455,5
TEST_24633,5
TEST_7079,5
TEST_8507,5
TEST_16102,5
TEST_4831,5
TEST_27842,5
TEST_26318,5
TEST_27780,5
TEST_23801,5
TEST_26650,5
TEST_29635,5
TEST_21286,5
TEST_23300,5
TEST_29563,5
TEST_16619,5
TEST_18013,5
TEST_4162,5
TEST_1808,5
TEST_23323,5
TEST_1140,5
TEST_6379,5
TEST_26854,5
TEST_25055,5
TEST_2366,5
TEST_1831,5
TEST_7210,5
TEST_21383,5
TEST_59,5
TEST_11829,5
TEST_2609,5
TEST_15168,5
TEST_29329,5
TEST_17690,5
TEST_18248,5
TEST_2685,5
TEST_4004,5
TEST_4380,5
TEST_15863,5
TEST_23690,5
TEST_15221,5
TEST_9226,5
TEST_22194,5
TEST_15021,5
TEST_6152,5
TEST_11135,5
TEST_22000,5
TEST_6691,5
TEST_12447,5
TEST_1240,5
TEST_9030,5
TEST_8748,5
TEST_4077,5
TEST_21808,5
TEST_15732,5
TEST_22835,5
TEST_24368,5
TEST_29581,5
TEST_16552,5
TEST_908,5
TEST_12696,5
TEST_25782,5
TEST_15074,5
TEST_21816,5
TEST_3135,5
TEST_12101,5
TEST_29173,5
TEST_19036,5
TEST_8475,5
TEST_10217,5
TEST_20646,5
TEST_18161,5
TEST_17269,5
TEST_21591,5
TEST_26277,5
TEST_16724,5
TEST_17283,5
TEST_18168,5
TEST_25046,5
TEST_19544,5
TEST_23789,5
TEST_14962,5
TEST_27529,5
TEST_28887,5
TEST_9919,5
TEST_12811,5
TEST_22446,5
TEST_1226,5
TEST_29321,5
TEST_17377,5
TEST_10151,5
TEST_28757,5
TEST_7413,5
TEST_26936,5
TEST_13834,5
TEST_11870,5
TEST_925,5
TEST_12645,5
TEST_28043,5
TEST_11557,5
TEST_17201,5
TEST_26303,5
TEST_1508,5
TEST_1337,5
TEST_709,5
TEST_14628,5
TEST_25030,5
TEST_23970,5
TEST_18618,5
TEST_22857,5
TEST_2172,5
TEST_28482,5
TEST_11673,5
TEST_6582,5
TEST_14590,5
TEST_16822,5
TEST_1333,5
TEST_1958,5
TEST_16668,5
TEST_19683,5
TEST_16023,5
TEST_10452,5
TEST_16427,5
TEST_25933,5
TEST_29281,5
TEST_11108,5
TEST_24278,5
TEST_20152,5
TEST_18918,5
TEST_10907,5
TEST_596,5
TEST_425,5
TEST_1990,5
TEST_9481,5
TEST_25264,5
TEST_27952,5
TEST_25683,5
TEST_15331,5
TEST_13883,5
TEST_28336,5
TEST_8619,5
TEST_5782,5
TEST_27232,5
TEST_25561,5
TEST_13579,5
TEST_21129,5
TEST_15994,5
TEST_19972,5
TEST_25332,5
TEST_23402,5
TEST_3176,5
TEST_16858,5
TEST_1939,5
TEST_25550,5
TEST_22946,5
TEST_8938,5
TEST_21907,5
TEST_6519,5
TEST_18371,5
TEST_2588,5
TEST_16092,5
TEST_26229,5
TEST_11170,5
TEST_11415,5
TEST_13762,5
TEST_17000,5
TEST_6637,5
TEST_13547,5
TEST_5909,5
TEST_15712,5
TEST_18969,5
TEST_13294,5
TEST_11576,5
TEST_15914,5
TEST_66,5
TEST_11263,5
TEST_10455,5
TEST_19145,5
TEST_2525,5
TEST_23610,5
TEST_24772,5
TEST_21913,5
TEST_5383,5
TEST_11852,5
TEST_4079,5
TEST_163,5
TEST_5180,5
TEST_24558,5
TEST_14472,5
TEST_28990,5
TEST_17941,5
TEST_6288,5
TEST_687,5
TEST_25343,5
TEST_14441,5
TEST_7547,5
TEST_20638,5
TEST_21289,5
TEST_13487,5
TEST_10272,5
TEST_42,5
TEST_12976,5
TEST_9268,5
TEST_7558,5
TEST_26469,5
TEST_28323,5
TEST_28712,5
TEST_241,5
TEST_11975,5
TEST_26629,5
TEST_16647,5
TEST_10231,5
TEST_16881,5
TEST_24895,5
TEST_921,5
TEST_7322,5
TEST_15289,5
TEST_20454,5
TEST_21261,5
TEST_28433,5
TEST_29088,5
TEST_6302,5
TEST_15855,5
TEST_18222,5
TEST_21252,5
TEST_15038,5
TEST_25106,5
TEST_26783,5
TEST_1421,5
TEST_7059,5
TEST_15910,5
TEST_14810,5
TEST_27690,5
TEST_546,5
TEST_10235,5
TEST_4484,5
TEST_29846,5
TEST_11212,5
TEST_28668,5
TEST_5053,5
TEST_9262,5
TEST_5210,5
TEST_11944,5
TEST_2387,5
TEST_21305,5
TEST_29061,5
TEST_29795,5
TEST_29542,5
TEST_7222,5
TEST_1443,5
TEST_28161,5
TEST_8291,5
TEST_1751,5
TEST_3450,5
TEST_17226,5
TEST_4762,5
TEST_19408,5
TEST_14725,5
TEST_16290,5
TEST_2458,5
TEST_16856,5
TEST_6653,5
TEST_16154,5
TEST_9692,5
TEST_21117,5
TEST_5838,5
TEST_3439,5
TEST_13422,5
TEST_10808,5
TEST_1647,5
TEST_9850,5
TEST_4472,5
TEST_22339,5
TEST_11428,5
TEST_26109,5
TEST_17697,5
TEST_21915,5
TEST_7975,5
TEST_10342,5
TEST_10302,5
TEST_14892,5
TEST_8800,5
TEST_15718,5
TEST_12889,5
TEST_9712,5
TEST_23395,5
TEST_14610,5
TEST_21962,5
TEST_17746,5
TEST_28042,5
TEST_17136,5
TEST_9150,5
TEST_24657,5
TEST_305,5
TEST_16544,5
TEST_26700,5
TEST_11417,5
TEST_5727,5
TEST_26581,5
TEST_8639,5
TEST_711,5
TEST_27373,5
TEST_14287,5
TEST_24817,5
TEST_16702,5
TEST_29992,5
TEST_14566,5
TEST_23335,5
TEST_6275,5
TEST_4825,5
TEST_29396,5
TEST_24148,5
TEST_29633,5
TEST_9788,5
TEST_588,5
TEST_21484,5
TEST_28710,5
TEST_7885,5
TEST_393,5
TEST_27472,5
TEST_2911,5
TEST_9461,5
TEST_19032,5
TEST_27049,5
TEST_28536,5
TEST_28849,5
TEST_2297,5
TEST_26108,5
TEST_14285,5
TEST_29812,5
TEST_1091,5
TEST_10707,5
TEST_9933,5
TEST_25293,5
TEST_22764,5
TEST_13542,5
TEST_28294,5
TEST_20219,5
TEST_6403,5
TEST_29603,5
TEST_8633,5
TEST_7133,5
TEST_17711,5
TEST_21006,5
TEST_29552,5
TEST_19706,5
TEST_17648,5
TEST_24681,5
TEST_21469,5
TEST_2997,5
TEST_11785,5
TEST_6629,5
TEST_4284,5
TEST_4497,5
TEST_18394,5
TEST_23606,5
TEST_11377,5
TEST_26647,5
TEST_24010,5
TEST_29116,5
TEST_26692,5
TEST_9604,5
TEST_26338,5
TEST_24372,5
TEST_29596,5
TEST_11727,5
TEST_4062,5
TEST_29186,5
TEST_7639,5
TEST_954,5
TEST_24481,5
TEST_21702,5
TEST_14516,5
TEST_11247,5
TEST_6376,5
TEST_12706,5
TEST_24718,5
TEST_11454,5
TEST_23152,5
TEST_5090,5
TEST_7702,5
TEST_15942,5
TEST_29345,5
TEST_14483,5
TEST_18002,5
TEST_7711,5
TEST_10125,5
TEST_9153,5
TEST_4401,5
TEST_27376,5
TEST_9992,5
TEST_26766,5
TEST_22262,5
TEST_27873,5
TEST_4025,5
TEST_8145,5
TEST_13962,5
TEST_6813,5
TEST_26706,5
TEST_4101,5
TEST_20107,5
TEST_29660,5
TEST_13496,5
TEST_14229,5
TEST_3650,5
TEST_7813,5
TEST_2430,5
TEST_24161,5
TEST_27968,5
TEST_28788,5
TEST_15435,5
TEST_29198,5
TEST_13967,5
TEST_7483,5
TEST_16874,5
TEST_980,5
TEST_24828,5
TEST_19583,5
TEST_10408,5
TEST_11005,5
TEST_7767,5
TEST_16492,5
TEST_28236,5
TEST_20338,5
TEST_27197,5
TEST_6317,5
TEST_7716,5
TEST_19731,5
TEST_2081,5
TEST_13196,5
TEST_27946,5
TEST_9415,5
TEST_11760,5
TEST_5249,5
TEST_15213,5
TEST_8986,5
TEST_2568,5
TEST_1202,5
TEST_10127,5
TEST_7999,5
TEST_10606,5
TEST_12424,5
TEST_22460,5
TEST_14857,5
TEST_19740,5
TEST_21595,5
TEST_24906,5
TEST_13896,5
TEST_15950,5
TEST_7916,5
TEST_22983,5
TEST_14539,5
TEST_25460,5
TEST_23969,5
TEST_15604,5
TEST_20781,5
TEST_18931,5
TEST_9603,5
TEST_12057,5
TEST_3593,5
TEST_5750,5
TEST_29935,5
TEST_5513,5
TEST_13408,5
TEST_8370,5
TEST_2439,5
TEST_8282,5
TEST_28256,5
TEST_256,5
TEST_4097,5
TEST_12483,5
TEST_2291,5
TEST_18091,5
TEST_26926,5
TEST_4264,5
TEST_18568,5
TEST_28600,5
TEST_9362,5
TEST_7926,5
TEST_13816,5
TEST_20910,5
TEST_10882,5
TEST_26382,5
TEST_8372,5
TEST_12265,5
TEST_263,5
TEST_12368,5
TEST_557,5
TEST_11324,5
TEST_8375,5
TEST_26616,5
TEST_26505,5
TEST_21719,5
TEST_199,5
TEST_4943,5
TEST_8913,5
TEST_22969,5
TEST_11930,5
TEST_23540,5
TEST_17022,5
TEST_20283,5
TEST_2784,5
TEST_2263,5
TEST_28439,5
TEST_17307,5
TEST_27446,5
TEST_29540,5
TEST_13170,5
TEST_28343,5
TEST_3691,5
TEST_8935,5
TEST_4984,5
TEST_15432,5
TEST_10274,5
TEST_2827,5
TEST_5798,5
TEST_10785,5
TEST_14423,5
TEST_13586,5
TEST_657,5
TEST_23783,5
TEST_5714,5
TEST_10193,5
TEST_5869,5
TEST_12535,5
TEST_8344,5
TEST_25855,5
TEST_6900,5
TEST_12060,5
TEST_7953,5
TEST_2014,5
TEST_1224,5
TEST_12656,5
TEST_22551,5
TEST_1227,5
TEST_18992,5
TEST_13532,5
TEST_2789,5
TEST_11970,5
TEST_113,5
TEST_1106,5
TEST_9792,5
TEST_20930,5
TEST_27427,5
TEST_21288,5
TEST_15794,5
TEST_4129,5
TEST_11534,5
TEST_11679,5
TEST_12515,5
TEST_29054,5
TEST_22208,5
TEST_9126,5
TEST_18430,5
TEST_21454,5
TEST_7313,5
TEST_15952,5
TEST_7224,5
TEST_4024,5
TEST_26517,5
TEST_16636,5
TEST_13720,5
TEST_8045,5
TEST_11349,5
TEST_26800,5
TEST_29591,5
TEST_26428,5
TEST_671,5
TEST_19938,5
TEST_27342,5
TEST_24428,5
TEST_8874,5
TEST_14020,5
TEST_3932,5
TEST_18641,5
TEST_26915,5
TEST_16807,5
TEST_18740,5
TEST_14770,5
TEST_28619,5
TEST_13566,5
TEST_11109,5
TEST_16126,5
TEST_22944,5
TEST_23852,5
TEST_12487,5
TEST_11126,5
TEST_19812,5
TEST_10982,5
TEST_28510,5
TEST_3473,5
TEST_16984,5
TEST_4471,5
TEST_8662,5
TEST_27143,5
TEST_29783,5
TEST_20478,5
TEST_8901,5
TEST_4622,5
TEST_18102,5
TEST_8896,5
TEST_13175,5
TEST_6805,5
TEST_18344,5
TEST_1682,5
TEST_479,5
TEST_15290,5
TEST_3759,5
TEST_14944,5
TEST_3288,5
TEST_14639,5
TEST_11429,5
TEST_20062,5
TEST_9054,5
TEST_19802,5
TEST_18033,5
TEST_1966,5
TEST_3097,5
TEST_7948,5
TEST_7451,5
TEST_14631,5
TEST_26812,5
TEST_16838,5
TEST_18861,5
TEST_14338,5
TEST_29294,5
TEST_1967,5
TEST_18656,5
TEST_18895,5
TEST_24332,5
TEST_18308,5
TEST_7311,5
TEST_13317,5
TEST_14935,5
TEST_27060,5
TEST_15927,5
TEST_21477,5
TEST_15353,5
TEST_16978,5
TEST_5568,5
TEST_27596,5
TEST_9402,5
TEST_19844,5
TEST_5920,5
TEST_197,5
TEST_23263,5
TEST_9599,5
TEST_8538,5
TEST_12799,5
TEST_10345,5
TEST_12311,5
TEST_2955,5
TEST_17930,5
TEST_25385,5
TEST_5592,5
TEST_25331,5
TEST_8730,5
TEST_381,5
TEST_28450,5
TEST_19372,5
TEST_15757,5
TEST_9677,5
TEST_13525,5
TEST_4100,5
TEST_415,5
TEST_2593,5
TEST_8708,5
TEST_19115,5
TEST_2023,5
TEST_29458,5
TEST_16430,5
TEST_18181,5
TEST_26693,5
TEST_10547,5
TEST_29407,5
TEST_28358,5
TEST_8197,5
TEST_26523,5
TEST_23565,5
TEST_3895,5
TEST_245,5
TEST_10787,5
TEST_445,5
TEST_15839,5
TEST_11507,5
TEST_1334,5
TEST_25470,5
TEST_20696,5
TEST_29766,5
TEST_24601,5
TEST_16455,5
TEST_11378,5
TEST_14101,5
TEST_3535,5
TEST_12342,5
TEST_18560,5
TEST_4425,5
TEST_28197,5
TEST_13116,5
TEST_13314,5
TEST_14733,5
TEST_27906,5
TEST_20952,5
TEST_2786,5
TEST_7271,5
TEST_3860,5
TEST_12946,5
TEST_28109,5
TEST_3050,5
TEST_12241,5
TEST_22949,5
TEST_10886,5
TEST_16053,5
TEST_6945,5
TEST_13510,5
TEST_2575,5
TEST_15869,5
TEST_21703,5
TEST_12277,5
TEST_712,5
TEST_25086,5
TEST_3128,5
TEST_14271,5
TEST_14599,5
TEST_28612,5
TEST_28548,5
TEST_24790,5
TEST_6925,5
TEST_1054,5
TEST_957,5
TEST_17924,5
TEST_28670,5
TEST_12780,5
TEST_10356,5
TEST_16784,5
TEST_7553,5
TEST_27422,5
TEST_10894,5
TEST_28151,5
TEST_28542,5
TEST_4685,5
TEST_22396,5
TEST_9121,5
TEST_3413,5
TEST_155,5
TEST_28318,5
TEST_23397,5
TEST_3251,5
TEST_21878,5
TEST_19605,5
TEST_29548,5
TEST_2962,5
TEST_14745,5
TEST_12127,5
TEST_3704,5
TEST_22905,5
TEST_14831,5
TEST_29151,5
TEST_2450,5
TEST_10736,5
TEST_25053,5
TEST_4002,5
TEST_10979,5
TEST_10260,5
TEST_9480,5
TEST_28705,5
TEST_13289,5
TEST_22298,5
TEST_8463,5
TEST_4345,5
TEST_28493,5
TEST_3246,5
TEST_20433,5
TEST_20964,5
TEST_1133,5
TEST_16576,5
TEST_7027,5
TEST_20396,5
TEST_4469,5
TEST_16153,5
TEST_27177,5
TEST_19064,5
TEST_28416,5
TEST_16554,5
TEST_1403,5
TEST_3552,5
TEST_8084,5
TEST_8627,5
TEST_20145,5
TEST_8666,5
TEST_5548,5
TEST_14313,5
TEST_13215,5
TEST_4564,5
TEST_5925,5
TEST_28317,5
TEST_21575,5
TEST_21841,5
TEST_4683,5
TEST_21776,5
TEST_5529,5
TEST_4398,5
TEST_2333,5
TEST_14106,5
TEST_15599,5
TEST_24064,5
TEST_5841,5
TEST_23437,5
TEST_12457,5
TEST_838,5
TEST_5112,5
TEST_12229,5
TEST_23414,5
TEST_23288,5
TEST_28209,5
TEST_18799,5
TEST_27199,5
TEST_26276,5
TEST_19917,5
TEST_22539,5
TEST_12114,5
TEST_25587,5
TEST_14005,5
TEST_4881,5
TEST_24883,5
TEST_7807,5
TEST_27419,5
TEST_7123,5
TEST_14988,5
TEST_24796,5
TEST_22615,5
TEST_21380,5
TEST_28500,5
TEST_1705,5
TEST_5619,5
TEST_5362,5
TEST_8806,5
TEST_2766,5
TEST_13571,5
TEST_755,5
TEST_16083,5
TEST_12981,5
TEST_2083,5
TEST_23667,5
TEST_10856,5
TEST_25501,5
TEST_12204,5
TEST_22224,5
TEST_16760,5
TEST_25771,5
TEST_1785,5
TEST_25985,5
TEST_7154,5
TEST_5755,5
TEST_8734,5
TEST_10086,5
TEST_19070,5
TEST_7952,5
TEST_3706,5
TEST_7417,5
TEST_4187,5
TEST_14339,5
TEST_3252,5
TEST_21510,5
TEST_14560,5
TEST_21282,5
TEST_28353,5
TEST_20000,5
TEST_26454,5
TEST_4660,5
TEST_3614,5
TEST_20154,5
TEST_22119,5
TEST_21236,5
TEST_8509,5
TEST_10700,5
TEST_13570,5
TEST_10939,5
TEST_17375,5
TEST_29000,5
TEST_11700,5
TEST_14408,5
TEST_29026,5
TEST_9579,5
TEST_23628,5
TEST_6557,5
TEST_8403,5
TEST_8863,5
TEST_29528,5
TEST_17910,5
TEST_4600,5
TEST_4082,5
TEST_9099,5
TEST_23271,5
TEST_16120,5
TEST_7967,5
TEST_4046,5
TEST_17742,5
TEST_29814,5
TEST_29328,5
TEST_5633,5
TEST_27880,5
TEST_27806,5
TEST_20730,5
TEST_12306,5
TEST_1372,5
TEST_15428,5
TEST_13210,5
TEST_29147,5
TEST_26520,5
TEST_27102,5
TEST_29942,5
TEST_26748,5
TEST_360,5
TEST_20483,5
TEST_4074,5
TEST_26107,5
TEST_18755,5
TEST_10493,5
TEST_6754,5
TEST_25305,5
TEST_5457,5
TEST_10423,5
TEST_13765,5
TEST_25147,5
TEST_26864,5
TEST_20184,5
TEST_5725,5
TEST_6643,5
TEST_19095,5
TEST_16527,5
TEST_17878,5
TEST_406,5
TEST_19183,5
TEST_708,5
TEST_5708,5
TEST_20656,5
TEST_13973,5
TEST_26962,5
TEST_13653,5
TEST_15083,5
TEST_24564,5
TEST_7410,5
TEST_24722,5
TEST_18613,5
TEST_29005,5
TEST_5427,5
TEST_6748,5
TEST_17656,5
TEST_829,5
TEST_16099,5
TEST_22489,5
TEST_1456,5
TEST_4937,5
TEST_21337,5
TEST_11687,5
TEST_18563,5
TEST_24742,5
TEST_23480,5
TEST_21377,5
TEST_22219,5
TEST_16038,5
TEST_11480,5
TEST_9683,5
TEST_28938,5
TEST_370,5
TEST_2498,5
TEST_1297,5
TEST_1760,5
TEST_14731,5
TEST_23708,5
TEST_19587,5
TEST_15377,5
TEST_20009,5
TEST_14648,5
TEST_23895,5
TEST_29988,5
TEST_21219,5
TEST_28466,5
TEST_23268,5
TEST_22304,5
TEST_17907,5
TEST_21831,5
TEST_12136,5
TEST_23609,5
TEST_26506,5
TEST_3769,5
TEST_4050,5
TEST_26839,5
TEST_527,5
TEST_19050,5
TEST_7947,5
TEST_7490,5
TEST_9883,5
TEST_680,5
TEST_28015,5
TEST_2383,5
TEST_11174,5
TEST_13425,5
TEST_5032,5
TEST_10431,5
TEST_21159,5
TEST_18451,5
TEST_27141,5
TEST_3033,5
TEST_16573,5
TEST_6768,5
TEST_27658,5
TEST_12431,5
TEST_28932,5
TEST_5815,5
TEST_26865,5
TEST_5861,5
TEST_11973,5
TEST_8802,5
TEST_26317,5
TEST_8461,5
TEST_16931,5
TEST_7687,5
TEST_2759,5
TEST_684,5
TEST_20845,5
TEST_23156,5
TEST_28088,5
TEST_13841,5
TEST_19727,5
TEST_25210,5
TEST_16392,5
TEST_14161,5
TEST_3314,5
TEST_2543,5
TEST_5040,5
TEST_8695,5
TEST_5719,5
TEST_26514,5
TEST_21811,5
TEST_13833,5
TEST_6751,5
TEST_17139,5
TEST_14507,5
TEST_11390,5
TEST_3082,5
TEST_14600,5
TEST_9128,5
TEST_11636,5
TEST_20572,5
TEST_12026,5
TEST_25562,5
TEST_28014,5
TEST_28198,5
TEST_390,5
TEST_24123,5
TEST_10580,5
TEST_4942,5
TEST_5274,5
TEST_24708,5
TEST_3215,5
TEST_18758,5
TEST_15466,5
TEST_997,5
TEST_19231,5
TEST_14671,5
TEST_28483,5
TEST_14270,5
TEST_26249,5
TEST_19360,5
TEST_19266,5
TEST_21494,5
TEST_35,5
TEST_19410,5
TEST_14222,5
TEST_27078,5
TEST_15196,5
TEST_15259,5
TEST_28481,5
TEST_19173,5
TEST_25863,5
TEST_14067,5
TEST_783,5
TEST_24152,5
TEST_28230,5
TEST_29386,5
TEST_25084,5
TEST_27136,5
TEST_24055,5
TEST_2181,5
TEST_14120,5
TEST_5202,5
TEST_29078,5
TEST_25647,5
TEST_5000,5
TEST_28955,5
TEST_4845,5
TEST_8958,5
TEST_11327,5
TEST_25384,5
TEST_11847,5
TEST_2198,5
TEST_17280,5
TEST_5849,5
TEST_6060,5
TEST_13316,5
TEST_2492,5
TEST_13527,5
TEST_21045,5
TEST_3308,5
TEST_21623,5
TEST_25975,5
TEST_24496,5
TEST_27262,5
TEST_16773,5
TEST_26455,5
TEST_22861,5
TEST_17321,5
TEST_25286,5
TEST_16373,5
TEST_1238,5
TEST_19751,5
TEST_3198,5
TEST_24945,5
TEST_7168,5
TEST_19496,5
TEST_9345,5
TEST_23772,5
TEST_28878,5
TEST_19777,5
TEST_9339,5
TEST_8184,5
TEST_17932,5
TEST_14215,5
TEST_16210,5
TEST_29062,5
TEST_779,5
TEST_21034,5
TEST_179,5
TEST_12503,5
TEST_20640,5
TEST_14002,5
TEST_12773,5
TEST_21287,5
TEST_28386,5
TEST_11279,5
TEST_28728,5
TEST_4715,5
TEST_3680,5
TEST_6088,5
TEST_10784,5
TEST_22386,5
TEST_10933,5
TEST_6417,5
TEST_7833,5
TEST_78,5
TEST_17729,5
TEST_20913,5
TEST_26758,5
TEST_16743,5
TEST_20896,5
TEST_14536,5
TEST_4729,5
TEST_10560,5
TEST_19052,5
TEST_7295,5
TEST_27186,5
TEST_17702,5
TEST_188,5
TEST_9649,5
TEST_10237,5
TEST_7017,5
TEST_3989,5
TEST_341,5
TEST_16600,5
TEST_15286,5
TEST_14933,5
TEST_14882,5
TEST_22463,5
TEST_13390,5
TEST_10878,5
TEST_3756,5
TEST_4971,5
TEST_7201,5
TEST_16463,5
TEST_3202,5
TEST_21142,5
TEST_1788,5
TEST_20333,5
TEST_14688,5
TEST_8756,5
TEST_3281,5
TEST_6963,5
TEST_8617,5
TEST_28398,5
TEST_18054,5
TEST_8795,5
TEST_23908,5
TEST_23360,5
TEST_16989,5
TEST_15581,5
TEST_17689,5
TEST_845,5
TEST_6983,5
TEST_363,5
TEST_7557,5
TEST_24861,5
TEST_4958,5
TEST_19247,5
TEST_23215,5
TEST_18540,5
TEST_4761,5
TEST_3840,5
TEST_3964,5
TEST_25948,5
TEST_10276,5
TEST_2151,5
TEST_25101,5
TEST_24369,5
TEST_27324,5
TEST_4167,5
TEST_12013,5
TEST_18484,5
TEST_4219,5
TEST_4785,5
TEST_7853,5
TEST_18975,5
TEST_12247,5
TEST_27569,5
TEST_9278,5
TEST_2655,5
TEST_25844,5
TEST_20189,5
TEST_4648,5
TEST_27732,5
TEST_20569,5
TEST_762,5
TEST_25235,5
TEST_8042,5
TEST_5277,5
TEST_20556,5
TEST_12652,5
TEST_11372,5
TEST_17063,5
TEST_9612,5
TEST_29798,5
TEST_15322,5
TEST_28633,5
TEST_14169,5
TEST_17131,5
TEST_2093,5
TEST_15483,5
TEST_12651,5
TEST_18353,5
TEST_4588,5
TEST_12664,5
TEST_11794,5
TEST_6984,5
TEST_8136,5
TEST_2940,5
TEST_17676,5
TEST_23251,5
TEST_13370,5
TEST_25663,5
TEST_1975,5
TEST_23116,5
TEST_17637,5
TEST_13132,5
TEST_26146,5
TEST_14298,5
TEST_1995,5
TEST_9193,5
TEST_29740,5
TEST_22914,5
TEST_23806,5
TEST_23109,5
TEST_5884,5
TEST_12211,5
TEST_2347,5
TEST_15190,5
TEST_6921,5
TEST_648,5
TEST_17294,5
TEST_27749,5
TEST_7564,5
TEST_19228,5
TEST_7116,5
TEST_27149,5
TEST_20688,5
TEST_10199,5
TEST_19431,5
TEST_29993,5
TEST_23321,5
TEST_15265,5
TEST_11335,5
TEST_24336,5
TEST_7880,5
TEST_20568,5
TEST_12682,5
TEST_4248,5
TEST_17284,5
TEST_26643,5
TEST_20389,5
TEST_29608,5
TEST_4575,5
TEST_26529,5
TEST_24526,5
TEST_27629,5
TEST_13026,5
TEST_6132,5
TEST_11518,5
TEST_29984,5
TEST_2074,5
TEST_20599,5
TEST_28904,5
TEST_13881,5
TEST_21480,5
TEST_21541,5
TEST_28291,5
TEST_8413,5
TEST_25730,5
TEST_28550,5
TEST_2497,5
TEST_17231,5
TEST_20234,5
TEST_12679,5
TEST_22251,5
TEST_6555,5
TEST_4387,5
TEST_4947,5
TEST_8630,5
TEST_11461,5
TEST_14172,5
TEST_17344,5
TEST_25234,5
TEST_11579,5
TEST_21263,5
TEST_10879,5
TEST_18199,5
TEST_24168,5
TEST_1320,5
TEST_5181,5
TEST_10440,5
TEST_9524,5
TEST_25063,5
TEST_6720,5
TEST_6096,5
TEST_20549,5
TEST_21134,5
TEST_17467,5
TEST_1891,5
TEST_2680,5
TEST_26445,5
TEST_4298,5
TEST_6619,5
TEST_18905,5
TEST_21481,5
TEST_15395,5
TEST_29342,5
TEST_28280,5
TEST_2206,5
TEST_3648,5
TEST_22750,5
TEST_10095,5
TEST_14827,5
TEST_29253,5
TEST_2660,5
TEST_19571,5
TEST_5340,5
TEST_19437,5
TEST_25290,5
TEST_27849,5
TEST_8444,5
TEST_17200,5
TEST_23356,5
TEST_19501,5
TEST_11691,5
TEST_7071,5
TEST_12637,5
TEST_29576,5
TEST_24542,5
TEST_18349,5
TEST_218,5
TEST_11118,5
TEST_1330,5
TEST_3962,5
TEST_16533,5
TEST_17214,5
TEST_2602,5
TEST_18510,5
TEST_17234,5
TEST_16337,5
TEST_4503,5
TEST_5203,5
TEST_14174,5
TEST_19897,5
TEST_21920,5
TEST_18170,5
TEST_23939,5
TEST_2275,5
TEST_5462,5
TEST_7074,5
TEST_10869,5
TEST_27975,5
TEST_21381,5
TEST_25174,5
TEST_25002,5
TEST_28413,5
TEST_2167,5
TEST_14830,5
TEST_18413,5
TEST_22476,5
TEST_17928,5
TEST_20230,5
TEST_24394,5
TEST_16675,5
TEST_25438,5
TEST_2320,5
TEST_13968,5
TEST_26244,5
TEST_18286,5
TEST_13918,5
TEST_8133,5
TEST_6092,5
TEST_22505,5
TEST_17870,5
TEST_5381,5
TEST_14488,5
TEST_27537,5
TEST_3586,5
TEST_24939,5
TEST_22751,5
TEST_25432,5
TEST_21959,5
TEST_15197,5
TEST_5629,5
TEST_18818,5
TEST_22743,5
TEST_8433,5
TEST_7467,5
TEST_6546,5
TEST_23425,5
TEST_23427,5
TEST_24196,5
TEST_8710,5
TEST_18377,5
TEST_11546,5
TEST_15958,5
TEST_6015,5
TEST_4921,5
TEST_5480,5
TEST_11814,5
TEST_14079,5
TEST_15262,5
TEST_2942,5
TEST_14910,5
TEST_27748,5
TEST_8284,5
TEST_10681,5
TEST_57,5
TEST_27622,5
TEST_1962,5
TEST_2578,5
TEST_9378,5
TEST_15268,5
TEST_7438,5
TEST_29240,5
TEST_24842,5
TEST_25547,5
TEST_11982,5
TEST_10024,5
TEST_5270,5
TEST_28415,5
TEST_11275,5
TEST_1209,5
TEST_25367,5
TEST_2833,5
TEST_4752,5
TEST_27423,5
TEST_15502,5
TEST_18907,5
TEST_3353,5
TEST_21848,5
TEST_11018,5
TEST_12129,5
TEST_4463,5
TEST_13988,5
TEST_13995,5
TEST_21216,5
TEST_25075,5
TEST_18610,5
TEST_3871,5
TEST_28114,5
TEST_26908,5
TEST_18271,5
TEST_9115,5
TEST_457,5
TEST_29016,5
TEST_16048,5
TEST_2415,5
TEST_5799,5
TEST_7661,5
TEST_28319,5
TEST_24259,5
TEST_24096,5
TEST_26548,5
TEST_15859,5
TEST_10205,5
TEST_8678,5
TEST_9326,5
TEST_14479,5
TEST_2490,5
TEST_26985,5
TEST_7884,5
TEST_11538,5
TEST_20251,5
TEST_7023,5
TEST_21733,5
TEST_27034,5
TEST_14860,5
TEST_12450,5
TEST_23461,5
TEST_23778,5
TEST_12903,5
TEST_20038,5
TEST_27745,5
TEST_24373,5
TEST_6011,5
TEST_1072,5
TEST_16523,5
TEST_24566,5
TEST_18984,5
TEST_23520,5
TEST_26070,5
TEST_23978,5
TEST_26568,5
TEST_1500,5
TEST_9601,5
TEST_16850,5
TEST_19447,5
TEST_12348,5
TEST_25393,5
TEST_22437,5
TEST_3131,5
TEST_23058,5
TEST_14706,5
TEST_1660,5
TEST_16393,5
TEST_14970,5
TEST_2025,5
TEST_18416,5
TEST_10288,5
TEST_20554,5
TEST_10370,5
TEST_28497,5
TEST_27520,5
TEST_18246,5
TEST_20589,5
TEST_20185,5
TEST_26718,5
TEST_14466,5
TEST_28164,5
TEST_4304,5
TEST_10250,5
TEST_28832,5
TEST_22730,5
TEST_21170,5
TEST_13562,5
TEST_9398,5
TEST_16141,5
TEST_21150,5
TEST_3105,5
TEST_9008,5
TEST_6463,5
TEST_22849,5
TEST_15498,5
TEST_4353,5
TEST_27944,5
TEST_29585,5
TEST_22667,5
TEST_9286,5
TEST_26138,5
TEST_4602,5
TEST_14385,5
TEST_23988,5
TEST_25326,5
TEST_3602,5
TEST_11276,5
TEST_13695,5
TEST_12791,5
TEST_29089,5
TEST_15953,5
TEST_14853,5
TEST_25645,5
TEST_27707,5
TEST_25299,5
TEST_18447,5
TEST_26916,5
TEST_21341,5
TEST_11637,5
TEST_19854,5
TEST_19268,5
TEST_24921,5
TEST_27317,5
TEST_18774,5
TEST_5328,5
TEST_17768,5
TEST_12634,5
TEST_17247,5
TEST_17827,5
TEST_24799,5
TEST_7449,5
TEST_3038,5
TEST_24435,5
TEST_14158,5
TEST_14939,5
TEST_21528,5
TEST_15801,5
TEST_16043,5
TEST_21668,5
TEST_3944,5
TEST_28987,5
TEST_6227,5
TEST_2876,5
TEST_12857,5
TEST_23506,5
TEST_22245,5
TEST_13920,5
TEST_17712,5
TEST_15760,5
TEST_27407,5
TEST_13793,5
TEST_17687,5
TEST_13454,5
TEST_26066,5
TEST_8699,5
TEST_2516,5
TEST_13514,5
TEST_1589,5
TEST_9540,5
TEST_20427,5
TEST_22881,5
TEST_486,5
TEST_21240,5
TEST_11285,5
TEST_21734,5
TEST_26659,5
TEST_14500,5
TEST_3818,5
TEST_1470,5
TEST_4430,5
TEST_7189,5
TEST_5900,5
TEST_17624,5
TEST_21198,5
TEST_29518,5
TEST_1504,5
TEST_25825,5
TEST_9172,5
TEST_16840,5
TEST_27144,5
TEST_13016,5
TEST_13380,5
TEST_1377,5
TEST_6620,5
TEST_16436,5
TEST_23460,5
TEST_6988,5
TEST_24350,5
TEST_14953,5
TEST_24539,5
TEST_20267,5
TEST_17100,5
TEST_26551,5
TEST_3272,5
TEST_17841,5
TEST_14694,5
TEST_29274,5
TEST_167,5
TEST_5877,5
TEST_13714,5
TEST_9928,5
TEST_9927,5
TEST_25311,5
TEST_5079,5
TEST_21564,5
TEST_9015,5
TEST_7395,5
TEST_659,5
TEST_7882,5
TEST_8334,5
TEST_20201,5
TEST_14028,5
TEST_20593,5
TEST_386,5
TEST_15894,5
TEST_5669,5
TEST_24985,5
TEST_18266,5
TEST_13572,5
TEST_27438,5
TEST_4143,5
TEST_10194,5
TEST_8173,5
TEST_22802,5
TEST_14237,5
TEST_21037,5
TEST_5011,5
TEST_22019,5
TEST_23188,5
TEST_9138,5
TEST_21158,5
TEST_8283,5
TEST_1859,5
TEST_11885,5
TEST_5560,5
TEST_17947,5
TEST_23403,5
TEST_18090,5
TEST_26567,5
TEST_17082,5
TEST_19275,5
TEST_18287,5
TEST_20072,5
TEST_27598,5
TEST_29477,5
TEST_20715,5
TEST_23619,5
TEST_5802,5
TEST_4421,5
TEST_9693,5
TEST_10797,5
TEST_26047,5
TEST_18937,5
TEST_24132,5
TEST_8672,5
TEST_6533,5
TEST_20414,5
TEST_18765,5
TEST_9907,5
TEST_23440,5
TEST_2249,5
TEST_10914,5
TEST_507,5
TEST_3678,5
TEST_123,5
TEST_24661,5
TEST_10795,5
TEST_8015,5
TEST_10406,5
TEST_18384,5
TEST_12109,5
TEST_3126,5
TEST_29053,5
TEST_11,5
TEST_8827,5
TEST_8376,5
TEST_14883,5
TEST_19987,5
TEST_18827,5
TEST_25462,5
TEST_12961,5
TEST_22160,5
TEST_8217,5
TEST_28401,5
TEST_22313,5
TEST_6287,5
TEST_7666,5
TEST_12075,5
TEST_20960,5
TEST_15973,5
TEST_581,5
TEST_12615,5
TEST_20076,5
TEST_5268,5
TEST_8333,5
TEST_21233,5
TEST_7613,5
TEST_11077,5
TEST_306,5
TEST_10902,5
TEST_26225,5
TEST_22426,5
TEST_8,5
TEST_20172,5
TEST_6677,5
TEST_29003,5
TEST_9886,5
TEST_10630,5
TEST_9661,5
TEST_22806,5
TEST_12364,5
TEST_23315,5
TEST_15536,5
TEST_21843,5
TEST_27061,5
TEST_4147,5
TEST_23339,5
TEST_21870,5
TEST_12722,5
TEST_28929,5
TEST_9880,5
TEST_301,5
TEST_16482,5
TEST_23098,5
TEST_10313,5
TEST_11006,5
TEST_1357,5
TEST_25727,5
TEST_117,5
TEST_23077,5
TEST_15002,5
TEST_16932,5
TEST_23301,5
TEST_4841,5
TEST_16804,5
TEST_10349,5
TEST_15235,5
TEST_19797,5
TEST_3435,5
TEST_11774,5
TEST_23888,5
TEST_10320,5
TEST_23854,5
TEST_2977,5
TEST_14058,5
TEST_28859,5
TEST_7650,5
TEST_26056,5
TEST_1051,5
TEST_5744,5
TEST_18327,5
TEST_15480,5
TEST_22672,5
TEST_26383,5
TEST_11736,5
TEST_11702,5
TEST_12784,5
TEST_21351,5
TEST_14241,5
TEST_1726,5
TEST_18600,5
TEST_20382,5
TEST_21475,5
TEST_791,5
TEST_3685,5
TEST_9284,5
TEST_25767,5
TEST_5961,5
TEST_19340,5
TEST_20452,5
TEST_8499,5
TEST_28575,5
TEST_10687,5
TEST_6176,5
TEST_16710,5
TEST_27585,5
TEST_18516,5
TEST_29017,5
TEST_15104,5
TEST_19970,5
TEST_15468,5
TEST_14817,5
TEST_16889,5
TEST_15504,5
TEST_1936,5
TEST_24876,5
TEST_19899,5
TEST_5825,5
TEST_29989,5
TEST_14261,5
TEST_28942,5
TEST_9106,5
TEST_4437,5
TEST_20367,5
TEST_521,5
TEST_29044,5
TEST_17157,5
TEST_12054,5
TEST_21362,5
TEST_26287,5
TEST_23312,5
TEST_24320,5
TEST_10507,5
TEST_8959,5
TEST_4891,5
TEST_15280,5
TEST_23599,5
TEST_2890,5
TEST_9671,5
TEST_9703,5
TEST_26352,5
TEST_5831,5
TEST_29675,5
TEST_21145,5
TEST_17622,5
TEST_5318,5
TEST_29948,5
TEST_20815,5
TEST_296,5
TEST_26583,5
TEST_22414,5
TEST_16525,5
TEST_3124,5
TEST_5067,5
TEST_14558,5
TEST_24937,5
TEST_19981,5
TEST_2389,5
TEST_3824,5
TEST_28012,5
TEST_10190,5
TEST_11256,5
TEST_17217,5
TEST_20250,5
TEST_17493,5
TEST_7109,5
TEST_6178,5
TEST_21562,5
TEST_24857,5
TEST_19236,5
TEST_439,5
TEST_19440,5
TEST_7593,5
TEST_16288,5
TEST_27338,5
TEST_7304,5
TEST_635,5
TEST_29256,5
TEST_20164,5
TEST_19621,5
TEST_18882,5
TEST_22054,5
TEST_7047,5
TEST_7635,5
TEST_25589,5
TEST_11388,5
TEST_25419,5
TEST_14103,5
TEST_18636,5
TEST_29623,5
TEST_27904,5
TEST_3626,5
TEST_10362,5
TEST_21397,5
TEST_13746,5
TEST_25281,5
TEST_15799,5
TEST_25351,5
TEST_17953,5
TEST_20244,5
TEST_4750,5
TEST_27223,5
TEST_3631,5
TEST_29197,5
TEST_22593,5
TEST_11057,5
TEST_7838,5
TEST_28368,5
TEST_89,5
TEST_22638,5
TEST_6402,5
TEST_19389,5
TEST_5836,5
TEST_9572,5
TEST_28152,5
TEST_28402,5
TEST_8512,5
TEST_12868,5
TEST_3409,5
TEST_7461,5
TEST_26071,5
TEST_13936,5
TEST_8924,5
TEST_25530,5
TEST_17995,5
TEST_6303,5
TEST_7982,5
TEST_26022,5
TEST_1004,5
TEST_11163,5
TEST_17700,5
TEST_25283,5
TEST_23977,5
TEST_5788,5
TEST_16047,5
TEST_23010,5
TEST_17425,5
TEST_16483,5
TEST_2289,5
TEST_8732,5
TEST_7243,5
TEST_6716,5
TEST_16914,5
TEST_3565,5
TEST_24466,5
TEST_24630,5
TEST_12250,5
TEST_21328,5
TEST_16783,5
TEST_3864,5
TEST_24491,5
TEST_4372,5
TEST_23125,5
TEST_14950,5
TEST_20592,5
TEST_23078,5
TEST_24340,5
TEST_389,5
TEST_18123,5
TEST_29171,5
TEST_2856,5
TEST_7912,5
TEST_10074,5
TEST_9734,5
TEST_13185,5
TEST_9926,5
TEST_4331,5
TEST_20297,5
TEST_18094,5
TEST_22269,5
TEST_3632,5
TEST_7934,5
TEST_18444,5
TEST_17004,5
TEST_1932,5
TEST_28753,5
TEST_3171,5
TEST_26114,5
TEST_21625,5
TEST_12641,5
TEST_10058,5
TEST_13192,5
TEST_13212,5
TEST_12476,5
TEST_8255,5
TEST_10232,5
TEST_9940,5
TEST_28537,5
TEST_28857,5
TEST_5558,5
TEST_23719,5
TEST_15296,5
TEST_27308,5
TEST_9021,5
TEST_6440,5
TEST_25498,5
TEST_22817,5
TEST_9042,5
TEST_346,5
TEST_23027,5
TEST_25021,5
TEST_4766,5
TEST_13467,5
TEST_8632,5
TEST_1906,5
TEST_28741,5
TEST_21786,5
TEST_26856,5
TEST_26167,5
TEST_6998,5
TEST_22618,5
TEST_5260,5
TEST_29127,5
TEST_24208,5
TEST_5812,5
TEST_4763,5
TEST_2315,5
TEST_11004,5
TEST_23714,5
TEST_15160,5
TEST_24316,5
TEST_18837,5
TEST_1024,5
TEST_15935,5
TEST_22556,5
TEST_28890,5
TEST_26218,5
TEST_16797,5
TEST_28587,5
TEST_4828,5
TEST_18797,5
TEST_27987,5
TEST_15652,5
TEST_14601,5
TEST_10483,5
TEST_8917,5
TEST_27152,5
TEST_10418,5
TEST_3454,5
TEST_26954,5
TEST_12681,5
TEST_16579,5
TEST_15335,5
TEST_27634,5
TEST_24608,5
TEST_29233,5
TEST_4281,5
TEST_16019,5
TEST_9436,5
TEST_452,5
TEST_15334,5
TEST_27594,5
TEST_16246,5
TEST_5123,5
TEST_1306,5
TEST_4350,5
TEST_5376,5
TEST_7621,5
TEST_2036,5
TEST_1474,5
TEST_5902,5
TEST_15343,5
TEST_5663,5
TEST_23327,5
TEST_20762,5
TEST_4823,5
TEST_3709,5
TEST_17076,5
TEST_4590,5
TEST_7048,5
TEST_4226,5
TEST_25019,5
TEST_22824,5
TEST_28244,5
TEST_20386,5
TEST_17881,5
TEST_24845,5
TEST_951,5
TEST_10220,5
TEST_8712,5
TEST_23082,5
TEST_21772,5
TEST_924,5
TEST_25190,5
TEST_9641,5
TEST_22450,5
TEST_23021,5
TEST_28206,5
TEST_27534,5
TEST_12887,5
TEST_14584,5
TEST_22395,5
TEST_9440,5
TEST_10508,5
TEST_16865,5
TEST_1941,5
TEST_28362,5
TEST_16010,5
TEST_9496,5
TEST_2992,5
TEST_29873,5
TEST_14908,5
TEST_5954,5
TEST_15575,5
TEST_29435,5
TEST_2919,5
TEST_1866,5
TEST_26847,5
TEST_12023,5
TEST_13030,5
TEST_29235,5
TEST_22243,5
TEST_8859,5
TEST_6550,5
TEST_15969,5
TEST_13858,5
TEST_10053,5
TEST_29805,5
TEST_15497,5
TEST_13730,5
TEST_3702,5
TEST_22248,5
TEST_24095,5
TEST_5023,5
TEST_24856,5
TEST_20151,5
TEST_21616,5
TEST_25951,5
TEST_24727,5
TEST_24240,5
TEST_26230,5
TEST_6201,5
TEST_26430,5
TEST_28654,5
TEST_20004,5
TEST_17105,5
TEST_16623,5
TEST_7303,5
TEST_1525,5
TEST_4696,5
TEST_12329,5
TEST_23674,5
TEST_9466,5
TEST_6879,5
TEST_10837,5
TEST_25910,5
TEST_29872,5
TEST_3688,5
TEST_1329,5
TEST_27413,5
TEST_18191,5
TEST_3562,5
TEST_8321,5
TEST_5800,5
TEST_10512,5
TEST_26474,5
TEST_11912,5
TEST_6886,5
TEST_4638,5
TEST_18480,5
TEST_8733,5
TEST_6497,5
TEST_11875,5
TEST_261,5
TEST_22082,5
TEST_4370,5
TEST_14037,5
TEST_8278,5
TEST_9282,5
TEST_11580,5
TEST_16975,5
TEST_7944,5
TEST_5903,5
TEST_25529,5
TEST_16223,5
TEST_16995,5
TEST_12083,5
TEST_27580,5
TEST_3218,5
TEST_15612,5
TEST_10716,5
TEST_22149,5
TEST_23129,5
TEST_15127,5
TEST_7032,5
TEST_6131,5
TEST_6453,5
TEST_8677,5
TEST_4028,5
TEST_19118,5
TEST_2790,5
TEST_11653,5
TEST_9024,5
TEST_8731,5
TEST_7081,5
TEST_26235,5
TEST_9118,5
TEST_6911,5
TEST_3861,5
TEST_7939,5
TEST_2030,5
TEST_19464,5
TEST_7865,5
TEST_1547,5
TEST_14574,5
TEST_10326,5
TEST_29850,5
TEST_9035,5
TEST_1124,5
TEST_19097,5
TEST_2170,5
TEST_2119,5
TEST_6669,5
TEST_8585,5
TEST_12816,5
TEST_24685,5
TEST_25603,5
TEST_2898,5
TEST_19290,5
TEST_17246,5
TEST_3570,5
TEST_8886,5
TEST_16862,5
TEST_17946,5
TEST_1119,5
TEST_27561,5
TEST_5874,5
TEST_20491,5
TEST_2643,5
TEST_11493,5
TEST_8125,5
TEST_29108,5
TEST_18940,5
TEST_2848,5
TEST_12602,5
TEST_22367,5
TEST_29025,5
TEST_203,5
TEST_8707,5
TEST_2854,5
TEST_27191,5
TEST_10030,5
TEST_13817,5
TEST_18645,5
TEST_22257,5
TEST_23773,5
TEST_25105,5
TEST_20034,5
TEST_15724,5
TEST_16439,5
TEST_807,5
TEST_11957,5
TEST_4202,5
TEST_29469,5
TEST_6460,5
TEST_29258,5
TEST_7049,5
TEST_440,5
TEST_7858,5
TEST_21842,5
TEST_10755,5
TEST_16721,5
TEST_24489,5
TEST_23894,5
TEST_3822,5
TEST_15248,5
TEST_7638,5
TEST_24973,5
TEST_15361,5
TEST_18468,5
TEST_8568,5
TEST_11686,5
TEST_1170,5
TEST_15759,5
TEST_6792,5
TEST_21950,5
TEST_12252,5
TEST_990,5
TEST_5959,5
TEST_11465,5
TEST_22374,5
TEST_9906,5
TEST_18621,5
TEST_24243,5
TEST_10559,5
TEST_2686,5
TEST_15829,5
TEST_23106,5
TEST_9064,5
TEST_22452,5
TEST_5398,5
TEST_26111,5
TEST_11936,5
TEST_21071,5
TEST_19054,5
TEST_6695,5
TEST_24401,5
TEST_9555,5
TEST_24752,5
TEST_22925,5
TEST_5989,5
TEST_15000,5
TEST_11494,5
TEST_2153,5
TEST_13820,5
TEST_28954,5
TEST_2782,5
TEST_25847,5
TEST_17522,5
TEST_23131,5
TEST_20044,5
TEST_27273,5
TEST_12032,5
TEST_24838,5
TEST_9431,5
TEST_17660,5
TEST_23169,5
TEST_23230,5
TEST_10989,5
TEST_10816,5
TEST_1195,5
TEST_11859,5
TEST_9672,5
TEST_4614,5
TEST_13097,5
TEST_29767,5
TEST_4533,5
TEST_22537,5
TEST_11066,5
TEST_15046,5
TEST_21711,5
TEST_10908,5
TEST_6710,5
TEST_11273,5
TEST_20570,5
TEST_23746,5
TEST_24199,5
TEST_16201,5
TEST_20138,5
TEST_19547,5
TEST_24238,5
TEST_21526,5
TEST_3203,5
TEST_5331,5
TEST_926,5
TEST_11867,5
TEST_9146,5
TEST_5195,5
TEST_1963,5
TEST_27754,5
TEST_18988,5
TEST_22788,5
TEST_28573,5
TEST_23918,5
TEST_23417,5
TEST_27328,5
TEST_8687,5
TEST_20867,5
TEST_21085,5
TEST_974,5
TEST_17655,5
TEST_19518,5
TEST_11238,5
TEST_18929,5
TEST_18424,5
TEST_7743,5
TEST_10693,5
TEST_7242,5
TEST_14409,5
TEST_7095,5
TEST_21698,5
TEST_88,5
TEST_6308,5
TEST_26424,5
TEST_2398,5
TEST_22468,5
TEST_18726,5
TEST_11824,5
TEST_11334,5
TEST_9090,5
TEST_2546,5
TEST_28156,5
TEST_8834,5
TEST_22254,5
TEST_1429,5
TEST_26769,5
TEST_23681,5
TEST_9387,5
TEST_26754,5
TEST_21208,5
TEST_25689,5
TEST_129,5
TEST_8400,5
TEST_17180,5
TEST_2106,5
TEST_5183,5
TEST_14796,5
TEST_19297,5
TEST_13680,5
TEST_12022,5
TEST_8151,5
TEST_14395,5
TEST_20054,5
TEST_414,5
TEST_9622,5
TEST_10761,5
TEST_19737,5
TEST_3539,5
TEST_18753,5
TEST_18703,5
TEST_2744,5
TEST_12253,5
TEST_12733,5
TEST_18930,5
TEST_17118,5
TEST_11035,5
TEST_28782,5
TEST_225,5
TEST_3461,5
TEST_25953,5
TEST_126,5
TEST_6875,5
TEST_14814,5
TEST_28018,5
TEST_5593,5
TEST_25903,5
TEST_14414,5
TEST_24936,5
TEST_2999,5
TEST_16531,5
TEST_20849,5
TEST_18863,5
TEST_20605,5
TEST_2175,5
TEST_19922,5
TEST_14707,5
TEST_12232,5
TEST_11860,5
TEST_28170,5
TEST_3298,5
TEST_12223,5
TEST_24864,5
TEST_13815,5
TEST_3172,5
TEST_22335,5
TEST_17458,5
TEST_10758,5
TEST_2860,5
TEST_1137,5
TEST_599,5
TEST_7390,5
TEST_5416,5
TEST_29924,5
TEST_11310,5
TEST_17849,5
TEST_20518,5
TEST_2444,5
TEST_9541,5
TEST_13792,5
TEST_9225,5
TEST_29745,5
TEST_25100,5
TEST_23100,5
TEST_20424,5
TEST_5941,5
TEST_2635,5
TEST_2690,5
TEST_3156,5
TEST_5338,5
TEST_20701,5
TEST_20104,5
TEST_29468,5
TEST_6341,5
TEST_12557,5
TEST_7073,5
TEST_26801,5
TEST_22724,5
TEST_20163,5
TEST_25542,5
TEST_5498,5
TEST_1955,5
TEST_25963,5
TEST_3712,5
TEST_6353,5
TEST_21079,5
TEST_4527,5
TEST_21746,5
TEST_20205,5
TEST_3015,5
TEST_26603,5
TEST_4362,5
TEST_25824,5
TEST_3326,5
TEST_18964,5
TEST_26246,5
TEST_12938,5
TEST_8428,5
TEST_26884,5
TEST_26067,5
TEST_28672,5
TEST_3527,5
TEST_29958,5
TEST_4619,5
TEST_14589,5
TEST_1659,5
TEST_10868,5
TEST_18963,5
TEST_20349,5
TEST_14220,5
TEST_25842,5
TEST_3946,5
TEST_28531,5
TEST_14366,5
TEST_13745,5
TEST_27587,5
TEST_24631,5
TEST_5495,5
TEST_22623,5
TEST_12103,5
TEST_26053,5
TEST_146,5
TEST_10424,5
TEST_26166,5
TEST_192,5
TEST_23527,5
TEST_10350,5
TEST_26739,5
TEST_3668,5
TEST_2346,5
TEST_17958,5
TEST_22401,5
TEST_25446,5
TEST_13311,5
TEST_14060,5
TEST_22294,5
TEST_24524,5
TEST_11554,5
TEST_6702,5
TEST_4880,5
TEST_3923,5
TEST_10259,5
TEST_21800,5
TEST_9018,5
TEST_23348,5
TEST_24181,5
TEST_12670,5
TEST_16122,5
TEST_9087,5
TEST_20029,5
TEST_18794,5
TEST_18060,5
TEST_17362,5
TEST_2830,5
TEST_14283,5
TEST_21369,5
TEST_29966,5
TEST_2128,5
TEST_3664,5
TEST_18354,5
TEST_21199,5
TEST_2156,5
TEST_6441,5
TEST_23742,5
TEST_852,5
TEST_3530,5
TEST_22239,5
TEST_27377,5
TEST_25128,5
TEST_25310,5
TEST_25261,5
TEST_17565,5
TEST_15470,5
TEST_14669,5
TEST_27304,5
TEST_3951,5
TEST_12742,5
TEST_1863,5
TEST_13809,5
TEST_25078,5
TEST_29531,5
TEST_8430,5
TEST_961,5
TEST_9854,5
TEST_1786,5
TEST_7983,5
TEST_26416,5
TEST_25810,5
TEST_19093,5
TEST_29028,5
TEST_2822,5
TEST_25622,5
TEST_27194,5
TEST_15129,5
TEST_18401,5
TEST_11769,5
TEST_6502,5
TEST_29670,5
TEST_17888,5
TEST_19353,5
TEST_937,5
TEST_12213,5
TEST_12150,5
TEST_1553,5
TEST_27989,5
TEST_18539,5
TEST_25181,5
TEST_25016,5
TEST_6400,5
TEST_10043,5
TEST_1416,5
TEST_2927,5
TEST_12911,5
TEST_7556,5
TEST_5060,5
TEST_17584,5
TEST_14723,5
TEST_456,5
TEST_3240,5
TEST_23840,5
TEST_11704,5
TEST_27094,5
TEST_24253,5
TEST_6360,5
TEST_26222,5
TEST_3764,5
TEST_27660,5
TEST_15976,5
TEST_4119,5
TEST_14693,5
TEST_20281,5
TEST_911,5
TEST_22101,5
TEST_25144,5
TEST_6793,5
TEST_6225,5
TEST_29047,5
TEST_29373,5
TEST_8311,5
TEST_22369,5
TEST_26213,5
TEST_11795,5
TEST_17204,5
TEST_4964,5
TEST_523,5
TEST_23994,5
TEST_19424,5
TEST_7530,5
TEST_20438,5
TEST_3108,5
TEST_13772,5
TEST_2327,5
TEST_8469,5
TEST_11361,5
TEST_16384,5
TEST_29205,5
TEST_11706,5
TEST_17911,5
TEST_21073,5
TEST_11523,5
TEST_10698,5
TEST_906,5
TEST_25877,5
TEST_25260,5
TEST_22238,5
TEST_9056,5
TEST_14662,5
TEST_15269,5
TEST_4083,5
TEST_24619,5
TEST_4152,5
TEST_1192,5
TEST_25973,5
TEST_19318,5
TEST_12270,5
TEST_280,5
TEST_28834,5
TEST_13385,5
TEST_22954,5
TEST_10065,5
TEST_5244,5
TEST_13295,5
TEST_3608,5
TEST_18089,5
TEST_6713,5
TEST_29181,5
TEST_2863,5
TEST_1230,5
TEST_8227,5
TEST_1544,5
TEST_7397,5
TEST_5931,5
TEST_14760,5
TEST_7352,5
TEST_17929,5
TEST_11621,5
TEST_9569,5
TEST_8269,5
TEST_3414,5
TEST_29781,5
TEST_25338,5
TEST_12599,5
TEST_17212,5
TEST_21189,5
TEST_5326,5
TEST_9335,5
TEST_10884,5
TEST_13655,5
TEST_7368,5
TEST_12494,5
TEST_25221,5
TEST_9279,5
TEST_28865,5
TEST_26798,5
TEST_4721,5
TEST_6205,5
TEST_4432,5
TEST_20683,5
TEST_18076,5
TEST_21790,5
TEST_9893,5
TEST_13270,5
TEST_13154,5
TEST_11886,5
TEST_19215,5
TEST_4183,5
TEST_18578,5
TEST_20755,5
TEST_20760,5
TEST_25377,5
TEST_6214,5
TEST_10476,5
TEST_10323,5
TEST_16919,5
TEST_15613,5
TEST_25187,5
TEST_1741,5
TEST_4045,5
TEST_8203,5
TEST_29584,5
TEST_7578,5
TEST_23189,5
TEST_2727,5
TEST_25814,5
TEST_5422,5
TEST_16172,5
TEST_25596,5
TEST_28692,5
TEST_7348,5
TEST_22680,5
TEST_8176,5
TEST_5293,5
TEST_13445,5
TEST_23413,5
TEST_17281,5
TEST_7296,5
TEST_25902,5
TEST_10965,5
TEST_21754,5
TEST_23641,5
TEST_17834,5
TEST_27623,5
TEST_19013,5
TEST_20752,5
TEST_24299,5
TEST_7640,5
TEST_7196,5
TEST_24927,5
TEST_4407,5
TEST_2667,5
TEST_18515,5
TEST_1317,5
TEST_5541,5
TEST_10520,5
TEST_20342,5
TEST_9605,5
TEST_26320,5
TEST_18342,5
TEST_5556,5
TEST_5266,5
TEST_26773,5
TEST_2535,5
TEST_24445,5
TEST_3241,5
TEST_28911,5
TEST_29673,5
TEST_23037,5
TEST_25715,5
TEST_20259,5
TEST_14626,5
TEST_20767,5
TEST_28009,5
TEST_24748,5
TEST_20049,5
TEST_26223,5
TEST_13098,5
TEST_102,5
TEST_28895,5
TEST_1641,5
TEST_9611,5
TEST_12597,5
TEST_29802,5
TEST_9177,5
TEST_5671,5
TEST_18919,5
TEST_10401,5
TEST_20925,5
TEST_4293,5
TEST_2560,5
TEST_26682,5
TEST_12422,5
TEST_16327,5
TEST_461,5
TEST_4559,5
TEST_17197,5
TEST_16808,5
TEST_12249,5
TEST_13555,5
TEST_10523,5
TEST_17657,5
TEST_8144,5
TEST_10047,5
TEST_2528,5
TEST_27610,5
TEST_1629,5
TEST_1214,5
TEST_11375,5
TEST_23781,5
TEST_1563,5
TEST_14764,5
TEST_8786,5
TEST_28429,5
TEST_16992,5
TEST_12523,5
TEST_6398,5
TEST_25789,5
TEST_22403,5
TEST_27301,5
TEST_5893,5
TEST_14311,5
TEST_19196,5
TEST_17190,5
TEST_11767,5
TEST_5773,5
TEST_13450,5
TEST_11024,5
TEST_26707,5
TEST_29920,5
TEST_11253,5
TEST_28243,5
TEST_4457,5
TEST_5908,5
TEST_27480,5
TEST_4970,5
TEST_8204,5
TEST_27065,5
TEST_2493,5
TEST_6023,5
TEST_10475,5
TEST_28777,5
TEST_19874,5
TEST_25575,5
TEST_29643,5
TEST_11158,5
TEST_11097,5
TEST_29532,5
TEST_23591,5
TEST_73,5
TEST_3018,5
TEST_25677,5
TEST_29830,5
TEST_20650,5
TEST_7065,5
TEST_27130,5
TEST_21513,5
TEST_24436,5
TEST_20037,5
TEST_4120,5
TEST_5856,5
TEST_17646,5
TEST_25878,5
TEST_25815,5
TEST_5553,5
TEST_1466,5
TEST_7570,5
TEST_22975,5
TEST_9137,5
TEST_424,5
TEST_8095,5
TEST_9882,5
TEST_29299,5
TEST_3168,5
TEST_8703,5
TEST_27936,5
TEST_22765,5
TEST_2555,5
TEST_13239,5
TEST_12525,5
TEST_4663,5
TEST_20247,5
TEST_28159,5
TEST_11628,5
TEST_19763,5
TEST_9646,5
TEST_25947,5
TEST_2073,5
TEST_20997,5
TEST_17534,5
TEST_10305,5
TEST_8259,5
TEST_13369,5
TEST_28506,5
TEST_6075,5
TEST_8956,5
TEST_10387,5
TEST_15922,5
TEST_6052,5
TEST_6010,5
TEST_3471,5
TEST_1287,5
TEST_621,5
TEST_29605,5
TEST_18064,5
TEST_1881,5
TEST_9491,5
TEST_3934,5
TEST_14212,5
TEST_14612,5
TEST_1462,5
TEST_19778,5
TEST_16936,5
TEST_164,5
TEST_1560,5
TEST_26032,5
TEST_7701,5
TEST_15089,5
TEST_18514,5
TEST_14308,5
TEST_26940,5
TEST_9875,5
TEST_8194,5
TEST_20635,5
TEST_6504,5
TEST_2590,5
TEST_24429,5
TEST_26851,5
TEST_1992,5
TEST_15181,5
TEST_7822,5
TEST_24920,5
TEST_29218,5
TEST_21081,5
TEST_10893,5
TEST_15227,5
TEST_11887,5
TEST_26155,5
TEST_15258,5
TEST_21966,5
TEST_17288,5
TEST_2966,5
TEST_5489,5
TEST_23261,5
TEST_19764,5
TEST_25904,5
TEST_10444,5
TEST_9644,5
TEST_27986,5
TEST_22590,5
TEST_18854,5
TEST_3613,5
TEST_3940,5
TEST_6256,5
TEST_29881,5
TEST_9658,5
TEST_27704,5
TEST_15054,5
TEST_9189,5
TEST_29481,5
TEST_9080,5
TEST_17949,5
TEST_21814,5
TEST_6102,5
TEST_29981,5
TEST_7951,5
TEST_19242,5
TEST_19002,5
TEST_9063,5
TEST_9219,5
TEST_11025,5
TEST_7418,5
TEST_20487,5
TEST_29204,5
TEST_13259,5
TEST_11410,5
TEST_8005,5
TEST_28744,5
TEST_8916,5
TEST_28223,5
TEST_24128,5
TEST_605,5
TEST_25736,5
TEST_2944,5
TEST_2434,5
TEST_28046,5
TEST_2157,5
TEST_20972,5
TEST_10586,5
TEST_27079,5
TEST_6938,5
TEST_19160,5
TEST_21437,5
TEST_29280,5
TEST_1991,5
TEST_3660,5
TEST_27651,5
TEST_25835,5
TEST_18916,5
TEST_15815,5
TEST_23173,5
TEST_23653,5
TEST_17036,5
TEST_24001,5
TEST_13989,5
TEST_24206,5
TEST_21070,5
TEST_11779,5
TEST_27803,5
TEST_2234,5
TEST_8065,5
TEST_10334,5
TEST_20047,5
TEST_26283,5
TEST_28387,5
TEST_4536,5
TEST_4254,5
TEST_9441,5
TEST_14080,5
TEST_29722,5
TEST_25644,5
TEST_4015,5
TEST_12472,5
TEST_28746,5
TEST_20840,5
TEST_18784,5
TEST_4221,5
TEST_24074,5
TEST_24932,5
TEST_19079,5
TEST_19971,5
TEST_1621,5
TEST_17426,5
TEST_1450,5
TEST_4290,5
TEST_10802,5
TEST_1338,5
TEST_14055,5
TEST_21666,5
TEST_10867,5
TEST_1842,5
TEST_5049,5
TEST_14301,5
TEST_765,5
TEST_235,5
TEST_2956,5
TEST_24215,5
TEST_1510,5
TEST_3730,5
TEST_19855,5
TEST_2772,5
TEST_12435,5
TEST_17310,5
TEST_25083,5
TEST_24504,5
TEST_1985,5
TEST_28408,5
TEST_26429,5
TEST_3323,5
TEST_4772,5
TEST_17804,5
TEST_2296,5
TEST_2007,5
TEST_23590,5
TEST_14652,5
TEST_13643,5
TEST_9245,5
TEST_10099,5
TEST_16452,5
TEST_14377,5
TEST_12616,5
TEST_11568,5
TEST_22987,5
TEST_28719,5
TEST_13490,5
TEST_1649,5
TEST_949,5
TEST_8577,5
TEST_21229,5
TEST_948,5
TEST_20645,5
TEST_3494,5
TEST_1822,5
TEST_8598,5
TEST_19792,5
TEST_9747,5
TEST_6679,5
TEST_5531,5
TEST_12607,5
TEST_24039,5
TEST_9275,5
TEST_15025,5
TEST_7684,5
TEST_11485,5
TEST_12908,5
TEST_27795,5
TEST_12907,5
TEST_16956,5
TEST_5631,5
TEST_10162,5
TEST_18040,5
TEST_13200,5
TEST_23194,5
TEST_13189,5
TEST_25941,5
TEST_17053,5
TEST_21496,5
TEST_16374,5
TEST_15972,5
TEST_4157,5
TEST_10015,5
TEST_1241,5
TEST_3392,5
TEST_1745,5
TEST_18757,5
TEST_69,5
TEST_20210,5
TEST_7874,5
TEST_24467,5
TEST_11466,5
TEST_18216,5
TEST_2557,5
TEST_15900,5
TEST_17040,5
TEST_14250,5
TEST_11552,5
TEST_9720,5
TEST_11784,5
TEST_12278,5
TEST_25060,5
TEST_27080,5
TEST_8337,5
TEST_5576,5
TEST_18626,5
TEST_20432,5
TEST_5552,5
TEST_26973,5
TEST_739,5
TEST_3121,5
TEST_293,5
TEST_11082,5
TEST_28442,5
TEST_436,5
TEST_10392,5
TEST_16952,5
TEST_18022,5
TEST_19123,5
TEST_1260,5
TEST_10266,5
TEST_28,5
TEST_28295,5
TEST_28221,5
TEST_3594,5
TEST_22095,5
TEST_15292,5
TEST_29036,5
TEST_22808,5
TEST_26877,5
TEST_29968,5
TEST_27907,5
TEST_13166,5
TEST_6520,5
TEST_15399,5
TEST_8260,5
TEST_2740,5
TEST_22370,5
TEST_10539,5
TEST_25795,5
TEST_19012,5
TEST_2219,5
TEST_18079,5
TEST_18463,5
TEST_29578,5
TEST_9476,5
TEST_24143,5
TEST_22794,5
TEST_27160,5
TEST_19733,5
TEST_22381,5
TEST_938,5
TEST_14282,5
TEST_4041,5
TEST_4172,5
TEST_19573,5
TEST_7754,5
TEST_2548,5
TEST_7274,5
TEST_7889,5
TEST_2599,5
TEST_29681,5
TEST_28690,5
TEST_7270,5
TEST_6099,5
TEST_21002,5
TEST_28555,5
TEST_9922,5
TEST_5367,5
TEST_4234,5
TEST_18845,5
TEST_4241,5
TEST_29318,5
TEST_25650,5
TEST_4931,5
TEST_3992,5
TEST_15394,5
TEST_18893,5
TEST_6929,5
TEST_13778,5
TEST_15735,5
TEST_21093,5
TEST_24820,5
TEST_24881,5
TEST_15453,5
TEST_21781,5
TEST_12980,5
TEST_13910,5
TEST_16009,5
TEST_27895,5
TEST_14291,5
TEST_14538,5
TEST_21748,5
TEST_12821,5
TEST_18706,5
TEST_23277,5
TEST_2758,5
TEST_11758,5
TEST_2146,5
TEST_20674,5
TEST_27088,5
TEST_9001,5
TEST_5026,5
TEST_8872,5
TEST_27320,5
TEST_19555,5
TEST_13330,5
TEST_7722,5
TEST_4376,5
TEST_23276,5
TEST_23056,5
TEST_2020,5
TEST_10964,5
TEST_23139,5
TEST_18481,5
TEST_19650,5
TEST_16717,5
TEST_23361,5
TEST_9485,5
TEST_29819,5
TEST_22065,5
TEST_17457,5
TEST_5408,5
TEST_14646,5
TEST_19568,5
TEST_67,5
TEST_28320,5
TEST_2696,5
TEST_5334,5
TEST_11245,5
TEST_29579,5
TEST_27010,5
TEST_5335,5
TEST_19393,5
TEST_6711,5
TEST_14186,5
TEST_18896,5
TEST_13375,5
TEST_11908,5
TEST_2633,5
TEST_3383,5
TEST_8522,5
TEST_26268,5
TEST_15067,5
TEST_24478,5
TEST_10554,5
TEST_4090,5
TEST_1149,5
TEST_6105,5
TEST_958,5
TEST_14117,5
TEST_7584,5
TEST_10566,5
TEST_187,5
TEST_17667,5
TEST_5315,5
TEST_27277,5
TEST_28179,5
TEST_15580,5
TEST_21672,5
TEST_20191,5
TEST_28763,5
TEST_17669,5
TEST_9936,5
TEST_25536,5
TEST_10564,5
TEST_26966,5
TEST_6941,5
TEST_29573,5
TEST_7086,5
TEST_16212,5
TEST_13651,5
TEST_15283,5
TEST_7906,5
TEST_3575,5
TEST_11196,5
TEST_9206,5
TEST_7996,5
TEST_19796,5
TEST_1530,5
TEST_24431,5
TEST_23004,5
TEST_1361,5
TEST_28270,5
TEST_10783,5
TEST_14243,5
TEST_14791,5
TEST_3380,5
TEST_24049,5
TEST_23820,5
TEST_27624,5
TEST_2600,5
TEST_5035,5
TEST_25298,5
TEST_12156,5
TEST_18742,5
TEST_23564,5
TEST_29755,5
TEST_17260,5
TEST_26536,5
TEST_24264,5
TEST_18113,5
TEST_25024,5
TEST_6798,5
TEST_8441,5
TEST_2371,5
TEST_10825,5
TEST_12262,5
TEST_15463,5
TEST_16163,5
TEST_11741,5
TEST_9676,5
TEST_7379,5
TEST_18280,5
TEST_7289,5
TEST_10085,5
TEST_14318,5
TEST_11447,5
TEST_10563,5
TEST_15084,5
TEST_19470,5
TEST_22660,5
TEST_9096,5
TEST_26719,5
TEST_8614,5
TEST_7977,5
TEST_10628,5
TEST_24870,5
TEST_8533,5
TEST_21486,5
TEST_17638,5
TEST_2894,5
TEST_26,5
TEST_9475,5
TEST_25097,5
TEST_13516,5
TEST_28226,5
TEST_2276,5
TEST_993,5
TEST_244,5
TEST_1117,5
TEST_28285,5
TEST_2152,5
TEST_562,5
TEST_3825,5
TEST_14252,5
TEST_22448,5
TEST_23444,5
TEST_6476,5
TEST_9114,5
TEST_4053,5
TEST_19681,5
TEST_29340,5
TEST_12979,5
TEST_4203,5
TEST_6947,5
TEST_14763,5
TEST_24113,5
TEST_8293,5
TEST_14478,5
TEST_22770,5
TEST_11178,5
TEST_9566,5
TEST_26048,5
TEST_27960,5
TEST_13552,5
TEST_19252,5
TEST_5767,5
TEST_8953,5
TEST_16985,5
TEST_5320,5
TEST_28031,5
TEST_19489,5
TEST_1048,5
TEST_23596,5
TEST_8607,5
TEST_16350,5
TEST_15033,5
TEST_11720,5
TEST_7323,5
TEST_6486,5
TEST_26937,5
TEST_28700,5
TEST_25535,5
TEST_12218,5
TEST_24317,5
TEST_26695,5
TEST_2196,5
TEST_3775,5
TEST_22297,5
TEST_8929,5
TEST_21239,5
TEST_15081,5
TEST_11267,5
TEST_22080,5
TEST_15533,5
TEST_1455,5
TEST_27557,5
TEST_28505,5
TEST_20170,5
TEST_12622,5
TEST_12521,5
TEST_20777,5
TEST_3023,5
TEST_27291,5
TEST_148,5
TEST_23420,5
TEST_12474,5
TEST_14876,5
TEST_25223,5
TEST_24306,5
TEST_11880,5
TEST_25211,5
TEST_24770,5
TEST_26385,5
TEST_2404,5
TEST_21336,5
TEST_19417,5
TEST_11969,5
TEST_24587,5
TEST_20998,5
TEST_7325,5
TEST_11207,5
TEST_15317,5
TEST_5300,5
TEST_28822,5
TEST_8665,5
TEST_94,5
TEST_12731,5
TEST_15012,5
TEST_21191,5
TEST_21819,5
TEST_2807,5
TEST_20682,5
TEST_15571,5
TEST_23457,5
TEST_5363,5
TEST_25691,5
TEST_12045,5
TEST_16326,5
TEST_3540,5
TEST_25213,5
TEST_2885,5
TEST_18250,5
TEST_10650,5
TEST_9630,5
TEST_17109,5
TEST_2615,5
TEST_274,5
TEST_3209,5
TEST_23759,5
TEST_29652,5
TEST_18676,5
TEST_4592,5
TEST_1535,5
TEST_28286,5
TEST_26136,5
TEST_6561,5
TEST_29916,5
TEST_28518,5
TEST_831,5
TEST_28100,5
TEST_3398,5
TEST_27863,5
TEST_24588,5
TEST_10218,5
TEST_2318,5
TEST_25539,5
TEST_14592,5
TEST_12570,5
TEST_14836,5
TEST_12591,5
TEST_3738,5
TEST_23685,5
TEST_21126,5
TEST_12546,5
TEST_9160,5
TEST_19479,5
TEST_14854,5
TEST_24237,5
TEST_16948,5
TEST_1186,5
TEST_16709,5
TEST_2448,5
TEST_16627,5
TEST_21933,5
TEST_21211,5
TEST_6786,5
TEST_8023,5
TEST_29472,5
TEST_17182,5
TEST_24166,5
TEST_8345,5
TEST_14357,5
TEST_27266,5
TEST_1771,5
TEST_15291,5
TEST_870,5
TEST_5731,5
TEST_1245,5
TEST_2019,5
TEST_6663,5
TEST_17151,5
TEST_26005,5
TEST_11031,5
TEST_18868,5
TEST_4056,5
TEST_20846,5
TEST_16830,5
TEST_17763,5
TEST_12978,5
TEST_8089,5
TEST_21910,5
TEST_26264,5
TEST_4718,5
TEST_28329,5
TEST_21474,5
TEST_6062,5
TEST_8518,5
TEST_21599,5
TEST_5665,5
TEST_20023,5
TEST_14739,5
TEST_1959,5
TEST_16713,5
TEST_12212,5
TEST_11218,5
TEST_27402,5
TEST_28224,5
TEST_10589,5
TEST_6186,5
TEST_14180,5
TEST_16795,5
TEST_15730,5
TEST_16165,5
TEST_19309,5
TEST_15586,5
TEST_17587,5
TEST_27954,5
TEST_17699,5
TEST_11028,5
TEST_17658,5
TEST_21449,5
TEST_19606,5
TEST_5059,5
TEST_20235,5
TEST_23245,5
TEST_23243,5
TEST_12048,5
TEST_14294,5
TEST_11815,5
TEST_24098,5
TEST_4739,5
TEST_13027,5
TEST_10487,5
TEST_10789,5
TEST_21852,5
TEST_27733,5
TEST_26221,5
TEST_10548,5
TEST_12605,5
TEST_8026,5
TEST_29238,5
TEST_7599,5
TEST_18751,5
TEST_1135,5
TEST_24822,5
TEST_29825,5
TEST_18479,5
TEST_24100,5
TEST_25394,5
TEST_20644,5
TEST_514,5
TEST_29780,5
TEST_12490,5
TEST_27958,5
TEST_11340,5
TEST_14532,5
TEST_10042,5
TEST_27727,5
TEST_10504,5
TEST_16778,5
TEST_28153,5
TEST_5437,5
TEST_28946,5
TEST_11242,5
TEST_14656,5
TEST_20318,5
TEST_15437,5
TEST_21164,5
TEST_4067,5
TEST_12817,5
TEST_2279,5
TEST_26914,5
TEST_19584,5
TEST_24606,5
TEST_8543,5
TEST_17900,5
TEST_3294,5
TEST_272,5
TEST_7468,5
TEST_4805,5
TEST_21549,5
TEST_13486,5
TEST_26509,5
TEST_18921,5
TEST_26824,5
TEST_1363,5
TEST_5505,5
TEST_22774,5
TEST_13090,5
TEST_24163,5
TEST_19015,5
TEST_21370,5
TEST_3653,5
TEST_7763,5
TEST_26363,5
TEST_18821,5
TEST_20192,5
TEST_2180,5
TEST_248,5
TEST_22048,5
TEST_12687,5
TEST_6901,5
TEST_2136,5
TEST_17359,5
TEST_24816,5
TEST_12237,5
TEST_2200,5
TEST_786,5
TEST_2501,5
TEST_17277,5
TEST_15420,5
TEST_2948,5
TEST_666,5
TEST_12941,5
TEST_1829,5
TEST_2935,5
TEST_4736,5
TEST_18012,5
TEST_27698,5
TEST_21860,5
TEST_6756,5
TEST_14145,5
TEST_4886,5
TEST_1355,5
TEST_17452,5
TEST_11649,5
TEST_20174,5
TEST_20501,5
TEST_20245,5
TEST_23740,5
TEST_12982,5
TEST_19754,5
TEST_21540,5
TEST_19205,5
TEST_20356,5
TEST_15709,5
TEST_6915,5
TEST_11455,5
TEST_6734,5
TEST_29459,5
TEST_498,5
TEST_18749,5
TEST_10967,5
TEST_142,5
TEST_2745,5
TEST_17074,5
TEST_13909,5
TEST_25811,5
TEST_10175,5
TEST_8848,5
TEST_12767,5
TEST_15560,5
TEST_13650,5
TEST_19820,5
TEST_24006,5
TEST_19281,5
TEST_10533,5
TEST_3374,5
TEST_25781,5
TEST_12769,5
TEST_17494,5
TEST_4294,5
TEST_25335,5
TEST_16011,5
TEST_13814,5
TEST_16698,5
TEST_22389,5
TEST_880,5
TEST_16039,5
TEST_2536,5
TEST_7194,5
TEST_13785,5
TEST_14642,5
TEST_8977,5
TEST_1458,5
TEST_29823,5
TEST_17990,5
TEST_15137,5
TEST_17048,5
TEST_83,5
TEST_25808,5
TEST_17626,5
TEST_29305,5
TEST_412,5
TEST_20307,5
TEST_20286,5
TEST_28607,5
TEST_3817,5
TEST_9315,5
TEST_20156,5
TEST_10254,5
TEST_24866,5
TEST_20448,5
TEST_10480,5
TEST_5588,5
TEST_13011,5
TEST_5401,5
TEST_18151,5
TEST_11695,5
TEST_9687,5
TEST_13871,5
TEST_16360,5
TEST_18238,5
TEST_24337,5
TEST_4694,5
TEST_26189,5
TEST_29624,5
TEST_24797,5
TEST_9722,5
TEST_5783,5
TEST_9157,5
TEST_6579,5
TEST_10055,5
TEST_16929,5
TEST_28726,5
TEST_13253,5
TEST_4523,5
TEST_28507,5
TEST_24304,5
TEST_10803,5
TEST_22818,5
TEST_19786,5
TEST_19071,5
TEST_14793,5
TEST_2442,5
TEST_20455,5
TEST_13217,5
TEST_17006,5
TEST_5506,5
TEST_12078,5
TEST_22775,5
TEST_20326,5
TEST_8496,5
TEST_14832,5
TEST_5436,5
TEST_9083,5
TEST_12475,5
TEST_1499,5
TEST_6604,5
TEST_23722,5
TEST_29352,5
TEST_12643,5
TEST_7238,5
TEST_7740,5
TEST_13656,5
TEST_25482,5
TEST_26931,5
TEST_1571,5
TEST_14206,5
TEST_15249,5
TEST_24057,5
TEST_19837,5
TEST_28583,5
TEST_5131,5
TEST_16406,5
TEST_9680,5
TEST_11227,5
TEST_28091,5
TEST_2751,5
TEST_13267,5
TEST_27894,5
TEST_3880,5
TEST_21522,5
TEST_16787,5
TEST_9968,5
TEST_5231,5
TEST_5647,5
TEST_52,5
TEST_25285,5
TEST_16582,5
TEST_25864,5
TEST_19156,5
TEST_2622,5
TEST_5417,5
TEST_22315,5
TEST_11864,5
TEST_17846,5
TEST_25204,5
TEST_4884,5
TEST_22704,5
TEST_8061,5
TEST_14232,5
TEST_11581,5
TEST_2028,5
TEST_24460,5
TEST_10328,5
TEST_21489,5
TEST_24235,5
TEST_27471,5
TEST_26302,5
TEST_27729,5
TEST_14234,5
TEST_22366,5
TEST_375,5
TEST_18960,5
TEST_26331,5
TEST_5638,5
TEST_28475,5
TEST_7504,5
TEST_15664,5
TEST_23298,5
TEST_1566,5
TEST_6715,5
TEST_28484,5
TEST_18167,5
TEST_28366,5
TEST_21174,5
TEST_7099,5
TEST_20248,5
TEST_7828,5
TEST_2791,5
TEST_16767,5
TEST_14741,5
TEST_3345,5
TEST_11675,5
TEST_25008,5
TEST_12304,5
TEST_17554,5
TEST_21589,5
TEST_1879,5
TEST_26092,5
TEST_16171,5
TEST_16225,5
TEST_17085,5
TEST_5694,5
TEST_15049,5
TEST_26989,5
TEST_24292,5
TEST_13325,5
TEST_23547,5
TEST_16873,5
TEST_14784,5
TEST_21607,5
TEST_14906,5
TEST_5627,5
TEST_6108,5
TEST_12182,5
TEST_19221,5
TEST_12783,5
TEST_7803,5
TEST_7657,5
TEST_14400,5
TEST_17173,5
TEST_9007,5
TEST_5512,5
TEST_14335,5
TEST_29826,5
TEST_16592,5
TEST_12248,5
TEST_20793,5
TEST_21674,5
TEST_5025,5
TEST_24918,5
TEST_21242,5
TEST_8596,5
TEST_24627,5
TEST_24877,5
TEST_12629,5
TEST_65,5
TEST_12473,5
TEST_1055,5
TEST_12969,5
TEST_18858,5
TEST_16456,5
TEST_14506,5
TEST_15551,5
TEST_3588,5
TEST_7761,5
TEST_2825,5
TEST_14698,5
TEST_13127,5
TEST_1199,5
TEST_213,5
TEST_5281,5
TEST_26374,5
TEST_13079,5
TEST_27112,5
TEST_252,5
TEST_20306,5
TEST_20904,5
TEST_29214,5
TEST_19984,5
TEST_24746,5
TEST_3621,5
TEST_2648,5
TEST_22188,5
TEST_2738,5
TEST_14724,5
TEST_2545,5
TEST_12180,5
TEST_16893,5
TEST_22867,5
TEST_1894,5
TEST_2843,5
TEST_22516,5
TEST_12238,5
TEST_14360,5
TEST_27808,5
TEST_12698,5
TEST_3665,5
TEST_21116,5
TEST_4066,5
TEST_21751,5
TEST_25598,5
TEST_8821,5
TEST_21869,5
TEST_10513,5
TEST_21624,5
TEST_23677,5
TEST_8964,5
TEST_13485,5
TEST_1839,5
TEST_15,5
TEST_26156,5
TEST_3402,5
TEST_27967,5
TEST_3332,5
TEST_16121,5
TEST_11627,5
TEST_9757,5
TEST_19689,5
TEST_17254,5
TEST_7255,5
TEST_29568,5
TEST_7630,5
TEST_18421,5
TEST_23018,5
TEST_24986,5
TEST_12095,5
TEST_3682,5
TEST_20628,5
TEST_8019,5
TEST_25629,5
TEST_10465,5
TEST_16898,5
TEST_26569,5
TEST_20992,5
TEST_19352,5
TEST_20953,5
TEST_22859,5
TEST_3070,5
TEST_10899,5
TEST_21750,5
TEST_21393,5
TEST_29046,5
TEST_4562,5
TEST_7338,5
TEST_7301,5
TEST_634,5
TEST_4106,5
TEST_28867,5
TEST_28143,5
TEST_27259,5
TEST_14806,5
TEST_1700,5
TEST_12752,5
TEST_6646,5
TEST_1435,5
TEST_20525,5
TEST_3715,5
TEST_18156,5
TEST_3913,5
TEST_7165,5
TEST_12087,5
TEST_16684,5
TEST_8868,5
TEST_54,5
TEST_11757,5
TEST_10360,5
TEST_4532,5
TEST_23630,5
TEST_23889,5
TEST_1922,5
TEST_22916,5
TEST_16478,5
TEST_29772,5
TEST_5246,5
TEST_20458,5
TEST_13250,5
TEST_4486,5
TEST_17914,5
TEST_6869,5
TEST_8485,5
TEST_12536,5
TEST_27484,5
TEST_29663,5
TEST_19742,5
TEST_26031,5
TEST_12436,5
TEST_7531,5
TEST_12434,5
TEST_25466,5
TEST_5420,5
TEST_8468,5
TEST_21718,5
TEST_23134,5
TEST_24784,5
TEST_3810,5
TEST_3545,5
TEST_9456,5
TEST_29467,5
TEST_16870,5
TEST_16254,5
TEST_6068,5
TEST_22459,5
TEST_16263,5
TEST_10466,5
TEST_8193,5
TEST_13412,5
TEST_13873,5
TEST_9097,5
TEST_9848,5
TEST_29461,5
TEST_4620,5
TEST_19678,5
TEST_25248,5
TEST_28178,5
TEST_11148,5
TEST_8389,5
TEST_20082,5
TEST_23767,5
TEST_29925,5
TEST_15486,5
TEST_18127,5
TEST_28667,5
TEST_17743,5
TEST_12484,5
TEST_7192,5
TEST_10269,5
TEST_25740,5
TEST_4720,5
TEST_3427,5
TEST_5276,5
TEST_19641,5
TEST_11984,5
TEST_25170,5
TEST_8576,5
TEST_17258,5
TEST_24385,5
TEST_12654,5
TEST_26535,5
TEST_577,5
TEST_20587,5
TEST_21854,5
TEST_20780,5
TEST_29252,5
TEST_4667,5
TEST_19651,5
TEST_23517,5
TEST_5217,5
TEST_3001,5
TEST_725,5
TEST_17519,5
TEST_15159,5
TEST_15850,5
TEST_1661,5
TEST_19911,5
TEST_23817,5
TEST_8784,5
TEST_17639,5
TEST_7183,5
TEST_7411,5
TEST_13597,5
TEST_22317,5
TEST_27222,5
TEST_13609,5
TEST_6083,5
TEST_28590,5
TEST_26726,5
TEST_28011,5
TEST_1523,5
TEST_11981,5
TEST_6930,5
TEST_28278,5
TEST_6729,5
TEST_24392,5
TEST_3882,5
TEST_1540,5
TEST_18217,5
TEST_2649,5
TEST_5306,5
TEST_16292,5
TEST_29520,5
TEST_7488,5
TEST_1058,5
TEST_27356,5
TEST_16726,5
TEST_18678,5
TEST_3728,5
TEST_22595,5
TEST_28369,5
TEST_19499,5
TEST_14676,5
TEST_12977,5
TEST_271,5
TEST_5873,5
TEST_21452,5
TEST_16164,5
TEST_19619,5
TEST_20894,5
TEST_6219,5
TEST_25628,5
TEST_1747,5
TEST_27142,5
TEST_1538,5
TEST_3967,5
TEST_19035,5
TEST_23713,5
TEST_13140,5
TEST_3663,5
TEST_21938,5
TEST_97,5
TEST_14562,5
TEST_15521,5
TEST_29869,5
TEST_14913,5
TEST_3484,5
TEST_12485,5
TEST_3887,5
TEST_18197,5
TEST_10844,5
TEST_13728,5
TEST_15371,5
TEST_5852,5
TEST_28048,5
TEST_22648,5
TEST_6853,5
TEST_5637,5
TEST_6112,5
TEST_9709,5
TEST_24036,5
TEST_12322,5
TEST_5372,5
TEST_16398,5
TEST_3541,5
TEST_14542,5
TEST_15456,5
TEST_18144,5
TEST_28365,5
TEST_1886,5
TEST_9615,5
TEST_3164,5
TEST_18252,5
TEST_2120,5
TEST_18072,5
TEST_219,5
TEST_14608,5
TEST_7388,5
TEST_28177,5
TEST_24479,5
TEST_19954,5
TEST_13732,5
TEST_10976,5
TEST_13675,5
TEST_1987,5
TEST_6598,5
TEST_21636,5
TEST_8867,5
TEST_11423,5
TEST_18498,5
TEST_7848,5
TEST_24935,5
TEST_11918,5
TEST_7749,5
TEST_11734,5
TEST_15635,5
TEST_29693,5
TEST_16173,5
TEST_19738,5
TEST_18826,5
TEST_3166,5
TEST_11214,5
TEST_9258,5
TEST_15975,5
TEST_21318,5
TEST_11354,5
TEST_26405,5
TEST_12827,5
TEST_25610,5
TEST_15287,5
TEST_24455,5
TEST_24381,5
TEST_17545,5
TEST_264,5
TEST_17477,5
TEST_1742,5
TEST_28962,5
TEST_14467,5
TEST_3773,5
TEST_2107,5
TEST_9088,5
TEST_7529,5
TEST_19902,5
TEST_9328,5
TEST_7512,5
TEST_2645,5
TEST_13048,5
TEST_10857,5
TEST_12744,5
TEST_25066,5
TEST_9790,5
TEST_10567,5
TEST_4491,5
TEST_12132,5
TEST_11821,5
TEST_13540,5
TEST_26977,5
TEST_18965,5
TEST_7088,5
TEST_6749,5
TEST_17101,5
TEST_15279,5
TEST_11613,5
TEST_3289,5
TEST_28829,5
TEST_11139,5
TEST_28187,5
TEST_24814,5
TEST_17903,5
TEST_29597,5
TEST_25291,5
TEST_9101,5
TEST_24063,5
TEST_27396,5
TEST_698,5
TEST_25471,5
TEST_11998,5
TEST_5311,5
TEST_13372,5
TEST_14959,5
TEST_21259,5
TEST_13139,5
TEST_5404,5
TEST_26941,5
TEST_27886,5
TEST_8331,5
TEST_26716,5
TEST_5966,5
TEST_1911,5
TEST_3835,5
TEST_14655,5
TEST_3093,5
TEST_6470,5
TEST_1134,5
TEST_25890,5
TEST_11225,5
TEST_8999,5
TEST_16558,5
TEST_9796,5
TEST_16880,5
TEST_26199,5
TEST_22334,5
TEST_5125,5
TEST_17782,5
TEST_15115,5
TEST_6995,5
TEST_19430,5
TEST_5994,5
TEST_4197,5
TEST_22951,5
TEST_8605,5
TEST_15364,5
TEST_1312,5
TEST_9530,5
TEST_19537,5
TEST_17759,5
TEST_3953,5
TEST_18669,5
TEST_28569,5
TEST_15276,5
TEST_8339,5
TEST_3561,5
TEST_29845,5
TEST_8696,5
TEST_22077,5
TEST_8565,5
TEST_16632,5
TEST_26866,5
TEST_6553,5
TEST_12411,5
TEST_12504,5
TEST_20035,5
TEST_26113,5
TEST_19049,5
TEST_5358,5
TEST_3339,5
TEST_10449,5
TEST_27790,5
TEST_25571,5
TEST_11655,5
TEST_4839,5
TEST_2794,5
TEST_1720,5
TEST_26804,5
TEST_13146,5
TEST_19373,5
TEST_21304,5
TEST_7946,5
TEST_28994,5
TEST_1145,5
TEST_27253,5
TEST_23912,5
TEST_19466,5
TEST_27542,5
TEST_16080,5
TEST_17387,5
TEST_6507,5
TEST_20102,5
TEST_6118,5
TEST_28020,5
TEST_18520,5
TEST_18606,5
TEST_20190,5
TEST_26128,5
TEST_9252,5
TEST_24356,5
TEST_18619,5
TEST_10079,5
TEST_23117,5
TEST_10728,5
TEST_12526,5
TEST_3848,5
TEST_64,5
TEST_25806,5
TEST_29207,5
TEST_1574,5
TEST_27828,5
TEST_5573,5
TEST_23485,5
TEST_24547,5
TEST_10909,5
TEST_3701,5
TEST_27515,5
TEST_25753,5
TEST_6536,5
TEST_9809,5
TEST_3405,5
TEST_22874,5
TEST_3893,5
TEST_15711,5
TEST_4903,5
TEST_22502,5
TEST_21725,5
TEST_4585,5
TEST_21292,5
TEST_12451,5
TEST_16056,5
TEST_16969,5
TEST_10598,5
TEST_10711,5
TEST_20313,5
TEST_8653,5
TEST_15068,5
TEST_26175,5
TEST_11439,5
TEST_4453,5
TEST_17897,5
TEST_29492,5
TEST_27568,5
TEST_16640,5
TEST_7389,5
TEST_5465,5
TEST_18302,5
TEST_128,5
TEST_24349,5
TEST_2426,5
TEST_27032,5
TEST_25869,5
TEST_495,5
TEST_22653,5
TEST_14065,5
TEST_2596,5
TEST_19673,5
TEST_40,5
TEST_20465,5
TEST_2155,5
TEST_8894,5
TEST_16549,5
TEST_23739,5
TEST_2506,5
TEST_27104,5
TEST_23748,5
TEST_2797,5
TEST_496,5
TEST_689,5
TEST_20982,5
TEST_12193,5
TEST_2764,5
TEST_23064,5
TEST_14343,5
TEST_23450,5
TEST_5305,5
TEST_25905,5
TEST_29336,5
TEST_28928,5
TEST_19157,5
TEST_12312,5
TEST_4018,5
TEST_27271,5
TEST_16654,5
TEST_7993,5
TEST_10464,5
TEST_6311,5
TEST_14511,5
TEST_4952,5
TEST_18204,5
TEST_8975,5
TEST_7815,5
TEST_16336,5
TEST_14734,5
TEST_29985,5
TEST_15454,5
TEST_25763,5
TEST_24924,5
TEST_21375,5
TEST_8059,5
TEST_22006,5
TEST_12662,5
TEST_24058,5
TEST_5958,5
TEST_378,5
TEST_13598,5
TEST_21943,5
TEST_19296,5
TEST_17058,5
TEST_19687,5
TEST_131,5
TEST_2417,5
TEST_22143,5
TEST_26791,5
TEST_10303,5
TEST_10026,5
TEST_1964,5
TEST_25849,5
TEST_26278,5
TEST_16696,5
TEST_15153,5
TEST_14437,5
TEST_28186,5
TEST_22789,5
TEST_21771,5
TEST_9139,5
TEST_25805,5
TEST_5378,5
TEST_22798,5
TEST_4591,5
TEST_15642,5
TEST_18420,5
TEST_10738,5
TEST_17421,5
TEST_21787,5
TEST_22220,5
TEST_12613,5
TEST_20833,5
TEST_23214,5
TEST_14575,5
TEST_4530,5
TEST_29855,5
TEST_2242,5
TEST_15142,5
TEST_21815,5
TEST_1090,5
TEST_19880,5
TEST_7522,5
TEST_19175,5
TEST_103,5
TEST_31,5
TEST_28553,5
TEST_23965,5
TEST_17873,5
TEST_29674,5
TEST_2994,5
TEST_3204,5
TEST_20136,5
TEST_3438,5
TEST_16542,5
TEST_17150,5
TEST_2611,5
TEST_17788,5
TEST_10570,5
TEST_26687,5
TEST_11510,5
TEST_7024,5
TEST_15557,5
TEST_29774,5
TEST_5466,5
TEST_12008,5
TEST_21460,5
TEST_2376,5
TEST_3961,5
TEST_14041,5
TEST_3744,5
TEST_4492,5
TEST_2820,5
TEST_2104,5
TEST_8591,5
TEST_1664,5
TEST_5542,5
TEST_11249,5
TEST_8740,5
TEST_11668,5
TEST_23880,5
TEST_20198,5
TEST_27535,5
TEST_16701,5
TEST_11933,5
TEST_5500,5
TEST_25018,5
TEST_23473,5
TEST_19881,5
TEST_16764,5
TEST_14386,5
TEST_21552,5
TEST_20566,5
TEST_19848,5
TEST_15114,5
TEST_26330,5
TEST_9386,5
TEST_16930,5
TEST_20610,5
TEST_10823,5
TEST_24077,5
TEST_25398,5
TEST_5469,5
TEST_15585,5
TEST_15578,5
TEST_7826,5
TEST_28661,5
TEST_13608,5
TEST_447,5
TEST_8698,5
TEST_22156,5
TEST_1993,5
TEST_29106,5
TEST_27703,5
TEST_16672,5
TEST_1828,5
TEST_14481,5
TEST_14231,5
TEST_27538,5
TEST_29223,5
TEST_21987,5
TEST_17261,5
TEST_29463,5
TEST_18958,5
TEST_9499,5
TEST_4982,5
TEST_22868,5
TEST_23431,5
TEST_23299,5
TEST_18284,5
TEST_1954,5
TEST_3912,5
TEST_9331,5
TEST_3187,5
TEST_19153,5
TEST_12869,5
TEST_28967,5
TEST_25206,5
TEST_19319,5
TEST_12736,5
TEST_20927,5
TEST_1171,5
TEST_13553,5
TEST_7568,5
TEST_16744,5
TEST_8663,5
TEST_11107,5
TEST_26605,5
TEST_8289,5
TEST_26738,5
TEST_4255,5
TEST_25871,5
TEST_1440,5
TEST_26018,5
TEST_4577,5
TEST_21487,5
TEST_29185,5
TEST_13666,5
TEST_15032,5
TEST_4265,5
TEST_17631,5
TEST_1445,5
TEST_22844,5
TEST_540,5
TEST_3253,5
TEST_5207,5
TEST_17899,5
TEST_18732,5
TEST_27026,5
TEST_23014,5
TEST_6086,5
TEST_17596,5
TEST_20130,5
TEST_16973,5
TEST_24893,5
TEST_16570,5
TEST_17454,5
TEST_18189,5
TEST_6489,5
TEST_8805,5
TEST_28061,5
TEST_7834,5
TEST_29313,5
TEST_13399,5
TEST_23792,5
TEST_9768,5
TEST_6338,5
TEST_1315,5
TEST_20872,5
TEST_2780,5
TEST_11127,5
TEST_28077,5
TEST_19044,5
TEST_24704,5
TEST_4748,5
TEST_20990,5
TEST_12789,5
TEST_3182,5
TEST_28836,5
TEST_23587,5
TEST_27040,5
TEST_3315,5
TEST_14818,5
TEST_1926,5
TEST_2815,5
TEST_29976,5
TEST_16699,5
TEST_12477,5
TEST_6231,5
TEST_9814,5
TEST_25593,5
TEST_19312,5
TEST_1625,5
TEST_4710,5
TEST_5419,5
TEST_25058,5
TEST_1694,5
TEST_4755,5
TEST_7610,5
TEST_26038,5
TEST_28656,5
TEST_4926,5
TEST_62,5
TEST_28036,5
TEST_4236,5
TEST_17612,5
TEST_13481,5
TEST_17406,5
TEST_835,5
TEST_6081,5
TEST_17228,5
TEST_8980,5
TEST_1531,5
TEST_23815,5
TEST_20197,5
TEST_5384,5
TEST_21167,5
TEST_18976,5
TEST_23303,5
TEST_23853,5
TEST_24169,5
TEST_11898,5
TEST_3014,5
TEST_21293,5
TEST_26120,5
TEST_24683,5
TEST_8249,5
TEST_7376,5
TEST_24592,5
TEST_25420,5
TEST_26462,5
TEST_18169,5
TEST_18119,5
TEST_7278,5
TEST_7361,5
TEST_25070,5
TEST_13169,5
TEST_1017,5
TEST_23137,5
TEST_5653,5
TEST_4998,5
TEST_11331,5
TEST_24180,5
TEST_27053,5
TEST_14609,5
TEST_18176,5
TEST_9017,5
TEST_18352,5
TEST_19385,5
TEST_16300,5
TEST_26960,5
TEST_23061,5
TEST_15438,5
TEST_18632,5
TEST_7203,5
TEST_23569,5
TEST_2971,5
TEST_20415,5
TEST_8206,5
TEST_14352,5
TEST_2117,5
TEST_11259,5
TEST_26729,5
TEST_9593,5
TEST_17009,5
TEST_18511,5
TEST_8590,5
TEST_2258,5
TEST_13944,5
TEST_6012,5
TEST_17189,5
TEST_24610,5
TEST_17733,5
TEST_23933,5
TEST_6467,5
TEST_5742,5
TEST_5028,5
TEST_26009,5
TEST_14630,5
TEST_24582,5
TEST_6421,5
TEST_22970,5
TEST_18629,5
TEST_21900,5
TEST_18850,5
TEST_21904,5
TEST_13322,5
TEST_971,5
TEST_16866,5
TEST_13951,5
TEST_431,5
TEST_3875,5
TEST_17323,5
TEST_8927,5
TEST_3429,5
TEST_12133,5
TEST_21680,5
TEST_14635,5
TEST_23035,5
TEST_8540,5
TEST_5973,5
TEST_12338,5
TEST_964,5
TEST_7408,5
TEST_23600,5
TEST_4754,5
TEST_4584,5
TEST_27067,5
TEST_5565,5
TEST_10646,5
TEST_16801,5
TEST_8392,5
TEST_27996,5
TEST_19663,5
TEST_8933,5
TEST_13776,5
TEST_29442,5
TEST_9794,5
TEST_3976,5
TEST_6482,5
TEST_4189,5
TEST_5996,5
TEST_19146,5
TEST_1702,5
TEST_21313,5
TEST_28730,5
TEST_15108,5
TEST_9941,5
TEST_27109,5
TEST_19599,5
TEST_16250,5
TEST_4897,5
TEST_8955,5
TEST_22410,5
TEST_14127,5
TEST_9740,5
TEST_27914,5
TEST_16231,5
TEST_15703,5
TEST_7015,5
TEST_1136,5
TEST_3310,5
TEST_5935,5
TEST_29419,5
TEST_25272,5
TEST_22733,5
TEST_25361,5
TEST_17879,5
TEST_20388,5
TEST_22174,5
TEST_19446,5
TEST_13663,5
TEST_26037,5
TEST_27475,5
TEST_14245,5
TEST_17141,5
TEST_8673,5
TEST_14568,5
TEST_9509,5
TEST_10201,5
TEST_7035,5
TEST_6390,5
TEST_12881,5
TEST_21342,5
TEST_29314,5
TEST_18018,5
TEST_7717,5
TEST_1673,5
TEST_8264,5
TEST_27434,5
TEST_2774,5
TEST_10012,5
TEST_15351,5
TEST_26855,5
TEST_10858,5
TEST_17716,5
TEST_2169,5
TEST_21320,5
TEST_17839,5
TEST_19419,5
TEST_15149,5
TEST_22439,5
TEST_25048,5
TEST_2462,5
TEST_9014,5
TEST_18378,5
TEST_19358,5
TEST_15810,5
TEST_19908,5
TEST_27934,5
TEST_4468,5
TEST_25165,5
TEST_16877,5
TEST_29656,5
TEST_15991,5
TEST_13954,5
TEST_20327,5
TEST_946,5
TEST_7209,5
TEST_27318,5
TEST_11811,5
TEST_1511,5
TEST_26351,5
TEST_26360,5
TEST_4084,5
TEST_2936,5
TEST_11817,5
TEST_21147,5
TEST_12568,5
TEST_13665,5
TEST_14614,5
TEST_27980,5
TEST_903,5
TEST_8921,5
TEST_18771,5
TEST_12039,5
TEST_25254,5
TEST_4233,5
TEST_16528,5
TEST_25514,5
TEST_27479,5
TEST_4336,5
TEST_17668,5
TEST_14715,5
TEST_27012,5
TEST_14432,5
TEST_28996,5
TEST_20027,5
TEST_3734,5
TEST_5316,5
TEST_6777,5
TEST_24642,5
TEST_29220,5
TEST_1373,5
TEST_18056,5
TEST_7732,5
TEST_822,5
TEST_26380,5
TEST_1322,5
TEST_598,5
TEST_14177,5
TEST_7110,5
TEST_29833,5
TEST_11699,5
TEST_20719,5
TEST_21675,5
TEST_25379,5
TEST_2881,5
TEST_4930,5
TEST_23855,5
TEST_24322,5
TEST_18849,5
TEST_29680,5
TEST_28176,5
TEST_23560,5
TEST_15805,5
TEST_6001,5
TEST_13065,5
TEST_2122,5
TEST_15080,5
TEST_1910,5
TEST_2090,5
TEST_21299,5
TEST_22691,5
TEST_606,5
TEST_8001,5
TEST_1215,5
TEST_13143,5
TEST_22973,5
TEST_13377,5
TEST_23785,5
TEST_8244,5
TEST_21677,5
TEST_2837,5
TEST_27257,5
TEST_4288,5
TEST_11400,5
TEST_9908,5
TEST_21335,5
TEST_15136,5
TEST_6570,5
TEST_12581,5
TEST_21849,5
TEST_25774,5
TEST_11537,5
TEST_17487,5
TEST_29114,5
TEST_24763,5
TEST_9903,5
TEST_7697,5
TEST_5764,5
TEST_2800,5
TEST_29751,5
TEST_1143,5
TEST_26339,5
TEST_19378,5
TEST_10772,5
TEST_27563,5
TEST_1280,5
TEST_72,5
TEST_16650,5
TEST_3183,5
TEST_26651,5
TEST_15222,5
TEST_25874,5
TEST_15764,5
TEST_21224,5
TEST_29908,5
TEST_3336,5
TEST_18648,5
TEST_1183,5
TEST_6648,5
TEST_2904,5
TEST_17290,5
TEST_5883,5
TEST_16322,5
TEST_1708,5
TEST_11724,5
TEST_6434,5
TEST_27593,5
TEST_16591,5
TEST_25566,5
TEST_6190,5
TEST_27639,5
TEST_6381,5
TEST_14700,5
TEST_2027,5
TEST_24254,5
TEST_15556,5
TEST_29750,5
TEST_14316,5
TEST_28479,5
TEST_16498,5
TEST_27169,5
TEST_21091,5
TEST_7185,5
TEST_18841,5
TEST_21871,5
TEST_27981,5
TEST_26540,5
TEST_22130,5
TEST_10855,5
TEST_17627,5
TEST_16489,5
TEST_12386,5
TEST_12561,5
TEST_9583,5
TEST_3259,5
TEST_14866,5
TEST_2760,5
TEST_17343,5
TEST_21884,5
TEST_12658,5
TEST_5070,5
TEST_1614,5
TEST_15602,5
TEST_9874,5
TEST_11837,5
TEST_15024,5
TEST_27950,5
TEST_6685,5
TEST_23756,5
TEST_29091,5
TEST_28306,5
TEST_15311,5
TEST_10129,5
TEST_22676,5
TEST_29899,5
TEST_14713,5
TEST_17692,5
TEST_7719,5
TEST_28532,5
TEST_2859,5
TEST_22583,5
TEST_10177,5
TEST_3282,5
TEST_22277,5
TEST_10292,5
TEST_12281,5
TEST_19758,5
TEST_17608,5
TEST_17335,5
TEST_23063,5
TEST_5004,5
TEST_5227,5
TEST_3191,5
TEST_19307,5
TEST_2676,5
TEST_10621,5
TEST_12074,5
TEST_3649,5
TEST_10474,5
TEST_20506,5
TEST_29811,5
TEST_9783,5
TEST_27567,5
TEST_5365,5
TEST_12649,5
TEST_16497,5
TEST_13043,5
TEST_25658,5
TEST_3546,5
TEST_5087,5
TEST_6942,5
TEST_11987,5
TEST_23805,5
TEST_14757,5
TEST_27491,5
TEST_13784,5
TEST_29544,5
TEST_5194,5
TEST_17135,5
TEST_17922,5
TEST_28514,5
TEST_27672,5
TEST_10185,5
TEST_14726,5
TEST_22215,5
TEST_16068,5
TEST_4160,5
TEST_7037,5
TEST_21970,5
TEST_5797,5
TEST_2896,5
TEST_14364,5
TEST_7532,5
TEST_43,5
TEST_28316,5
TEST_14210,5
TEST_9380,5
TEST_1447,5
TEST_1162,5
TEST_17837,5
TEST_24768,5
TEST_12992,5
TEST_10919,5
TEST_23151,5
TEST_6718,5
TEST_26058,5
TEST_18642,5
TEST_13835,5
TEST_11179,5
TEST_4817,5
TEST_1797,5
TEST_20134,5
TEST_4276,5
TEST_12052,5
TEST_11827,5
TEST_13591,5
TEST_17513,5
TEST_8314,5
TEST_9664,5
TEST_29547,5
TEST_5390,5
TEST_19556,5
TEST_3752,5
TEST_18890,5
TEST_21039,5
TEST_19129,5
TEST_2080,5
TEST_2305,5
TEST_12947,5
TEST_21774,5
TEST_26882,5
TEST_2208,5
TEST_12131,5
TEST_14403,5
TEST_16571,5
TEST_15954,5
TEST_27461,5
TEST_26412,5
TEST_9717,5
TEST_1264,5
TEST_513,5
TEST_15541,5
TEST_25218,5
TEST_8112,5
TEST_6878,5
TEST_20063,5
TEST_2046,5
TEST_8879,5
TEST_5730,5
TEST_11531,5
TEST_27490,5
TEST_471,5
TEST_28797,5
TEST_16124,5
TEST_5051,5
TEST_3361,5
TEST_3879,5
TEST_7122,5
TEST_5988,5
TEST_26324,5
TEST_13032,5
TEST_24101,5
TEST_23488,5
TEST_15878,5
TEST_8445,5
TEST_17028,5
TEST_11910,5
TEST_14185,5
TEST_2952,5
TEST_11291,5
TEST_27030,5
TEST_7507,5
TEST_7014,5
TEST_24120,5
TEST_28649,5
TEST_3503,5
TEST_23441,5
TEST_17982,5
TEST_22895,5
TEST_2864,5
TEST_29146,5
TEST_14036,5
TEST_5107,5
TEST_104,5
TEST_25301,5
TEST_754,5
TEST_16169,5
TEST_6583,5
TEST_1234,5
TEST_29483,5
TEST_8876,5
TEST_9192,5
TEST_13979,5
TEST_24195,5
TEST_26582,5
TEST_22417,5
TEST_6071,5
TEST_5606,5
TEST_14078,5
TEST_5891,5
TEST_17533,5
TEST_26562,5
TEST_21643,5
TEST_6595,5
TEST_3236,5
TEST_21829,5
TEST_21020,5
TEST_10252,5
TEST_26968,5
TEST_3181,5
TEST_3024,5
TEST_3338,5
TEST_3369,5
TEST_18190,5
TEST_3771,5
TEST_9366,5
TEST_16574,5
TEST_16123,5
TEST_16996,5
TEST_13580,5
TEST_4969,5
TEST_21932,5
TEST_3086,5
TEST_26186,5
TEST_9211,5
TEST_2813,5
TEST_12975,5
TEST_5187,5
TEST_2471,5
TEST_23044,5
TEST_13950,5
TEST_956,5
TEST_717,5
TEST_26722,5
TEST_27307,5
TEST_29377,5
TEST_24996,5
TEST_15347,5
TEST_13168,5
TEST_26458,5
TEST_21155,5
TEST_19293,5
TEST_25154,5
TEST_13193,5
TEST_10701,5
TEST_5184,5
TEST_4975,5
TEST_24675,5
TEST_17506,5
TEST_19100,5
TEST_3755,5
TEST_13354,5
TEST_13601,5
TEST_14736,5
TEST_14879,5
TEST_24220,5
TEST_9020,5
TEST_7346,5
TEST_5209,5
TEST_4218,5
TEST_11551,5
TEST_5472,5
TEST_763,5
TEST_13683,5
TEST_16248,5
TEST_1324,5
TEST_24650,5
TEST_29765,5
TEST_1013,5
TEST_12788,5
TEST_18365,5
TEST_20795,5
TEST_5622,5
TEST_11171,5
TEST_29350,5
TEST_15299,5
TEST_1144,5
TEST_22226,5
TEST_3088,5
TEST_6057,5
TEST_25401,5
TEST_15678,5
TEST_23882,5
TEST_4853,5
TEST_27916,5
TEST_5045,5
TEST_12053,5
TEST_23736,5
TEST_22555,5
TEST_16147,5
TEST_27004,5
TEST_16159,5
TEST_13378,5
TEST_23443,5
TEST_17661,5
TEST_1738,5
TEST_9519,5
TEST_1070,5
TEST_1388,5
TEST_13986,5
TEST_23105,5
TEST_6759,5
TEST_11602,5
TEST_11657,5
TEST_14524,5
TEST_16521,5
TEST_21715,5
TEST_10572,5
TEST_23068,5
TEST_19463,5
TEST_534,5
TEST_26450,5
TEST_25919,5
TEST_3918,5
TEST_21667,5
TEST_15370,5
TEST_4887,5
TEST_7324,5
TEST_1099,5
TEST_3830,5
TEST_20341,5
TEST_25124,5
TEST_27840,5
TEST_24890,5
TEST_9843,5
TEST_312,5
TEST_25627,5
TEST_16965,5
TEST_25798,5
TEST_7250,5
TEST_19021,5
TEST_6897,5
TEST_17253,5
TEST_336,5
TEST_12839,5
TEST_25685,5
TEST_11954,5
TEST_17256,5
TEST_27560,5
TEST_5526,5
TEST_15477,5
TEST_14090,5
TEST_5162,5
TEST_27592,5
TEST_16522,5
TEST_175,5
TEST_8814,5
TEST_22631,5
TEST_1157,5
TEST_19878,5
TEST_6501,5
TEST_17415,5
TEST_11587,5
TEST_8978,5
TEST_15515,5
TEST_18431,5
TEST_24312,5
TEST_29669,5
TEST_19892,5
TEST_26696,5
TEST_15881,5
TEST_19148,5
TEST_15568,5
TEST_4256,5
TEST_14869,5
TEST_764,5
TEST_13163,5
TEST_19598,5
TEST_17355,5
TEST_6709,5
TEST_8401,5
TEST_16641,5
TEST_28617,5
TEST_20300,5
TEST_22218,5
TEST_28965,5
TEST_18844,5
TEST_11904,5
TEST_17762,5
TEST_16888,5
TEST_13724,5
TEST_24702,5
TEST_13715,5
TEST_26241,5
TEST_26744,5
TEST_14001,5
TEST_16537,5
TEST_22500,5
TEST_24867,5
TEST_6611,5
TEST_24268,5
TEST_23445,5
TEST_896,5
TEST_6290,5
TEST_10658,5
TEST_9965,5
TEST_24321,5
TEST_8626,5
TEST_24551,5
TEST_2631,5
TEST_21525,5
TEST_16607,5
TEST_9164,5
TEST_17364,5
TEST_10725,5
TEST_8541,5
TEST_22096,5
TEST_29973,5
TEST_24019,5
TEST_6657,5
TEST_7545,5
TEST_3798,5
TEST_14585,5
TEST_4997,5
TEST_18995,5
TEST_28239,5
TEST_8844,5
TEST_11571,5
TEST_1049,5
TEST_17503,5
TEST_6283,5
TEST_13277,5
TEST_5876,5
TEST_24228,5
TEST_23281,5
TEST_2421,5
TEST_4166,5
TEST_28464,5
TEST_19632,5
TEST_22727,5
TEST_14549,5
TEST_9750,5
TEST_13077,5
TEST_15043,5
TEST_1347,5
TEST_649,5
TEST_1268,5
TEST_14732,5
TEST_6294,5
TEST_4657,5
TEST_14207,5
TEST_13074,5
TEST_13451,5
TEST_8273,5
TEST_28561,5
TEST_24756,5
TEST_24079,5
TEST_25887,5
TEST_8637,5
TEST_6220,5
TEST_1282,5
TEST_15228,5
TEST_1181,5
TEST_27602,5
TEST_28380,5
TEST_5699,5
TEST_13224,5
TEST_21218,5
TEST_22831,5
TEST_9227,5
TEST_25942,5
TEST_7786,5
TEST_24078,5
TEST_9488,5
TEST_27717,5
TEST_28383,5
TEST_5892,5
TEST_12369,5
TEST_7779,5
TEST_28598,5
TEST_26435,5
TEST_17591,5
TEST_29672,5
TEST_1918,5
TEST_1041,5
TEST_20348,5
TEST_16257,5
TEST_574,5
TEST_17777,5
TEST_16287,5
TEST_21301,5
TEST_5069,5
TEST_3968,5
TEST_9483,5
TEST_14775,5
TEST_18627,5
TEST_17516,5
TEST_17549,5
TEST_6473,5
TEST_24170,5
TEST_5853,5
TEST_7831,5
TEST_27042,5
TEST_28075,5
TEST_27447,5
TEST_20969,5
TEST_14363,5
TEST_1168,5
TEST_29582,5
TEST_23464,5
TEST_12389,5
TEST_29712,5
TEST_12143,5
TEST_24571,5
TEST_27909,5
TEST_9864,5
TEST_19747,5
TEST_29828,5
TEST_17650,5
TEST_29178,5
TEST_14148,5
TEST_24404,5
TEST_11617,5
TEST_23974,5
TEST_703,5
TEST_8994,5
TEST_23868,5
TEST_6443,5
TEST_11346,5
TEST_1812,5
TEST_8659,5
TEST_9416,5
TEST_28264,5
TEST_27728,5
TEST_28564,5
TEST_27837,5
TEST_9513,5
TEST_18939,5
TEST_22391,5
TEST_14604,5
TEST_21620,5
TEST_20961,5
TEST_22470,5
TEST_3751,5
TEST_11878,5
TEST_23343,5
TEST_5124,5
TEST_5015,5
TEST_18338,5
TEST_890,5
TEST_3445,5
TEST_16897,5
TEST_20046,5
TEST_29360,5
TEST_21084,5
TEST_21429,5
TEST_8074,5
TEST_1409,5
TEST_18570,5
TEST_28231,5
TEST_12347,5
TEST_24433,5
TEST_13674,5
TEST_22832,5
TEST_614,5
TEST_12628,5
TEST_23338,5
TEST_21892,5
TEST_10952,5
TEST_15771,5
TEST_2968,5
TEST_10411,5
TEST_7516,5
TEST_13992,5
TEST_29002,5
TEST_19932,5
TEST_10704,5
TEST_9589,5
TEST_776,5
TEST_5309,5
TEST_10228,5
TEST_20984,5
TEST_25492,5
TEST_413,5
TEST_408,5
TEST_11596,5
TEST_12635,5
TEST_25935,5
TEST_24025,5
TEST_6454,5
TEST_23453,5
TEST_17181,5
TEST_694,5
TEST_29488,5
TEST_18153,5
TEST_22988,5
TEST_6581,5
TEST_25313,5
TEST_23582,5
TEST_7193,5
TEST_15120,5
TEST_3170,5
TEST_11312,5
TEST_15772,5
TEST_2351,5
TEST_12692,5
TEST_8728,5
TEST_22614,5
TEST_18504,5
TEST_8359,5
TEST_18474,5
TEST_21845,5
TEST_29931,5
TEST_1444,5
TEST_2189,5
TEST_12197,5
TEST_25474,5
TEST_9462,5
TEST_21773,5
TEST_1074,5
TEST_7166,5
TEST_9866,5
TEST_18116,5
TEST_2060,5
TEST_12872,5
TEST_459,5
TEST_25033,5
TEST_27117,5
TEST_12334,5
TEST_17967,5
TEST_15520,5
TEST_19724,5
TEST_25032,5
TEST_26327,5
TEST_1059,5
TEST_14769,5
TEST_29923,5
TEST_10246,5
TEST_24905,5
TEST_17334,5
TEST_5595,5
TEST_10961,5
TEST_14727,5
TEST_18966,5
TEST_16008,5
TEST_15247,5
TEST_20828,5
TEST_26481,5
TEST_27737,5
TEST_23336,5
TEST_1767,5
TEST_24882,5
TEST_27242,5
TEST_28350,5
TEST_13636,5
TEST_3312,5
TEST_4528,5
TEST_23164,5
TEST_19730,5
TEST_9300,5
TEST_8325,5
TEST_3914,5
TEST_8813,5
TEST_28580,5
TEST_20956,5
TEST_1604,5
TEST_13854,5
TEST_21273,5
TEST_27386,5
TEST_22207,5
TEST_20937,5
TEST_19533,5
TEST_26150,5
TEST_26140,5
TEST_28277,5
TEST_5850,5
TEST_10556,5
TEST_27121,5
TEST_25580,5
TEST_15511,5
TEST_9782,5
TEST_28269,5
TEST_15866,5
TEST_13281,5
TEST_9821,5
TEST_19975,5
TEST_28563,5
TEST_4003,5
TEST_6279,5
TEST_1804,5
TEST_11796,5
TEST_29744,5
TEST_27340,5
TEST_14825,5
TEST_20358,5
TEST_618,5
TEST_2363,5
TEST_16904,5
TEST_5219,5
TEST_19147,5
TEST_27019,5
TEST_2431,5
TEST_22231,5
TEST_5975,5
TEST_26767,5
TEST_16748,5
TEST_19900,5
TEST_27871,5
TEST_4009,5
TEST_13965,5
TEST_15131,5
TEST_7366,5
TEST_18734,5
TEST_25184,5
TEST_23680,5
TEST_898,5
TEST_26030,5
TEST_21165,5
TEST_22858,5
TEST_5286,5
TEST_20517,5
TEST_6706,5
TEST_2284,5
TEST_20551,5
TEST_17010,5
TEST_4740,5
TEST_29997,5
TEST_1686,5
TEST_18174,5
TEST_8222,5
TEST_18331,5
TEST_6588,5
TEST_20457,5
TEST_6084,5
TEST_9702,5
TEST_19304,5
TEST_29760,5
TEST_15185,5
TEST_3481,5
TEST_10412,5
TEST_9745,5
TEST_14160,5
TEST_7917,5
TEST_23812,5
TEST_13479,5
TEST_14998,5
TEST_12721,5
TEST_23936,5
TEST_4455,5
TEST_21856,5
TEST_26110,5
TEST_15925,5
TEST_13439,5
TEST_26527,5
TEST_17313,5
TEST_8636,5
TEST_19300,5
TEST_3390,5
TEST_14840,5
TEST_19699,5
TEST_11419,5
TEST_4673,5
TEST_14828,5
TEST_7846,5
TEST_27963,5
TEST_11449,5
TEST_1161,5
TEST_19445,5
TEST_26394,5
TEST_13790,5
TEST_3981,5
TEST_21382,5
TEST_29227,5
TEST_14834,5
TEST_11540,5
TEST_8046,5
TEST_28328,5
TEST_26436,5
TEST_23204,5
TEST_29859,5
TEST_16200,5
TEST_5540,5
TEST_19444,5
TEST_3079,5
TEST_13329,5
TEST_4874,5
TEST_24875,5
TEST_25094,5
TEST_13058,5
TEST_12928,5
TEST_28791,5
TEST_26500,5
TEST_29076,5
TEST_29962,5
TEST_3091,5
TEST_20273,5
TEST_28755,5
TEST_22453,5
TEST_22004,5
TEST_26271,5
TEST_9306,5
TEST_18838,5
TEST_8884,5
TEST_21400,5
TEST_26195,5
TEST_18410,5
TEST_13703,5
TEST_12417,5
TEST_10405,5
TEST_6651,5
TEST_18068,5
TEST_4570,5
TEST_4843,5
TEST_27516,5
TEST_6986,5
TEST_27382,5
TEST_22649,5
TEST_18909,5
TEST_23844,5
TEST_1275,5
TEST_11338,5
TEST_3874,5
TEST_24290,5
TEST_7226,5
TEST_18529,5
TEST_9878,5
TEST_1208,5
TEST_28883,5
TEST_21443,5
TEST_19887,5
TEST_20772,5
TEST_21114,5
TEST_3852,5
TEST_2466,5
TEST_846,5
TEST_4285,5
TEST_2447,5
TEST_15389,5
TEST_23239,5
TEST_16338,5
TEST_13073,5
TEST_25028,5
TEST_3239,5
TEST_26808,5
TEST_21728,5
TEST_28759,5
TEST_15565,5
TEST_15529,5
TEST_12770,5
TEST_2818,5
TEST_10947,5
TEST_21621,5
TEST_3448,5
TEST_2237,5
TEST_1393,5
TEST_542,5
TEST_14498,5
TEST_2187,5
TEST_1231,5
TEST_23809,5
TEST_8569,5
TEST_7478,5
TEST_24874,5
TEST_18980,5
TEST_17220,5
TEST_221,5
TEST_18213,5
TEST_9429,5
TEST_26711,5
TEST_7672,5
TEST_4735,5
TEST_6095,5
TEST_28914,5
TEST_2051,5
TEST_1309,5
TEST_945,5
TEST_27415,5
TEST_23944,5
TEST_20265,5
TEST_12408,5
TEST_15803,5
TEST_12693,5
TEST_28144,5
TEST_16745,5
TEST_12532,5
TEST_26479,5
TEST_13530,5
TEST_26565,5
TEST_8474,5
TEST_12233,5
TEST_25436,5
TEST_26561,5
TEST_22268,5
TEST_7458,5
TEST_27609,5
TEST_27310,5
TEST_14137,5
TEST_3211,5
TEST_5440,5
TEST_5732,5
TEST_2524,5
TEST_27090,5
TEST_966,5
TEST_12310,5
TEST_13583,5
TEST_3221,5
TEST_26669,5
TEST_617,5
TEST_17836,5
TEST_6282,5
TEST_1898,5
TEST_24448,5
TEST_27218,5
TEST_29174,5
TEST_29990,5
TEST_25737,5
TEST_13233,5
TEST_6189,5
TEST_9230,5
TEST_5611,5
TEST_416,5
TEST_11940,5
TEST_20699,5
TEST_5662,5
TEST_20941,5
TEST_13937,5
TEST_16002,5
TEST_3985,5
TEST_24574,5
TEST_22034,5
TEST_13297,5
TEST_27667,5
TEST_19721,5
TEST_3019,5
TEST_5199,5
TEST_25337,5
TEST_9422,5
TEST_13029,5
TEST_27859,5
TEST_6854,5
TEST_9618,5
TEST_27129,5
TEST_18553,5
TEST_29546,5
TEST_21887,5
TEST_11738,5
TEST_6344,5
TEST_28596,5
TEST_3152,5
TEST_29639,5
TEST_157,5
TEST_1724,5
TEST_26848,5
TEST_16323,5
TEST_22525,5
TEST_12164,5
TEST_26571,5
TEST_1674,5
TEST_17499,5
TEST_21937,5
TEST_6371,5
TEST_21080,5
TEST_15143,5
TEST_27095,5
TEST_12870,5
TEST_19813,5
TEST_537,5
TEST_5429,5
TEST_13548,5
TEST_27380,5
TEST_28562,5
TEST_16027,5
TEST_28609,5
TEST_17413,5
TEST_15499,5
TEST_19883,5
TEST_14368,5
TEST_22677,5
TEST_18814,5
TEST_4500,5
TEST_20305,5
TEST_2394,5
TEST_6014,5
TEST_15987,5
TEST_24415,5
TEST_9619,5
TEST_21019,5
TEST_1882,5
TEST_4211,5
TEST_2969,5
TEST_1699,5
TEST_6799,5
TEST_20390,5
TEST_15840,5
TEST_4888,5
TEST_18523,5
TEST_22046,5
TEST_29590,5
TEST_11550,5
TEST_22917,5
TEST_21013,5
TEST_28620,5
TEST_26589,5
TEST_22498,5
TEST_12029,5
TEST_14948,5
TEST_27017,5
TEST_14092,5
TEST_28458,5
TEST_21813,5
TEST_1526,5
TEST_2053,5
TEST_5068,5
TEST_24628,5
TEST_5391,5
TEST_25972,5
TEST_23636,5
TEST_17338,5
TEST_6362,5
TEST_18007,5
TEST_27547,5
TEST_23947,5
TEST_21946,5
TEST_24380,5
TEST_7456,5
TEST_1562,5
TEST_20181,5
TEST_19000,5
TEST_17666,5
TEST_16504,5
TEST_7121,5
TEST_3716,5
TEST_22947,5
TEST_3261,5
TEST_25153,5
TEST_14021,5
TEST_13119,5
TEST_25054,5
TEST_13103,5
TEST_4521,5
TEST_27201,5
TEST_20421,5
TEST_550,5
TEST_18500,5
TEST_11177,5
TEST_7054,5
TEST_29132,5
TEST_4775,5
TEST_9438,5
TEST_2674,5
TEST_15085,5
TEST_18370,5
TEST_4309,5
TEST_4842,5
TEST_14446,5
TEST_6977,5
TEST_2483,5
TEST_14344,5
TEST_8713,5
TEST_20940,5
TEST_28835,5
TEST_13213,5
TEST_23727,5
TEST_24300,5
TEST_3214,5
TEST_124,5
TEST_28103,5
TEST_26600,5
TEST_24544,5
TEST_2993,5
TEST_9553,5
TEST_29057,5
TEST_26010,5
TEST_11405,5
TEST_24485,5
TEST_22811,5
TEST_11902,5
TEST_19988,5
TEST_9302,5
TEST_21051,5
TEST_29351,5
TEST_26593,5
TEST_6474,5
TEST_7866,5
TEST_12866,5
TEST_28766,5
TEST_25125,5
TEST_24307,5
TEST_6033,5
TEST_15688,5
TEST_582,5
TEST_19485,5
TEST_26649,5
TEST_15266,5
TEST_11008,5
TEST_7659,5
TEST_6490,5
TEST_3566,5
TEST_430,5
TEST_2067,5
TEST_26054,5
TEST_9179,5
TEST_17528,5
TEST_1397,5
TEST_8300,5
TEST_27064,5
TEST_1856,5
TEST_8374,5
TEST_17912,5
TEST_23067,5
TEST_5329,5
TEST_109,5
TEST_28495,5
TEST_29821,5
TEST_14279,5
TEST_2304,5
TEST_10934,5
TEST_15167,5
TEST_27784,5
TEST_1487,5
TEST_21641,5
TEST_17311,5
TEST_1580,5
TEST_9109,5
TEST_21014,5
TEST_7736,5
TEST_7517,5
TEST_14413,5
TEST_21832,5
TEST_7275,5
TEST_27686,5
TEST_8134,5
TEST_23617,5
TEST_13753,5
TEST_2730,5
TEST_6658,5
TEST_15890,5
TEST_5980,5
TEST_98,5
TEST_23454,5
TEST_9409,5
TEST_18294,5
TEST_14345,5
TEST_22168,5
TEST_11268,5
TEST_19688,5
TEST_3296,5
TEST_1912,5
TEST_29559,5
TEST_13401,5
TEST_12106,5
TEST_23172,5
TEST_13800,5
TEST_28659,5
TEST_11208,5
TEST_23293,5
TEST_19351,5
TEST_5291,5
TEST_22698,5
TEST_6196,5
TEST_18680,5
TEST_12067,5
TEST_29286,5
TEST_7290,5
TEST_9003,5
TEST_6518,5
TEST_17202,5
TEST_21896,5
TEST_21602,5
TEST_25994,5
TEST_23573,5
TEST_10352,5
TEST_27108,5
TEST_29266,5
TEST_13220,5
TEST_17127,5
TEST_17156,5
TEST_2352,5
TEST_21995,5
TEST_10139,5
TEST_19154,5
TEST_27098,5
TEST_24027,5
TEST_4315,5
TEST_539,5
TEST_14930,5
TEST_23274,5
TEST_7566,5
TEST_20618,5
TEST_12185,5
TEST_7469,5
TEST_4039,5
TEST_19630,5
TEST_23551,5
TEST_11215,5
TEST_20891,5
TEST_17468,5
TEST_29330,5
TEST_1045,5
TEST_28131,5
TEST_7147,5
TEST_5022,5
TEST_18106,5
TEST_9141,5
TEST_26472,5
TEST_18954,5
TEST_21717,5
TEST_14687,5
TEST_2809,5
TEST_20870,5
TEST_1249,5
TEST_5129,5
TEST_15561,5
TEST_14709,5
TEST_20204,5
TEST_10240,5
TEST_29260,5
TEST_23337,5
TEST_24717,5
TEST_9002,5
TEST_23349,5
TEST_11213,5
TEST_14095,5
TEST_5126,5
TEST_28747,5
TEST_4324,5
TEST_9217,5
TEST_14722,5
TEST_552,5
TEST_15809,5
TEST_17489,5
TEST_16543,5
TEST_9253,5
TEST_4768,5
TEST_6871,5
TEST_2778,5
TEST_21893,5
TEST_11718,5
TEST_13963,5
TEST_6366,5
TEST_10676,5
TEST_8746,5
TEST_14616,5
TEST_27485,5
TEST_20381,5
TEST_17976,5
TEST_29425,5
TEST_19490,5
TEST_10304,5
TEST_23388,5
TEST_12550,5
TEST_20677,5
TEST_24402,5
TEST_8660,5
TEST_29543,5
TEST_1870,5
TEST_2190,5
TEST_27383,5
TEST_18801,5
TEST_4206,5
TEST_24673,5
TEST_26226,5
TEST_9240,5
TEST_19504,5
TEST_16275,5
TEST_20179,5
TEST_17166,5
TEST_10457,5
TEST_8849,5
TEST_24706,5
TEST_5135,5
TEST_7801,5
TEST_14326,5
TEST_17495,5
TEST_18956,5
TEST_3212,5
TEST_28594,5
TEST_28615,5
TEST_1789,5
TEST_13313,5
TEST_10500,5
TEST_24508,5
TEST_12216,5
TEST_3107,5
TEST_29129,5
TEST_5130,5
TEST_23943,5
TEST_21721,5
TEST_15940,5
TEST_10140,5
TEST_4088,5
TEST_19961,5
TEST_20712,5
TEST_5923,5
TEST_28443,5
TEST_25634,5
TEST_7051,5
TEST_1713,5
TEST_3943,5
TEST_1892,5
TEST_25770,5
TEST_23616,5
TEST_6141,5
TEST_24119,5
TEST_11716,5
TEST_16594,5
TEST_9464,5
TEST_3910,5
TEST_21363,5
TEST_2974,5
TEST_18622,5
TEST_11348,5
TEST_8594,5
TEST_28315,5
TEST_23847,5
TEST_7078,5
TEST_18278,5
TEST_21257,5
TEST_20334,5
TEST_20836,5
TEST_4505,5
TEST_2719,5
TEST_3553,5
TEST_28008,5
TEST_12753,5
TEST_25269,5
TEST_26361,5
TEST_4193,5
TEST_29443,5
TEST_8280,5
TEST_23529,5
TEST_8168,5
TEST_8182,5
TEST_20101,5
TEST_19682,5
TEST_25484,5
TEST_22053,5
TEST_7932,5
TEST_8082,5
TEST_23206,5
TEST_29737,5
TEST_2290,5
TEST_3330,5
TEST_6703,5
TEST_29667,5
TEST_13563,5
TEST_14292,5
TEST_13245,5
TEST_4327,5
TEST_23814,5
TEST_9501,5
TEST_28148,5
TEST_14548,5
TEST_7978,5
TEST_3542,5
TEST_13397,5
TEST_21015,5
TEST_6882,5
TEST_4635,5
TEST_18230,5
TEST_19529,5
TEST_5171,5
TEST_4702,5
TEST_18415,5
TEST_21653,5
TEST_16596,5
TEST_139,5
TEST_12456,5
TEST_1482,5
TEST_2118,5
TEST_28453,5
TEST_6147,5
TEST_22872,5
TEST_22124,5
TEST_1982,5
TEST_21078,5
TEST_29072,5
TEST_23980,5
TEST_29915,5
TEST_13744,5
TEST_10353,5
TEST_7010,5
TEST_22358,5
TEST_9450,5
TEST_13941,5
TEST_24470,5
TEST_16421,5
TEST_24823,5
TEST_6325,5
TEST_11131,5
TEST_6800,5
TEST_29190,5
TEST_28261,5
TEST_9195,5
TEST_14957,5
TEST_19860,5
TEST_24983,5
TEST_10538,5
TEST_3006,5
TEST_11877,5
TEST_1289,5
TEST_21201,5
TEST_5774,5
TEST_11939,5
TEST_4436,5
TEST_6149,5
TEST_13625,5
TEST_23314,5
TEST_9291,5
TEST_12646,5
TEST_3736,5
TEST_3216,5
TEST_20945,5
TEST_28348,5
TEST_6694,5
TEST_15226,5
TEST_3396,5
TEST_22852,5
TEST_16,5
TEST_23538,5
TEST_1141,5
TEST_12324,5
TEST_26870,5
TEST_4443,5
TEST_25698,5
TEST_13236,5
TEST_26534,5
TEST_13359,5
TEST_3906,5
TEST_11463,5
TEST_19278,5
TEST_2868,5
TEST_734,5
TEST_22756,5
TEST_26173,5
TEST_20043,5
TEST_1253,5
TEST_14468,5
TEST_20,5
TEST_27368,5
TEST_14716,5
TEST_26641,5
TEST_17032,5
TEST_5579,5
TEST_22851,5
TEST_25745,5
TEST_2312,5
TEST_3158,5
TEST_11421,5
TEST_26099,5
TEST_17645,5
TEST_12790,5
TEST_12442,5
TEST_18348,5
TEST_22839,5
TEST_1396,5
TEST_132,5
TEST_18778,5
TEST_5769,5
TEST_22079,5
TEST_25056,5
TEST_21956,5
TEST_28155,5
TEST_22067,5
TEST_4512,5
TEST_8535,5
TEST_29183,5
TEST_13478,5
TEST_13998,5
TEST_13782,5
TEST_7455,5
TEST_3698,5
TEST_14779,5
TEST_17722,5
TEST_22633,5
TEST_16587,5
TEST_7544,5
TEST_13969,5
TEST_10060,5
TEST_11745,5
TEST_3047,5
TEST_9770,5
TEST_14143,5
TEST_24346,5
TEST_9070,5
TEST_10828,5
TEST_21629,5
TEST_6735,5
TEST_3607,5
TEST_7985,5
TEST_24438,5
TEST_16397,5
TEST_20999,5
TEST_20779,5
TEST_20188,5
TEST_8220,5
TEST_22610,5
TEST_17738,5
TEST_23743,5
TEST_4877,5
TEST_10854,5
TEST_2934,5
TEST_26833,5
TEST_8944,5
TEST_13323,5
TEST_23786,5
TEST_28191,5
TEST_19923,5
TEST_13942,5
TEST_8103,5
TEST_9710,5
TEST_20311,5
TEST_23253,5
TEST_17272,5
TEST_25164,5
TEST_2491,5
TEST_5296,5
TEST_11608,5
TEST_8515,5
TEST_9562,5
TEST_14710,5
TEST_8454,5
TEST_20607,5
TEST_24417,5
TEST_16885,5
TEST_6864,5
TEST_7378,5
TEST_17462,5
TEST_13351,5
TEST_29513,5
TEST_15093,5
TEST_10715,5
TEST_9036,5
TEST_9729,5
TEST_24819,5
TEST_19038,5
TEST_19696,5
TEST_15323,5
TEST_13458,5
TEST_23120,5
TEST_21463,5
TEST_14802,5
TEST_9764,5
TEST_8586,5
TEST_3116,5
TEST_26254,5
TEST_24225,5
TEST_17412,5
TEST_12317,5
TEST_29941,5
TEST_20372,5
TEST_5265,5
TEST_12085,5
TEST_9173,5
TEST_26587,5
TEST_28584,5
TEST_10677,5
TEST_5932,5
TEST_16520,5
TEST_11257,5
TEST_26183,5
TEST_25463,5
TEST_29434,5
TEST_11153,5
TEST_4485,5
TEST_23896,5
TEST_14129,5
TEST_1668,5
TEST_7170,5
TEST_25297,5
TEST_27665,5
TEST_4291,5
TEST_10615,5
TEST_26348,5
TEST_418,5
TEST_18928,5
TEST_16946,5
TEST_4514,5
TEST_28418,5
TEST_7662,5
TEST_23165,5
TEST_18502,5
TEST_10739,5
TEST_6950,5
TEST_11857,5
TEST_787,5
TEST_9917,5
TEST_22546,5
TEST_16363,5
TEST_3472,5
TEST_9999,5
TEST_8618,5
TEST_8154,5
TEST_22993,5
TEST_772,5
TEST_5496,5
TEST_7592,5
TEST_29836,5
TEST_28971,5
TEST_19270,5
TEST_9293,5
TEST_26635,5
TEST_19225,5
TEST_27174,5
TEST_2514,5
TEST_15465,5
TEST_1561,5
TEST_7766,5
TEST_27796,5
TEST_20155,5
TEST_14332,5
TEST_10378,5
TEST_10293,5
TEST_14653,5
TEST_2930,5
TEST_26765,5
TEST_15308,5
TEST_28471,5
TEST_23482,5
TEST_14993,5
TEST_24028,5
TEST_8108,5
TEST_16070,5
TEST_74,5
TEST_4052,5
TEST_22365,5
TEST_24667,5
TEST_5779,5
TEST_18053,5
TEST_28732,5
TEST_15907,5
TEST_23133,5
TEST_9292,5
TEST_23504,5
TEST_26873,5
TEST_28393,5
TEST_20079,5
TEST_18764,5
TEST_6644,5
TEST_16676,5
TEST_29022,5
TEST_7611,5
TEST_16176,5
TEST_11733,5
TEST_28101,5
TEST_8498,5
TEST_29023,5
TEST_7198,5
TEST_7050,5
TEST_10627,5
TEST_21697,5
TEST_21154,5
TEST_6599,5
TEST_18289,5
TEST_16286,5
TEST_5460,5
TEST_24341,5
TEST_18143,5
TEST_15270,5
TEST_18729,5
TEST_7746,5
TEST_26187,5
TEST_10429,5
TEST_19326,5
TEST_23906,5
TEST_11631,5
TEST_3556,5
TEST_15792,5
TEST_10394,5
TEST_9986,5
TEST_17508,5
TEST_5649,5
TEST_25579,5
TEST_22720,5
TEST_9591,5
TEST_6739,5
TEST_16277,5
TEST_25909,5
TEST_6116,5
TEST_19110,5
TEST_7040,5
TEST_28570,5
TEST_29720,5
TEST_25226,5
TEST_3652,5
TEST_26792,5
TEST_913,5
TEST_8153,5
TEST_28503,5
TEST_16903,5
TEST_7012,5
TEST_13128,5
TEST_2355,5
TEST_6464,5
TEST_24129,5
TEST_3480,5
TEST_17203,5
TEST_22427,5
TEST_11235,5
TEST_21207,5
TEST_13807,5
TEST_16867,5
TEST_28734,5
TEST_24000,5
TEST_15681,5
TEST_17396,5
TEST_24645,5
TEST_26208,5
TEST_758,5
TEST_27439,5
TEST_24154,5
TEST_17119,5
TEST_18870,5
TEST_22875,5
TEST_16671,5
TEST_23197,5
TEST_8377,5
TEST_13328,5
TEST_789,5
TEST_15791,5
TEST_8820,5
TEST_14528,5
TEST_20225,5
TEST_10925,5
TEST_5889,5
TEST_5255,5
TEST_4422,5
TEST_16313,5
TEST_7506,5
TEST_28441,5
TEST_13614,5
TEST_22532,5
TEST_20320,5
TEST_5456,5
TEST_339,5
TEST_8616,5
TEST_19222,5
TEST_6259,5
TEST_23399,5
TEST_27546,5
TEST_16536,5
TEST_26689,5
TEST_16924,5
TEST_27783,5
TEST_16073,5
TEST_1194,5
TEST_15097,5
TEST_19359,5
TEST_3689,5
TEST_8667,5
TEST_10413,5
TEST_14110,5
TEST_21835,5
TEST_8163,5
TEST_8056,5
TEST_19047,5
TEST_3184,5
TEST_17104,5
TEST_16998,5
TEST_18941,5
TEST_8195,5
TEST_21061,5
TEST_5832,5
TEST_19806,5
TEST_16868,5
TEST_27027,5
TEST_15403,5
TEST_16051,5
TEST_12878,5
TEST_4306,5
TEST_19858,5
TEST_18343,5
TEST_14043,5
TEST_4091,5
TEST_10972,5
TEST_19230,5
TEST_11593,5
TEST_8368,5
TEST_25110,5
TEST_26083,5
TEST_22613,5
TEST_13484,5
TEST_11021,5
TEST_11154,5
TEST_27710,5
TEST_28554,5
TEST_18100,5
TEST_18206,5
TEST_4751,5
TEST_8835,5
TEST_29395,5
TEST_6471,5
TEST_16940,5
TEST_21708,5
TEST_15186,5
TEST_12160,5
TEST_823,5
TEST_825,5
TEST_28154,5
TEST_23140,5
TEST_13844,5
TEST_29334,5
TEST_27276,5
TEST_6738,5
TEST_28801,5
TEST_20362,5
TEST_1311,5
TEST_11731,5
TEST_21012,5
TEST_3722,5
TEST_7991,5
TEST_17481,5
TEST_7739,5
TEST_7464,5
TEST_16310,5
TEST_21529,5
TEST_8686,5
TEST_28381,5
TEST_11073,5
TEST_15903,5
TEST_7202,5
TEST_28351,5
TEST_28006,5
TEST_27293,5
TEST_8561,5
TEST_10754,5
TEST_19616,5
TEST_16465,5
TEST_5613,5
TEST_12418,5
TEST_8213,5
TEST_13574,5
TEST_25457,5
TEST_7823,5
TEST_9229,5
TEST_8285,5
TEST_10108,5
TEST_3955,5
TEST_793,5
TEST_10096,5
TEST_6770,5
TEST_11240,5
TEST_5111,5
TEST_7925,5
TEST_13049,5
TEST_18748,5
TEST_6683,5
TEST_26837,5
TEST_5707,5
TEST_8897,5
TEST_12968,5
TEST_22991,5
TEST_2441,5
TEST_29050,5
TEST_10009,5
TEST_28838,5
TEST_24192,5
TEST_3747,5
TEST_777,5
TEST_5141,5
TEST_3725,5
TEST_21237,5
TEST_8838,5
TEST_8493,5
TEST_13679,5
TEST_47,5
TEST_1009,5
TEST_2182,5
TEST_17380,5
TEST_12158,5
TEST_1217,5
TEST_10737,5
TEST_28019,5
TEST_7573,5
TEST_8685,5
TEST_11895,5
TEST_1984,5
TEST_15610,5
TEST_5999,5
TEST_2897,5
TEST_21579,5
TEST_28888,5
TEST_22109,5
TEST_14023,5
TEST_21088,5
TEST_13214,5
TEST_12036,5
TEST_20466,5
TEST_3537,5
TEST_20492,5
TEST_17560,5
TEST_21196,5
TEST_20402,5
TEST_26060,5
TEST_18754,5
TEST_8367,5
TEST_12465,5
TEST_4601,5
TEST_19871,5
TEST_11399,5
TEST_5234,5
TEST_15960,5
TEST_19800,5
TEST_9884,5
TEST_28900,5
TEST_28917,5
TEST_1806,5
TEST_7678,5
TEST_1251,5
TEST_27891,5
TEST_8907,5
TEST_16081,5
TEST_22146,5
TEST_18419,5
TEST_22008,5
TEST_14411,5
TEST_12367,5
TEST_13900,5
TEST_11418,5
TEST_12128,5
TEST_11747,5
TEST_19436,5
TEST_25072,5
TEST_19073,5
TEST_14369,5
TEST_9404,5
TEST_16361,5
TEST_5569,5
TEST_11328,5
TEST_8257,5
TEST_29630,5
TEST_18789,5
TEST_22223,5
TEST_22400,5
TEST_16678,5
TEST_3787,5
TEST_6295,5
TEST_4273,5
TEST_9200,5
TEST_21057,5
TEST_29142,5
TEST_16703,5
TEST_26678,5
TEST_28920,5
TEST_7724,5
TEST_16765,5
TEST_23423,5
TEST_10101,5
TEST_11452,5
TEST_13237,5
TEST_17433,5
TEST_9567,5
TEST_9820,5
TEST_17663,5
TEST_15978,5
TEST_15130,5
TEST_23744,5
TEST_19822,5
TEST_22472,5
TEST_6696,5
TEST_14440,5
TEST_25093,5
TEST_23158,5
TEST_27814,5
TEST_18816,5
TEST_17816,5
TEST_18097,5
TEST_22324,5
TEST_20747,5
TEST_15433,5
TEST_24298,5
TEST_4869,5
TEST_16112,5
TEST_6939,5
TEST_1521,5
TEST_10519,5
TEST_27506,5
TEST_19250,5
TEST_16086,5
TEST_4038,5
TEST_24557,5
TEST_22458,5
TEST_20227,5
TEST_13757,5
TEST_16796,5
TEST_23218,5
TEST_8416,5
TEST_12993,5
TEST_28174,5
TEST_11881,5
TEST_23287,5
TEST_8471,5
TEST_14273,5
TEST_28438,5
TEST_26486,5
TEST_19729,5
TEST_8384,5
TEST_2510,5
TEST_13830,5
TEST_6051,5
TEST_28062,5
TEST_9392,5
TEST_18095,5
TEST_1731,5
TEST_1116,5
TEST_1184,5
TEST_12815,5
TEST_4034,5
TEST_22526,5
TEST_22596,5
TEST_17491,5
TEST_22950,5
TEST_3363,5
TEST_21120,5
TEST_10036,5
TEST_1775,5
TEST_14651,5
TEST_21740,5
TEST_7281,5
TEST_2706,5
TEST_3292,5
TEST_6596,5
TEST_14265,5
TEST_15692,5
TEST_28626,5
TEST_14052,5
TEST_19295,5
TEST_27076,5
TEST_22634,5
TEST_10631,5
TEST_15052,5
TEST_19465,5
TEST_11220,5
TEST_29987,5
TEST_20789,5
TEST_27877,5
TEST_2612,5
TEST_22985,5
TEST_529,5
TEST_28310,5
TEST_20277,5
TEST_29863,5
TEST_4412,5
TEST_26387,5
TEST_29024,5
TEST_8918,5
TEST_29203,5
TEST_289,5
TEST_519,5
TEST_16507,5
TEST_17942,5
TEST_4671,5
TEST_21438,5
TEST_14956,5
TEST_28360,5
TEST_24068,5
TEST_23595,5
TEST_20693,5
TEST_23563,5
TEST_2753,5
TEST_7205,5
TEST_14909,5
TEST_1519,5
TEST_5136,5
TEST_5364,5
TEST_14981,5
TEST_10270,5
TEST_19593,5
TEST_15045,5
TEST_13186,5
TEST_3479,5
TEST_18720,5
TEST_25756,5
TEST_14852,5
TEST_25509,5
TEST_25732,5
TEST_3972,5
TEST_4462,5
TEST_1105,5
TEST_27929,5
TEST_23510,5
TEST_21491,5
TEST_21106,5
TEST_13627,5
TEST_21499,5
TEST_7068,5
TEST_17049,5
TEST_26730,5
TEST_611,5
TEST_23949,5
TEST_19912,5
TEST_11195,5
TEST_12441,5
TEST_17589,5
TEST_17213,5
TEST_8199,5
TEST_26944,5
TEST_25138,5
TEST_2057,5
TEST_11322,5
TEST_18864,5
TEST_29441,5
TEST_23544,5
TEST_28645,5
TEST_9726,5
TEST_5917,5
TEST_19332,5
TEST_8488,5
TEST_23956,5
TEST_3797,5
TEST_19171,5
TEST_9826,5
TEST_6721,5
TEST_6865,5
TEST_5882,5
TEST_13392,5
TEST_8101,5
TEST_10144,5
TEST_27408,5
TEST_17137,5
TEST_13025,5
TEST_3397,5
TEST_12020,5
TEST_24023,5
TEST_22128,5
TEST_25601,5
TEST_1685,5
TEST_13497,5
TEST_16793,5
TEST_22827,5
TEST_6320,5
TEST_20928,5
TEST_18804,5
TEST_5439,5
TEST_7871,5
TEST_15380,5
TEST_22626,5
TEST_5843,5
TEST_12703,5
TEST_24637,5
TEST_23723,5
TEST_13517,5
TEST_12910,5
TEST_10817,5
TEST_17164,5
TEST_14436,5
TEST_7854,5
TEST_13773,5
TEST_16927,5
TEST_19831,5
TEST_23583,5
TEST_17504,5
TEST_27085,5
TEST_1278,5
TEST_14139,5
TEST_28146,5
TEST_17802,5
TEST_3618,5
TEST_10748,5
TEST_12509,5
TEST_12621,5
TEST_25452,5
TEST_12298,5
TEST_3495,5
TEST_11594,5
TEST_22342,5
TEST_14373,5
TEST_18664,5
TEST_4323,5
TEST_16997,5
TEST_17292,5
TEST_10498,5
TEST_5143,5
TEST_10892,5
TEST_21597,5
TEST_26288,5
TEST_7923,5
TEST_1057,5
TEST_9686,5
TEST_14128,5
TEST_7913,5
TEST_22408,5
TEST_24328,5
TEST_14010,5
TEST_10553,5
TEST_18396,5
TEST_9348,5
TEST_19423,5
TEST_742,5
TEST_705,5
TEST_526,5
TEST_12018,5
TEST_13112,5
TEST_27753,5
TEST_24201,5
TEST_3010,5
TEST_15847,5
TEST_2078,5
TEST_28087,5
TEST_11216,5
TEST_20094,5
TEST_23180,5
TEST_7535,5
TEST_15832,5
TEST_10973,5
TEST_16879,5
TEST_16457,5
TEST_12632,5
TEST_22863,5
TEST_8943,5
TEST_18594,5
TEST_5373,5
TEST_24824,5
TEST_10215,5
TEST_23285,5
TEST_5650,5
TEST_1792,5
TEST_8766,5
TEST_17255,5
TEST_19838,5
TEST_25640,5
TEST_2292,5
TEST_28825,5
TEST_10126,5
TEST_12482,5
TEST_28805,5
TEST_24319,5
TEST_18120,5
TEST_1349,5
TEST_12905,5
TEST_20951,5
TEST_23389,5
TEST_15416,5
TEST_29436,5
TEST_112,5
TEST_21419,5
TEST_2047,5
TEST_4688,5
TEST_27752,5
TEST_8004,5
TEST_11229,5
TEST_8250,5
TEST_29363,5
TEST_26932,5
TEST_8329,5
TEST_21476,5
TEST_1156,5
TEST_6089,5
TEST_7840,5
TEST_11985,5
TEST_15169,5
TEST_22887,5
TEST_12950,5
TEST_26986,5
TEST_6235,5
TEST_3352,5
TEST_19253,5
TEST_2549,5
TEST_28625,5
TEST_17957,5
TEST_16768,5
TEST_22496,5
TEST_24158,5
TEST_17008,5
TEST_7407,5
TEST_8473,5
TEST_674,5
TEST_3420,5
TEST_26407,5
TEST_15398,5
TEST_27685,5
TEST_23057,5
TEST_8038,5
TEST_5048,5
TEST_24409,5
TEST_8761,5
TEST_20811,5
TEST_3534,5
TEST_16829,5
TEST_6874,5
TEST_16454,5
TEST_7057,5
TEST_27892,5
TEST_29868,5
TEST_9344,5
TEST_28603,5
TEST_20967,5
TEST_7030,5
TEST_6049,5
TEST_2485,5
TEST_13403,5
TEST_21543,5
TEST_22584,5
TEST_23533,5
TEST_21303,5
TEST_27887,5
TEST_4556,5
TEST_23733,5
TEST_7598,5
TEST_8464,5
TEST_28037,5
TEST_2221,5
TEST_18760,5
TEST_26465,5
TEST_13780,5
TEST_14118,5
TEST_7518,5
TEST_17721,5
TEST_21649,5
TEST_15997,5
TEST_5672,5
TEST_7992,5
TEST_23909,5
TEST_29369,5
TEST_25960,5
TEST_29161,5
TEST_6087,5
TEST_19241,5
TEST_28229,5
TEST_16746,5
TEST_17517,5
TEST_28451,5
TEST_4417,5
TEST_5723,5
TEST_20740,5
TEST_24419,5
TEST_17381,5
TEST_10242,5
TEST_2457,5
TEST_21205,5
TEST_21402,5
TEST_20168,5
TEST_12275,5
TEST_25162,5
TEST_11228,5
TEST_12841,5
TEST_22185,5
TEST_22010,5
TEST_18071,5
TEST_14435,5
TEST_11037,5
TEST_19091,5
TEST_6531,5
TEST_5410,5
TEST_25096,5
TEST_7358,5
TEST_17329,5
TEST_25845,5
TEST_3917,5
TEST_4541,5
TEST_17144,5
TEST_28738,5
TEST_23211,5
TEST_25117,5
TEST_21573,5
TEST_22305,5
TEST_28629,5
TEST_1914,5
TEST_2082,5
TEST_13118,5
TEST_4626,5
TEST_7845,5
TEST_10075,5
TEST_444,5
TEST_19700,5
TEST_8090,5
TEST_13122,5
TEST_16356,5
TEST_16410,5
TEST_11401,5
TEST_24590,5
TEST_622,5
TEST_21613,5
TEST_24541,5
TEST_10536,5
TEST_26192,5
TEST_7062,5
TEST_29554,5
TEST_25643,5
TEST_3808,5
TEST_17274,5
TEST_841,5
TEST_6204,5
TEST_2912,5
TEST_22804,5
TEST_3440,5
TEST_7249,5
TEST_14465,5
TEST_8196,5
TEST_19232,5
TEST_11938,5
TEST_12762,5
TEST_1232,5
TEST_29683,5
TEST_12290,5
TEST_27052,5
TEST_17541,5
TEST_5250,5
TEST_19235,5
TEST_20790,5
TEST_3522,5
TEST_25320,5
TEST_25111,5
TEST_22200,5
TEST_28933,5
TEST_21976,5
TEST_19367,5
TEST_23115,5
TEST_8073,5
TEST_22285,5
TEST_25123,5
TEST_20676,5
TEST_21563,5
TEST_9855,5
TEST_25516,5
TEST_21043,5
TEST_14132,5
TEST_22089,5
TEST_8957,5
TEST_25609,5
TEST_2358,5
TEST_10174,5
TEST_24034,5
TEST_23745,5
TEST_20430,5
TEST_7200,5
TEST_16488,5
TEST_22409,5
TEST_18828,5
TEST_41,5
TEST_8320,5
TEST_1001,5
TEST_10104,5
TEST_7171,5
TEST_9608,5
TEST_21172,5
TEST_17120,5
TEST_25372,5
TEST_27071,5
TEST_266,5
TEST_3578,5
TEST_5814,5
TEST_28693,5
TEST_2283,5
TEST_20565,5
TEST_894,5
TEST_16311,5
TEST_8620,5
TEST_13293,5
TEST_11106,5
TEST_7609,5
TEST_16922,5
TEST_17179,5
TEST_6674,5
TEST_25786,5
TEST_25139,5
TEST_21512,5
TEST_12497,5
TEST_8832,5
TEST_16167,5
TEST_13812,5
TEST_24884,5
TEST_26074,5
TEST_18671,5
TEST_26153,5
TEST_1371,5
TEST_3317,5
TEST_21777,5
TEST_22530,5
TEST_21054,5
TEST_23960,5
TEST_1507,5
TEST_13332,5
TEST_11110,5
TEST_29208,5
TEST_7336,5
TEST_29297,5
TEST_14179,5
TEST_27282,5
TEST_11711,5
TEST_21755,5
TEST_25001,5
TEST_16811,5
TEST_13341,5
TEST_16606,5
TEST_9418,5
TEST_4796,5
TEST_22709,5
TEST_28983,5
TEST_8189,5
TEST_28803,5
TEST_4985,5
TEST_26000,5
TEST_29911,5
TEST_29743,5
TEST_7652,5
TEST_4797,5
TEST_15559,5
TEST_1007,5
TEST_14246,5
TEST_6856,5
TEST_4257,5
TEST_16928,5
TEST_16367,5
TEST_27890,5
TEST_6606,5
TEST_4173,5
TEST_5453,5
TEST_4905,5
TEST_26042,5
TEST_24900,5
TEST_6428,5
TEST_4973,5
TEST_1644,5
TEST_24724,5
TEST_25000,5
TEST_16296,5
TEST_17996,5
TEST_21269,5
TEST_21747,5
TEST_13617,5
TEST_23927,5
TEST_8694,5
TEST_2991,5
TEST_29099,5
TEST_16900,5
TEST_4391,5
TEST_3213,5
TEST_26209,5
TEST_22152,5
TEST_6932,5
TEST_20470,5
TEST_9180,5
TEST_2108,5
TEST_8724,5
TEST_15543,5
TEST_8505,5
TEST_22646,5
TEST_18501,5
TEST_14034,5
TEST_17229,5
TEST_19405,5
TEST_21086,5
TEST_12181,5
TEST_517,5
TEST_2449,5
TEST_5178,5
TEST_1895,5
TEST_28141,5
TEST_13501,5
TEST_26438,5
TEST_28541,5
TEST_22021,5
TEST_8643,5
TEST_27437,5
TEST_28406,5
TEST_10692,5
TEST_18836,5
TEST_4917,5
TEST_11854,5
TEST_17483,5
TEST_1459,5
TEST_13822,5
TEST_14514,5
TEST_9637,5
TEST_13211,5
TEST_7305,5
TEST_18363,5
TEST_9304,5
TEST_25793,5
TEST_1196,5
TEST_23877,5
TEST_14934,5
TEST_15362,5
TEST_29965,5
TEST_1637,5
TEST_24313,5
TEST_801,5
TEST_29391,5
TEST_8899,5
TEST_16617,5
TEST_6404,5
TEST_26496,5
TEST_23280,5
TEST_4292,5
TEST_10514,5
TEST_29358,5
TEST_22394,5
TEST_17511,5
TEST_13687,5
TEST_23405,5
TEST_17871,5
TEST_18948,5
TEST_29555,5
TEST_21567,5
TEST_690,5
TEST_18663,5
TEST_18225,5
TEST_23208,5
TEST_8465,5
TEST_12547,5
TEST_885,5
TEST_28604,5
TEST_10390,5
TEST_6899,5
TEST_314,5
TEST_14153,5
TEST_13015,5
TEST_25853,5
TEST_4782,5
TEST_22436,5
TEST_11311,5
TEST_4060,5
TEST_4390,5
TEST_8455,5
TEST_17865,5
TEST_5284,5
TEST_2776,5
TEST_19261,5
TEST_20296,5
TEST_27831,5
TEST_26236,5
TEST_18554,5
TEST_23072,5
TEST_3145,5
TEST_10649,5
TEST_27835,5
TEST_5118,5
TEST_20028,5
TEST_15106,5
TEST_7907,5
TEST_17356,5
TEST_17641,5
TEST_28875,5
TEST_5241,5
TEST_23177,5
TEST_24261,5
TEST_7080,5
TEST_15739,5
TEST_6107,5
TEST_7029,5
TEST_24987,5
TEST_21338,5
TEST_10348,5
TEST_3996,5
TEST_29344,5
TEST_23107,5
TEST_15986,5
TEST_6162,5
TEST_14333,5
TEST_19218,5
TEST_24600,5
TEST_27270,5
TEST_17427,5
TEST_29426,5
TEST_26928,5
TEST_20739,5
TEST_3372,5
TEST_10234,5
TEST_22628,5
TEST_8228,5
TEST_28195,5
TEST_19155,5
TEST_12588,5
TEST_20832,5
TEST_28133,5
TEST_25328,5
TEST_6250,5
TEST_19060,5
TEST_17662,5
TEST_27709,5
TEST_10953,5
TEST_17614,5
TEST_17823,5
TEST_14980,5
TEST_27467,5
TEST_1888,5
TEST_15469,5
TEST_3791,5
TEST_14627,5
TEST_12677,5
TEST_10981,5
TEST_7980,5
TEST_25421,5
TEST_14553,5
TEST_7261,5
TEST_15782,5
TEST_13819,5
TEST_24190,5
TEST_27204,5
TEST_25706,5
TEST_4428,5
TEST_28456,5
TEST_19136,5
TEST_25243,5
TEST_28974,5
TEST_21249,5
TEST_19506,5
TEST_28237,5
TEST_19244,5
TEST_16648,5
TEST_8076,5
TEST_6954,5
TEST_5256,5
TEST_18347,5
TEST_16555,5
TEST_13271,5
TEST_2008,5
TEST_19997,5
TEST_27616,5
TEST_15638,5
TEST_87,5
TEST_18195,5
TEST_15219,5
TEST_18078,5
TEST_29995,5
TEST_8581,5
TEST_23007,5
TEST_17073,5
TEST_1942,5
TEST_24194,5
TEST_17113,5
TEST_22230,5
TEST_1084,5
TEST_21111,5
TEST_8646,5
TEST_11932,5
TEST_14966,5
TEST_17525,5
TEST_16934,5
TEST_28785,5
TEST_3977,5
TEST_20206,5
TEST_26305,5
TEST_10283,5
TEST_6522,5
TEST_22965,5
TEST_29470,5
TEST_28090,5
TEST_7434,5
TEST_2285,5
TEST_8826,5
TEST_16233,5
TEST_22772,5
TEST_24909,5
TEST_25993,5
TEST_26776,5
TEST_27171,5
TEST_27559,5
TEST_16108,5
TEST_8754,5
TEST_20149,5
TEST_19935,5
TEST_16905,5
TEST_3851,5
TEST_15011,5
TEST_12516,5
TEST_19311,5
TEST_8764,5
TEST_20536,5
TEST_28356,5
TEST_27448,5
TEST_14097,5
TEST_13729,5
TEST_25911,5
TEST_18391,5
TEST_13010,5
TEST_8303,5
TEST_1717,5
TEST_1216,5
TEST_26542,5
TEST_12701,5
TEST_18743,5
TEST_11191,5
TEST_24885,5
TEST_13302,5
TEST_14782,5
TEST_17783,5
TEST_21448,5
TEST_3717,5
TEST_19718,5
TEST_4605,5
TEST_15205,5
TEST_14898,5
TEST_25671,5
TEST_13177,5
TEST_13646,5
TEST_16446,5
TEST_5225,5
TEST_21809,5
TEST_2222,5
TEST_3346,5
TEST_5110,5
TEST_11379,5
TEST_10462,5
TEST_6139,5
TEST_6175,5
TEST_18435,5
TEST_8919,5
TEST_2826,5
TEST_17328,5
TEST_28217,5
TEST_4403,5
TEST_14248,5
TEST_11611,5
TEST_14236,5
TEST_8470,5
TEST_3869,5
TEST_21096,5
TEST_26756,5
TEST_28806,5
TEST_17341,5
TEST_773,5
TEST_4847,5
TEST_12081,5
TEST_2113,5
TEST_14072,5
TEST_23651,5
TEST_27678,5
TEST_5214,5
TEST_17444,5
TEST_18277,5
TEST_15710,5
TEST_1651,5
TEST_2235,5
TEST_26890,5
TEST_28040,5
TEST_6094,5
TEST_23870,5
TEST_29792,5
TEST_7115,5
TEST_21504,5
TEST_3487,5
TEST_15736,5
TEST_4819,5
TEST_7818,5
TEST_25894,5
TEST_23627,5
TEST_20033,5
TEST_6615,5
TEST_26566,5
TEST_22081,5
TEST_1988,5
TEST_16088,5
TEST_22513,5
TEST_28736,5
TEST_18889,5
TEST_555,5
TEST_1698,5
TEST_14744,5
TEST_3549,5
TEST_3713,5
TEST_24011,5
TEST_17428,5
TEST_7681,5
TEST_6004,5
TEST_20264,5
TEST_24251,5
TEST_15412,5
TEST_8152,5
TEST_15100,5
TEST_2088,5
TEST_28783,5
TEST_2321,5
TEST_17431,5
TEST_2191,5
TEST_19531,5
TEST_278,5
TEST_7187,5
TEST_29789,5
TEST_29735,5
TEST_15517,5
TEST_10833,5
TEST_13502,5
TEST_4448,5
TEST_9360,5
TEST_12611,5
TEST_26198,5
TEST_24575,5
TEST_14753,5
TEST_6322,5
TEST_17521,5
TEST_13976,5
TEST_20490,5
TEST_13498,5
TEST_13912,5
TEST_25710,5
TEST_20400,5
TEST_7890,5
TEST_24826,5
TEST_13438,5
TEST_12489,5
TEST_9958,5
TEST_13706,5
TEST_7989,5
TEST_26980,5
TEST_9597,5
TEST_22039,5
TEST_24862,5
TEST_756,5
TEST_10331,5
TEST_5938,5
TEST_26001,5
TEST_15807,5
TEST_12314,5
TEST_29202,5
TEST_13887,5
TEST_16491,5
TEST_16377,5
TEST_6198,5
TEST_7120,5
TEST_19246,5
TEST_28282,5
TEST_18139,5
TEST_5945,5
TEST_11425,5
TEST_17373,5
TEST_4012,5
TEST_25356,5
TEST_4261,5
TEST_17016,5
TEST_9316,5
TEST_29048,5
TEST_29068,5
TEST_15103,5
TEST_12192,5
TEST_3290,5
TEST_3004,5
TEST_21433,5
TEST_28172,5
TEST_23073,5
TEST_11909,5
TEST_21958,5
TEST_20578,5
TEST_23272,5
TEST_27330,5
TEST_20922,5
TEST_8900,5
TEST_13279,5
TEST_2691,5
TEST_19083,5
TEST_20782,5
TEST_8853,5
TEST_24297,5
TEST_10510,5
TEST_15528,5
TEST_27751,5
TEST_16218,5
TEST_18228,5
TEST_17892,5
TEST_12433,5
TEST_9808,5
TEST_15225,5
TEST_6020,5
TEST_10253,5
TEST_487,5
TEST_1854,5
TEST_2681,5
TEST_7585,5
TEST_2236,5
TEST_6104,5
TEST_3048,5
TEST_18786,5
TEST_16595,5
TEST_15037,5
TEST_4944,5
TEST_21916,5
TEST_13764,5
TEST_11572,5
TEST_3157,5
TEST_11690,5
TEST_27730,5
TEST_15297,5
TEST_28511,5
TEST_24130,5
TEST_13725,5
TEST_6839,5
TEST_4753,5
TEST_29265,5
TEST_22176,5
TEST_26420,5
TEST_912,5
TEST_25215,5
TEST_12659,5
TEST_15716,5
TEST_12775,5
TEST_8758,5
TEST_29388,5
TEST_26516,5
TEST_3351,5
TEST_23038,5
TEST_29717,5
TEST_16239,5
TEST_12349,5
TEST_7148,5
TEST_25744,5
TEST_20147,5
TEST_3637,5
TEST_3274,5
TEST_9609,5
TEST_20814,5
TEST_15693,5
TEST_492,5
TEST_13342,5
TEST_2069,5
TEST_11290,5
TEST_6933,5
TEST_21840,5
TEST_24703,5
TEST_21156,5
TEST_27662,5
TEST_2000,5
TEST_5546,5
TEST_2788,5
TEST_20137,5
TEST_1478,5
TEST_5113,5
TEST_842,5
TEST_1016,5
TEST_23731,5
TEST_17043,5
TEST_24073,5
TEST_23959,5
TEST_13523,5
TEST_15426,5
TEST_13763,5
TEST_17894,5
TEST_343,5
TEST_10264,5
TEST_24311,5
TEST_16152,5
TEST_849,5
TEST_14991,5
TEST_18025,5
TEST_15939,5
TEST_8621,5
TEST_1776,5
TEST_9895,5
TEST_17121,5
TEST_8393,5
TEST_22845,5
TEST_8268,5
TEST_5711,5
TEST_8462,5
TEST_724,5
TEST_7105,5
TEST_25318,5
TEST_1577,5
TEST_20920,5
TEST_7663,5
TEST_9778,5
TEST_1501,5
TEST_9844,5
TEST_6881,5
TEST_5321,5
TEST_27656,5
TEST_15583,5
TEST_25511,5
TEST_13051,5
TEST_7990,5
TEST_24452,5
TEST_23235,5
TEST_5610,5
TEST_17767,5
TEST_19976,5
TEST_24648,5
TEST_9288,5
TEST_23764,5
TEST_5169,5
TEST_13593,5
TEST_19428,5
TEST_22359,5
TEST_24239,5
TEST_125,5
TEST_20796,5
TEST_12626,5
TEST_2422,5
TEST_17797,5
TEST_17956,5
TEST_22669,5
TEST_24545,5
TEST_29317,5
TEST_20809,5
TEST_16697,5
TEST_20856,5
TEST_13866,5
TEST_686,5
TEST_8240,5
TEST_12604,5
TEST_23899,5
TEST_22642,5
TEST_29950,5
TEST_25238,5
TEST_6946,5
TEST_3735,5
TEST_13682,5
TEST_6951,5
TEST_7562,5
TEST_12638,5
TEST_27633,5
TEST_21594,5
TEST_14820,5
TEST_3498,5
TEST_4890,5
TEST_28298,5
TEST_10421,5
TEST_20611,5
TEST_6407,5
TEST_8511,5
TEST_27316,5
TEST_10152,5
TEST_26197,5
TEST_24477,5
TEST_9471,5
TEST_15255,5
TEST_19483,5
TEST_1606,5
TEST_884,5
TEST_3424,5
TEST_3573,5
TEST_3827,5
TEST_11861,5
TEST_5810,5
TEST_16762,5
TEST_15877,5
TEST_11026,5
TEST_1908,5
TEST_1103,5
TEST_4375,5
TEST_23203,5
TEST_909,5
TEST_24015,5
TEST_144,5
TEST_18693,5
TEST_3638,5
TEST_26817,5
TEST_3960,5
TEST_21864,5
TEST_5078,5
TEST_18450,5
TEST_13433,5
TEST_18193,5
TEST_1,5
TEST_17679,5
TEST_2887,5
TEST_21272,5
TEST_9640,5
TEST_27347,5
TEST_23022,5
TEST_27742,5
TEST_15390,5
TEST_24042,5
TEST_27433,5
TEST_24104,5
TEST_5618,5
